[
{
    "model": "core.user",
    "pk": 1,
    "fields": {
        "password": "",
        "last_login": null,
        "is_superuser": false,
        "first_name": "",
        "last_name": "",
        "is_staff": false,
        "is_active": true,
        "date_joined": "2022-03-09T22:03:29.916Z",
        "username": "2022-2023-admin@domain.com",
        "email": "2022-2023-admin@domain.com",
        "inserted": "2022-03-09T22:03:29.917Z",
        "updated": "2022-03-09T22:03:29.917Z",
        "groups": [],
        "user_permissions": []
    }
},
{
    "model": "core.user",
    "pk": 2,
    "fields": {
        "password": "",
        "last_login": null,
        "is_superuser": false,
        "first_name": "",
        "last_name": "",
        "is_staff": false,
        "is_active": true,
        "date_joined": "2022-03-09T22:03:29.935Z",
        "username": "2022-2023-hl-vp@domain.com",
        "email": "2022-2023-hl-vp@domain.com",
        "inserted": "2022-03-09T22:03:29.935Z",
        "updated": "2022-03-09T22:03:29.935Z",
        "groups": [],
        "user_permissions": []
    }
},
{
    "model": "core.user",
    "pk": 3,
    "fields": {
        "password": "",
        "last_login": null,
        "is_superuser": false,
        "first_name": "",
        "last_name": "",
        "is_staff": false,
        "is_active": true,
        "date_joined": "2022-03-09T22:03:29.953Z",
        "username": "2022-2023-hl-u10-division@domain.com",
        "email": "2022-2023-hl-u10-division@domain.com",
        "inserted": "2022-03-09T22:03:29.953Z",
        "updated": "2022-03-09T22:03:29.953Z",
        "groups": [],
        "user_permissions": []
    }
},
{
    "model": "core.user",
    "pk": 4,
    "fields": {
        "password": "",
        "last_login": null,
        "is_superuser": false,
        "first_name": "",
        "last_name": "",
        "is_staff": false,
        "is_active": true,
        "date_joined": "2022-03-09T22:03:29.969Z",
        "username": "2022-2023-hl-u10-blue-subdivision@domain.com",
        "email": "2022-2023-hl-u10-blue-subdivision@domain.com",
        "inserted": "2022-03-09T22:03:29.969Z",
        "updated": "2022-03-09T22:03:29.969Z",
        "groups": [],
        "user_permissions": []
    }
},
{
    "model": "core.user",
    "pk": 5,
    "fields": {
        "password": "",
        "last_login": null,
        "is_superuser": false,
        "first_name": "",
        "last_name": "",
        "is_staff": false,
        "is_active": true,
        "date_joined": "2022-03-09T22:03:29.986Z",
        "username": "2022-2023-hl-u10-blue-hl-u10-blue-graham-coach@domain.com",
        "email": "2022-2023-hl-u10-blue-hl-u10-blue-graham-coach@domain.com",
        "inserted": "2022-03-09T22:03:29.987Z",
        "updated": "2022-03-09T22:03:29.987Z",
        "groups": [],
        "user_permissions": []
    }
},
{
    "model": "core.user",
    "pk": 6,
    "fields": {
        "password": "",
        "last_login": null,
        "is_superuser": false,
        "first_name": "",
        "last_name": "",
        "is_staff": false,
        "is_active": true,
        "date_joined": "2022-03-09T22:03:30.003Z",
        "username": "2022-2023-hl-u10-blue-hl-u10-blue-henry-coach@domain.com",
        "email": "2022-2023-hl-u10-blue-hl-u10-blue-henry-coach@domain.com",
        "inserted": "2022-03-09T22:03:30.004Z",
        "updated": "2022-03-09T22:03:30.004Z",
        "groups": [],
        "user_permissions": []
    }
},
{
    "model": "core.user",
    "pk": 7,
    "fields": {
        "password": "",
        "last_login": null,
        "is_superuser": false,
        "first_name": "",
        "last_name": "",
        "is_staff": false,
        "is_active": true,
        "date_joined": "2022-03-09T22:03:30.020Z",
        "username": "2022-2023-hl-u10-white-subdivision@domain.com",
        "email": "2022-2023-hl-u10-white-subdivision@domain.com",
        "inserted": "2022-03-09T22:03:30.021Z",
        "updated": "2022-03-09T22:03:30.021Z",
        "groups": [],
        "user_permissions": []
    }
},
{
    "model": "core.user",
    "pk": 8,
    "fields": {
        "password": "",
        "last_login": null,
        "is_superuser": false,
        "first_name": "",
        "last_name": "",
        "is_staff": false,
        "is_active": true,
        "date_joined": "2022-03-09T22:03:30.037Z",
        "username": "2022-2023-hl-u10-white-hl-u10-white-graham-coach@domain.com",
        "email": "2022-2023-hl-u10-white-hl-u10-white-graham-coach@domain.com",
        "inserted": "2022-03-09T22:03:30.037Z",
        "updated": "2022-03-09T22:03:30.037Z",
        "groups": [],
        "user_permissions": []
    }
},
{
    "model": "core.user",
    "pk": 9,
    "fields": {
        "password": "",
        "last_login": null,
        "is_superuser": false,
        "first_name": "",
        "last_name": "",
        "is_staff": false,
        "is_active": true,
        "date_joined": "2022-03-09T22:03:30.054Z",
        "username": "2022-2023-hl-u10-white-hl-u10-white-henry-coach@domain.com",
        "email": "2022-2023-hl-u10-white-hl-u10-white-henry-coach@domain.com",
        "inserted": "2022-03-09T22:03:30.054Z",
        "updated": "2022-03-09T22:03:30.054Z",
        "groups": [],
        "user_permissions": []
    }
},
{
    "model": "core.user",
    "pk": 10,
    "fields": {
        "password": "",
        "last_login": null,
        "is_superuser": false,
        "first_name": "",
        "last_name": "",
        "is_staff": false,
        "is_active": true,
        "date_joined": "2022-03-09T22:03:30.071Z",
        "username": "2022-2023-hl-u11-division@domain.com",
        "email": "2022-2023-hl-u11-division@domain.com",
        "inserted": "2022-03-09T22:03:30.071Z",
        "updated": "2022-03-09T22:03:30.071Z",
        "groups": [],
        "user_permissions": []
    }
},
{
    "model": "core.user",
    "pk": 11,
    "fields": {
        "password": "",
        "last_login": null,
        "is_superuser": false,
        "first_name": "",
        "last_name": "",
        "is_staff": false,
        "is_active": true,
        "date_joined": "2022-03-09T22:03:30.087Z",
        "username": "2022-2023-hl-u11-blue-subdivision@domain.com",
        "email": "2022-2023-hl-u11-blue-subdivision@domain.com",
        "inserted": "2022-03-09T22:03:30.088Z",
        "updated": "2022-03-09T22:03:30.088Z",
        "groups": [],
        "user_permissions": []
    }
},
{
    "model": "core.user",
    "pk": 12,
    "fields": {
        "password": "",
        "last_login": null,
        "is_superuser": false,
        "first_name": "",
        "last_name": "",
        "is_staff": false,
        "is_active": true,
        "date_joined": "2022-03-09T22:03:30.107Z",
        "username": "2022-2023-hl-u11-blue-hl-u11-blue-graham-coach@domain.com",
        "email": "2022-2023-hl-u11-blue-hl-u11-blue-graham-coach@domain.com",
        "inserted": "2022-03-09T22:03:30.108Z",
        "updated": "2022-03-09T22:03:30.108Z",
        "groups": [],
        "user_permissions": []
    }
},
{
    "model": "core.user",
    "pk": 13,
    "fields": {
        "password": "",
        "last_login": null,
        "is_superuser": false,
        "first_name": "",
        "last_name": "",
        "is_staff": false,
        "is_active": true,
        "date_joined": "2022-03-09T22:03:30.124Z",
        "username": "2022-2023-hl-u11-blue-hl-u11-blue-henry-coach@domain.com",
        "email": "2022-2023-hl-u11-blue-hl-u11-blue-henry-coach@domain.com",
        "inserted": "2022-03-09T22:03:30.124Z",
        "updated": "2022-03-09T22:03:30.124Z",
        "groups": [],
        "user_permissions": []
    }
},
{
    "model": "core.user",
    "pk": 14,
    "fields": {
        "password": "",
        "last_login": null,
        "is_superuser": false,
        "first_name": "",
        "last_name": "",
        "is_staff": false,
        "is_active": true,
        "date_joined": "2022-03-09T22:03:30.141Z",
        "username": "2022-2023-hl-u11-white-subdivision@domain.com",
        "email": "2022-2023-hl-u11-white-subdivision@domain.com",
        "inserted": "2022-03-09T22:03:30.141Z",
        "updated": "2022-03-09T22:03:30.141Z",
        "groups": [],
        "user_permissions": []
    }
},
{
    "model": "core.user",
    "pk": 15,
    "fields": {
        "password": "",
        "last_login": null,
        "is_superuser": false,
        "first_name": "",
        "last_name": "",
        "is_staff": false,
        "is_active": true,
        "date_joined": "2022-03-09T22:03:30.158Z",
        "username": "2022-2023-hl-u11-white-hl-u11-white-graham-coach@domain.com",
        "email": "2022-2023-hl-u11-white-hl-u11-white-graham-coach@domain.com",
        "inserted": "2022-03-09T22:03:30.158Z",
        "updated": "2022-03-09T22:03:30.158Z",
        "groups": [],
        "user_permissions": []
    }
},
{
    "model": "core.user",
    "pk": 16,
    "fields": {
        "password": "",
        "last_login": null,
        "is_superuser": false,
        "first_name": "",
        "last_name": "",
        "is_staff": false,
        "is_active": true,
        "date_joined": "2022-03-09T22:03:30.175Z",
        "username": "2022-2023-hl-u11-white-hl-u11-white-henry-coach@domain.com",
        "email": "2022-2023-hl-u11-white-hl-u11-white-henry-coach@domain.com",
        "inserted": "2022-03-09T22:03:30.175Z",
        "updated": "2022-03-09T22:03:30.175Z",
        "groups": [],
        "user_permissions": []
    }
},
{
    "model": "core.user",
    "pk": 17,
    "fields": {
        "password": "",
        "last_login": null,
        "is_superuser": false,
        "first_name": "",
        "last_name": "",
        "is_staff": false,
        "is_active": true,
        "date_joined": "2022-03-09T22:03:30.190Z",
        "username": "2022-2023-rep-vp@domain.com",
        "email": "2022-2023-rep-vp@domain.com",
        "inserted": "2022-03-09T22:03:30.190Z",
        "updated": "2022-03-09T22:03:30.190Z",
        "groups": [],
        "user_permissions": []
    }
},
{
    "model": "core.user",
    "pk": 18,
    "fields": {
        "password": "",
        "last_login": null,
        "is_superuser": false,
        "first_name": "",
        "last_name": "",
        "is_staff": false,
        "is_active": true,
        "date_joined": "2022-03-09T22:03:30.219Z",
        "username": "2022-2023-rep-u10-division@domain.com",
        "email": "2022-2023-rep-u10-division@domain.com",
        "inserted": "2022-03-09T22:03:30.219Z",
        "updated": "2022-03-09T22:03:30.220Z",
        "groups": [],
        "user_permissions": []
    }
},
{
    "model": "core.user",
    "pk": 19,
    "fields": {
        "password": "",
        "last_login": null,
        "is_superuser": false,
        "first_name": "",
        "last_name": "",
        "is_staff": false,
        "is_active": true,
        "date_joined": "2022-03-09T22:03:30.235Z",
        "username": "2022-2023-rep-u10-a-subdivision@domain.com",
        "email": "2022-2023-rep-u10-a-subdivision@domain.com",
        "inserted": "2022-03-09T22:03:30.235Z",
        "updated": "2022-03-09T22:03:30.235Z",
        "groups": [],
        "user_permissions": []
    }
},
{
    "model": "core.user",
    "pk": 20,
    "fields": {
        "password": "",
        "last_login": null,
        "is_superuser": false,
        "first_name": "",
        "last_name": "",
        "is_staff": false,
        "is_active": true,
        "date_joined": "2022-03-09T22:03:30.251Z",
        "username": "2022-2023-rep-u10-a-rep-u10-a-graham-coach@domain.com",
        "email": "2022-2023-rep-u10-a-rep-u10-a-graham-coach@domain.com",
        "inserted": "2022-03-09T22:03:30.252Z",
        "updated": "2022-03-09T22:03:30.252Z",
        "groups": [],
        "user_permissions": []
    }
},
{
    "model": "core.user",
    "pk": 21,
    "fields": {
        "password": "",
        "last_login": null,
        "is_superuser": false,
        "first_name": "",
        "last_name": "",
        "is_staff": false,
        "is_active": true,
        "date_joined": "2022-03-09T22:03:30.267Z",
        "username": "2022-2023-rep-u10-a-rep-u10-a-henry-coach@domain.com",
        "email": "2022-2023-rep-u10-a-rep-u10-a-henry-coach@domain.com",
        "inserted": "2022-03-09T22:03:30.268Z",
        "updated": "2022-03-09T22:03:30.268Z",
        "groups": [],
        "user_permissions": []
    }
},
{
    "model": "core.user",
    "pk": 22,
    "fields": {
        "password": "",
        "last_login": null,
        "is_superuser": false,
        "first_name": "",
        "last_name": "",
        "is_staff": false,
        "is_active": true,
        "date_joined": "2022-03-09T22:03:30.283Z",
        "username": "2022-2023-rep-u10-aa-subdivision@domain.com",
        "email": "2022-2023-rep-u10-aa-subdivision@domain.com",
        "inserted": "2022-03-09T22:03:30.283Z",
        "updated": "2022-03-09T22:03:30.283Z",
        "groups": [],
        "user_permissions": []
    }
},
{
    "model": "core.user",
    "pk": 23,
    "fields": {
        "password": "",
        "last_login": null,
        "is_superuser": false,
        "first_name": "",
        "last_name": "",
        "is_staff": false,
        "is_active": true,
        "date_joined": "2022-03-09T22:03:30.300Z",
        "username": "2022-2023-rep-u10-aa-rep-u10-aa-graham-coach@domain.com",
        "email": "2022-2023-rep-u10-aa-rep-u10-aa-graham-coach@domain.com",
        "inserted": "2022-03-09T22:03:30.301Z",
        "updated": "2022-03-09T22:03:30.301Z",
        "groups": [],
        "user_permissions": []
    }
},
{
    "model": "core.user",
    "pk": 24,
    "fields": {
        "password": "",
        "last_login": null,
        "is_superuser": false,
        "first_name": "",
        "last_name": "",
        "is_staff": false,
        "is_active": true,
        "date_joined": "2022-03-09T22:03:30.317Z",
        "username": "2022-2023-rep-u10-aa-rep-u10-aa-henry-coach@domain.com",
        "email": "2022-2023-rep-u10-aa-rep-u10-aa-henry-coach@domain.com",
        "inserted": "2022-03-09T22:03:30.318Z",
        "updated": "2022-03-09T22:03:30.318Z",
        "groups": [],
        "user_permissions": []
    }
},
{
    "model": "core.user",
    "pk": 25,
    "fields": {
        "password": "",
        "last_login": null,
        "is_superuser": false,
        "first_name": "",
        "last_name": "",
        "is_staff": false,
        "is_active": true,
        "date_joined": "2022-03-09T22:03:30.334Z",
        "username": "2022-2023-rep-u11-division@domain.com",
        "email": "2022-2023-rep-u11-division@domain.com",
        "inserted": "2022-03-09T22:03:30.334Z",
        "updated": "2022-03-09T22:03:30.334Z",
        "groups": [],
        "user_permissions": []
    }
},
{
    "model": "core.user",
    "pk": 26,
    "fields": {
        "password": "",
        "last_login": null,
        "is_superuser": false,
        "first_name": "",
        "last_name": "",
        "is_staff": false,
        "is_active": true,
        "date_joined": "2022-03-09T22:03:30.349Z",
        "username": "2022-2023-rep-u11-a-subdivision@domain.com",
        "email": "2022-2023-rep-u11-a-subdivision@domain.com",
        "inserted": "2022-03-09T22:03:30.350Z",
        "updated": "2022-03-09T22:03:30.350Z",
        "groups": [],
        "user_permissions": []
    }
},
{
    "model": "core.user",
    "pk": 27,
    "fields": {
        "password": "",
        "last_login": null,
        "is_superuser": false,
        "first_name": "",
        "last_name": "",
        "is_staff": false,
        "is_active": true,
        "date_joined": "2022-03-09T22:03:30.365Z",
        "username": "2022-2023-rep-u11-a-rep-u11-a-graham-coach@domain.com",
        "email": "2022-2023-rep-u11-a-rep-u11-a-graham-coach@domain.com",
        "inserted": "2022-03-09T22:03:30.366Z",
        "updated": "2022-03-09T22:03:30.366Z",
        "groups": [],
        "user_permissions": []
    }
},
{
    "model": "core.user",
    "pk": 28,
    "fields": {
        "password": "",
        "last_login": null,
        "is_superuser": false,
        "first_name": "",
        "last_name": "",
        "is_staff": false,
        "is_active": true,
        "date_joined": "2022-03-09T22:03:30.384Z",
        "username": "2022-2023-rep-u11-a-rep-u11-a-henry-coach@domain.com",
        "email": "2022-2023-rep-u11-a-rep-u11-a-henry-coach@domain.com",
        "inserted": "2022-03-09T22:03:30.384Z",
        "updated": "2022-03-09T22:03:30.384Z",
        "groups": [],
        "user_permissions": []
    }
},
{
    "model": "core.user",
    "pk": 29,
    "fields": {
        "password": "",
        "last_login": null,
        "is_superuser": false,
        "first_name": "",
        "last_name": "",
        "is_staff": false,
        "is_active": true,
        "date_joined": "2022-03-09T22:03:30.402Z",
        "username": "2022-2023-rep-u11-aa-subdivision@domain.com",
        "email": "2022-2023-rep-u11-aa-subdivision@domain.com",
        "inserted": "2022-03-09T22:03:30.402Z",
        "updated": "2022-03-09T22:03:30.403Z",
        "groups": [],
        "user_permissions": []
    }
},
{
    "model": "core.user",
    "pk": 30,
    "fields": {
        "password": "",
        "last_login": null,
        "is_superuser": false,
        "first_name": "",
        "last_name": "",
        "is_staff": false,
        "is_active": true,
        "date_joined": "2022-03-09T22:03:30.423Z",
        "username": "2022-2023-rep-u11-aa-rep-u11-aa-graham-coach@domain.com",
        "email": "2022-2023-rep-u11-aa-rep-u11-aa-graham-coach@domain.com",
        "inserted": "2022-03-09T22:03:30.424Z",
        "updated": "2022-03-09T22:03:30.424Z",
        "groups": [],
        "user_permissions": []
    }
},
{
    "model": "core.user",
    "pk": 31,
    "fields": {
        "password": "",
        "last_login": null,
        "is_superuser": false,
        "first_name": "",
        "last_name": "",
        "is_staff": false,
        "is_active": true,
        "date_joined": "2022-03-09T22:03:30.441Z",
        "username": "2022-2023-rep-u11-aa-rep-u11-aa-henry-coach@domain.com",
        "email": "2022-2023-rep-u11-aa-rep-u11-aa-henry-coach@domain.com",
        "inserted": "2022-03-09T22:03:30.442Z",
        "updated": "2022-03-09T22:03:30.442Z",
        "groups": [],
        "user_permissions": []
    }
},
{
    "model": "core.user",
    "pk": 32,
    "fields": {
        "password": "",
        "last_login": null,
        "is_superuser": false,
        "first_name": "",
        "last_name": "",
        "is_staff": false,
        "is_active": true,
        "date_joined": "2022-03-09T22:03:30.459Z",
        "username": "2023-2024-admin@domain.com",
        "email": "2023-2024-admin@domain.com",
        "inserted": "2022-03-09T22:03:30.459Z",
        "updated": "2022-03-09T22:03:30.459Z",
        "groups": [],
        "user_permissions": []
    }
},
{
    "model": "core.user",
    "pk": 33,
    "fields": {
        "password": "",
        "last_login": null,
        "is_superuser": false,
        "first_name": "",
        "last_name": "",
        "is_staff": false,
        "is_active": true,
        "date_joined": "2022-03-09T22:03:30.475Z",
        "username": "2023-2024-hl-vp@domain.com",
        "email": "2023-2024-hl-vp@domain.com",
        "inserted": "2022-03-09T22:03:30.475Z",
        "updated": "2022-03-09T22:03:30.476Z",
        "groups": [],
        "user_permissions": []
    }
},
{
    "model": "core.user",
    "pk": 34,
    "fields": {
        "password": "",
        "last_login": null,
        "is_superuser": false,
        "first_name": "",
        "last_name": "",
        "is_staff": false,
        "is_active": true,
        "date_joined": "2022-03-09T22:03:30.492Z",
        "username": "2023-2024-hl-u10-division@domain.com",
        "email": "2023-2024-hl-u10-division@domain.com",
        "inserted": "2022-03-09T22:03:30.492Z",
        "updated": "2022-03-09T22:03:30.492Z",
        "groups": [],
        "user_permissions": []
    }
},
{
    "model": "core.user",
    "pk": 35,
    "fields": {
        "password": "",
        "last_login": null,
        "is_superuser": false,
        "first_name": "",
        "last_name": "",
        "is_staff": false,
        "is_active": true,
        "date_joined": "2022-03-09T22:03:30.509Z",
        "username": "2023-2024-hl-u10-blue-subdivision@domain.com",
        "email": "2023-2024-hl-u10-blue-subdivision@domain.com",
        "inserted": "2022-03-09T22:03:30.510Z",
        "updated": "2022-03-09T22:03:30.510Z",
        "groups": [],
        "user_permissions": []
    }
},
{
    "model": "core.user",
    "pk": 36,
    "fields": {
        "password": "",
        "last_login": null,
        "is_superuser": false,
        "first_name": "",
        "last_name": "",
        "is_staff": false,
        "is_active": true,
        "date_joined": "2022-03-09T22:03:30.526Z",
        "username": "2023-2024-hl-u10-blue-hl-u10-blue-graham-coach@domain.com",
        "email": "2023-2024-hl-u10-blue-hl-u10-blue-graham-coach@domain.com",
        "inserted": "2022-03-09T22:03:30.526Z",
        "updated": "2022-03-09T22:03:30.526Z",
        "groups": [],
        "user_permissions": []
    }
},
{
    "model": "core.user",
    "pk": 37,
    "fields": {
        "password": "",
        "last_login": null,
        "is_superuser": false,
        "first_name": "",
        "last_name": "",
        "is_staff": false,
        "is_active": true,
        "date_joined": "2022-03-09T22:03:30.544Z",
        "username": "2023-2024-hl-u10-blue-hl-u10-blue-henry-coach@domain.com",
        "email": "2023-2024-hl-u10-blue-hl-u10-blue-henry-coach@domain.com",
        "inserted": "2022-03-09T22:03:30.544Z",
        "updated": "2022-03-09T22:03:30.544Z",
        "groups": [],
        "user_permissions": []
    }
},
{
    "model": "core.user",
    "pk": 38,
    "fields": {
        "password": "",
        "last_login": null,
        "is_superuser": false,
        "first_name": "",
        "last_name": "",
        "is_staff": false,
        "is_active": true,
        "date_joined": "2022-03-09T22:03:30.563Z",
        "username": "2023-2024-hl-u10-white-subdivision@domain.com",
        "email": "2023-2024-hl-u10-white-subdivision@domain.com",
        "inserted": "2022-03-09T22:03:30.563Z",
        "updated": "2022-03-09T22:03:30.563Z",
        "groups": [],
        "user_permissions": []
    }
},
{
    "model": "core.user",
    "pk": 39,
    "fields": {
        "password": "",
        "last_login": null,
        "is_superuser": false,
        "first_name": "",
        "last_name": "",
        "is_staff": false,
        "is_active": true,
        "date_joined": "2022-03-09T22:03:30.581Z",
        "username": "2023-2024-hl-u10-white-hl-u10-white-graham-coach@domain.com",
        "email": "2023-2024-hl-u10-white-hl-u10-white-graham-coach@domain.com",
        "inserted": "2022-03-09T22:03:30.581Z",
        "updated": "2022-03-09T22:03:30.581Z",
        "groups": [],
        "user_permissions": []
    }
},
{
    "model": "core.user",
    "pk": 40,
    "fields": {
        "password": "",
        "last_login": null,
        "is_superuser": false,
        "first_name": "",
        "last_name": "",
        "is_staff": false,
        "is_active": true,
        "date_joined": "2022-03-09T22:03:30.601Z",
        "username": "2023-2024-hl-u10-white-hl-u10-white-henry-coach@domain.com",
        "email": "2023-2024-hl-u10-white-hl-u10-white-henry-coach@domain.com",
        "inserted": "2022-03-09T22:03:30.601Z",
        "updated": "2022-03-09T22:03:30.601Z",
        "groups": [],
        "user_permissions": []
    }
},
{
    "model": "core.user",
    "pk": 41,
    "fields": {
        "password": "",
        "last_login": null,
        "is_superuser": false,
        "first_name": "",
        "last_name": "",
        "is_staff": false,
        "is_active": true,
        "date_joined": "2022-03-09T22:03:30.619Z",
        "username": "2023-2024-hl-u11-division@domain.com",
        "email": "2023-2024-hl-u11-division@domain.com",
        "inserted": "2022-03-09T22:03:30.620Z",
        "updated": "2022-03-09T22:03:30.620Z",
        "groups": [],
        "user_permissions": []
    }
},
{
    "model": "core.user",
    "pk": 42,
    "fields": {
        "password": "",
        "last_login": null,
        "is_superuser": false,
        "first_name": "",
        "last_name": "",
        "is_staff": false,
        "is_active": true,
        "date_joined": "2022-03-09T22:03:30.637Z",
        "username": "2023-2024-hl-u11-blue-subdivision@domain.com",
        "email": "2023-2024-hl-u11-blue-subdivision@domain.com",
        "inserted": "2022-03-09T22:03:30.637Z",
        "updated": "2022-03-09T22:03:30.637Z",
        "groups": [],
        "user_permissions": []
    }
},
{
    "model": "core.user",
    "pk": 43,
    "fields": {
        "password": "",
        "last_login": null,
        "is_superuser": false,
        "first_name": "",
        "last_name": "",
        "is_staff": false,
        "is_active": true,
        "date_joined": "2022-03-09T22:03:30.656Z",
        "username": "2023-2024-hl-u11-blue-hl-u11-blue-graham-coach@domain.com",
        "email": "2023-2024-hl-u11-blue-hl-u11-blue-graham-coach@domain.com",
        "inserted": "2022-03-09T22:03:30.656Z",
        "updated": "2022-03-09T22:03:30.656Z",
        "groups": [],
        "user_permissions": []
    }
},
{
    "model": "core.user",
    "pk": 44,
    "fields": {
        "password": "",
        "last_login": null,
        "is_superuser": false,
        "first_name": "",
        "last_name": "",
        "is_staff": false,
        "is_active": true,
        "date_joined": "2022-03-09T22:03:30.674Z",
        "username": "2023-2024-hl-u11-blue-hl-u11-blue-henry-coach@domain.com",
        "email": "2023-2024-hl-u11-blue-hl-u11-blue-henry-coach@domain.com",
        "inserted": "2022-03-09T22:03:30.674Z",
        "updated": "2022-03-09T22:03:30.674Z",
        "groups": [],
        "user_permissions": []
    }
},
{
    "model": "core.user",
    "pk": 45,
    "fields": {
        "password": "",
        "last_login": null,
        "is_superuser": false,
        "first_name": "",
        "last_name": "",
        "is_staff": false,
        "is_active": true,
        "date_joined": "2022-03-09T22:03:30.694Z",
        "username": "2023-2024-hl-u11-white-subdivision@domain.com",
        "email": "2023-2024-hl-u11-white-subdivision@domain.com",
        "inserted": "2022-03-09T22:03:30.694Z",
        "updated": "2022-03-09T22:03:30.694Z",
        "groups": [],
        "user_permissions": []
    }
},
{
    "model": "core.user",
    "pk": 46,
    "fields": {
        "password": "",
        "last_login": null,
        "is_superuser": false,
        "first_name": "",
        "last_name": "",
        "is_staff": false,
        "is_active": true,
        "date_joined": "2022-03-09T22:03:30.713Z",
        "username": "2023-2024-hl-u11-white-hl-u11-white-graham-coach@domain.com",
        "email": "2023-2024-hl-u11-white-hl-u11-white-graham-coach@domain.com",
        "inserted": "2022-03-09T22:03:30.713Z",
        "updated": "2022-03-09T22:03:30.713Z",
        "groups": [],
        "user_permissions": []
    }
},
{
    "model": "core.user",
    "pk": 47,
    "fields": {
        "password": "",
        "last_login": null,
        "is_superuser": false,
        "first_name": "",
        "last_name": "",
        "is_staff": false,
        "is_active": true,
        "date_joined": "2022-03-09T22:03:30.729Z",
        "username": "2023-2024-hl-u11-white-hl-u11-white-henry-coach@domain.com",
        "email": "2023-2024-hl-u11-white-hl-u11-white-henry-coach@domain.com",
        "inserted": "2022-03-09T22:03:30.729Z",
        "updated": "2022-03-09T22:03:30.729Z",
        "groups": [],
        "user_permissions": []
    }
},
{
    "model": "core.user",
    "pk": 48,
    "fields": {
        "password": "",
        "last_login": null,
        "is_superuser": false,
        "first_name": "",
        "last_name": "",
        "is_staff": false,
        "is_active": true,
        "date_joined": "2022-03-09T22:03:30.748Z",
        "username": "2023-2024-rep-vp@domain.com",
        "email": "2023-2024-rep-vp@domain.com",
        "inserted": "2022-03-09T22:03:30.748Z",
        "updated": "2022-03-09T22:03:30.748Z",
        "groups": [],
        "user_permissions": []
    }
},
{
    "model": "core.user",
    "pk": 49,
    "fields": {
        "password": "",
        "last_login": null,
        "is_superuser": false,
        "first_name": "",
        "last_name": "",
        "is_staff": false,
        "is_active": true,
        "date_joined": "2022-03-09T22:03:30.766Z",
        "username": "2023-2024-rep-u10-division@domain.com",
        "email": "2023-2024-rep-u10-division@domain.com",
        "inserted": "2022-03-09T22:03:30.767Z",
        "updated": "2022-03-09T22:03:30.767Z",
        "groups": [],
        "user_permissions": []
    }
},
{
    "model": "core.user",
    "pk": 50,
    "fields": {
        "password": "",
        "last_login": null,
        "is_superuser": false,
        "first_name": "",
        "last_name": "",
        "is_staff": false,
        "is_active": true,
        "date_joined": "2022-03-09T22:03:30.783Z",
        "username": "2023-2024-rep-u10-a-subdivision@domain.com",
        "email": "2023-2024-rep-u10-a-subdivision@domain.com",
        "inserted": "2022-03-09T22:03:30.784Z",
        "updated": "2022-03-09T22:03:30.784Z",
        "groups": [],
        "user_permissions": []
    }
},
{
    "model": "core.user",
    "pk": 51,
    "fields": {
        "password": "",
        "last_login": null,
        "is_superuser": false,
        "first_name": "",
        "last_name": "",
        "is_staff": false,
        "is_active": true,
        "date_joined": "2022-03-09T22:03:30.801Z",
        "username": "2023-2024-rep-u10-a-rep-u10-a-graham-coach@domain.com",
        "email": "2023-2024-rep-u10-a-rep-u10-a-graham-coach@domain.com",
        "inserted": "2022-03-09T22:03:30.802Z",
        "updated": "2022-03-09T22:03:30.802Z",
        "groups": [],
        "user_permissions": []
    }
},
{
    "model": "core.user",
    "pk": 52,
    "fields": {
        "password": "",
        "last_login": null,
        "is_superuser": false,
        "first_name": "",
        "last_name": "",
        "is_staff": false,
        "is_active": true,
        "date_joined": "2022-03-09T22:03:30.821Z",
        "username": "2023-2024-rep-u10-a-rep-u10-a-henry-coach@domain.com",
        "email": "2023-2024-rep-u10-a-rep-u10-a-henry-coach@domain.com",
        "inserted": "2022-03-09T22:03:30.821Z",
        "updated": "2022-03-09T22:03:30.821Z",
        "groups": [],
        "user_permissions": []
    }
},
{
    "model": "core.user",
    "pk": 53,
    "fields": {
        "password": "",
        "last_login": null,
        "is_superuser": false,
        "first_name": "",
        "last_name": "",
        "is_staff": false,
        "is_active": true,
        "date_joined": "2022-03-09T22:03:30.840Z",
        "username": "2023-2024-rep-u10-aa-subdivision@domain.com",
        "email": "2023-2024-rep-u10-aa-subdivision@domain.com",
        "inserted": "2022-03-09T22:03:30.840Z",
        "updated": "2022-03-09T22:03:30.840Z",
        "groups": [],
        "user_permissions": []
    }
},
{
    "model": "core.user",
    "pk": 54,
    "fields": {
        "password": "",
        "last_login": null,
        "is_superuser": false,
        "first_name": "",
        "last_name": "",
        "is_staff": false,
        "is_active": true,
        "date_joined": "2022-03-09T22:03:30.857Z",
        "username": "2023-2024-rep-u10-aa-rep-u10-aa-graham-coach@domain.com",
        "email": "2023-2024-rep-u10-aa-rep-u10-aa-graham-coach@domain.com",
        "inserted": "2022-03-09T22:03:30.857Z",
        "updated": "2022-03-09T22:03:30.857Z",
        "groups": [],
        "user_permissions": []
    }
},
{
    "model": "core.user",
    "pk": 55,
    "fields": {
        "password": "",
        "last_login": null,
        "is_superuser": false,
        "first_name": "",
        "last_name": "",
        "is_staff": false,
        "is_active": true,
        "date_joined": "2022-03-09T22:03:30.875Z",
        "username": "2023-2024-rep-u10-aa-rep-u10-aa-henry-coach@domain.com",
        "email": "2023-2024-rep-u10-aa-rep-u10-aa-henry-coach@domain.com",
        "inserted": "2022-03-09T22:03:30.875Z",
        "updated": "2022-03-09T22:03:30.875Z",
        "groups": [],
        "user_permissions": []
    }
},
{
    "model": "core.user",
    "pk": 56,
    "fields": {
        "password": "",
        "last_login": null,
        "is_superuser": false,
        "first_name": "",
        "last_name": "",
        "is_staff": false,
        "is_active": true,
        "date_joined": "2022-03-09T22:03:30.893Z",
        "username": "2023-2024-rep-u11-division@domain.com",
        "email": "2023-2024-rep-u11-division@domain.com",
        "inserted": "2022-03-09T22:03:30.893Z",
        "updated": "2022-03-09T22:03:30.894Z",
        "groups": [],
        "user_permissions": []
    }
},
{
    "model": "core.user",
    "pk": 57,
    "fields": {
        "password": "",
        "last_login": null,
        "is_superuser": false,
        "first_name": "",
        "last_name": "",
        "is_staff": false,
        "is_active": true,
        "date_joined": "2022-03-09T22:03:30.910Z",
        "username": "2023-2024-rep-u11-a-subdivision@domain.com",
        "email": "2023-2024-rep-u11-a-subdivision@domain.com",
        "inserted": "2022-03-09T22:03:30.911Z",
        "updated": "2022-03-09T22:03:30.911Z",
        "groups": [],
        "user_permissions": []
    }
},
{
    "model": "core.user",
    "pk": 58,
    "fields": {
        "password": "",
        "last_login": null,
        "is_superuser": false,
        "first_name": "",
        "last_name": "",
        "is_staff": false,
        "is_active": true,
        "date_joined": "2022-03-09T22:03:30.928Z",
        "username": "2023-2024-rep-u11-a-rep-u11-a-graham-coach@domain.com",
        "email": "2023-2024-rep-u11-a-rep-u11-a-graham-coach@domain.com",
        "inserted": "2022-03-09T22:03:30.929Z",
        "updated": "2022-03-09T22:03:30.929Z",
        "groups": [],
        "user_permissions": []
    }
},
{
    "model": "core.user",
    "pk": 59,
    "fields": {
        "password": "",
        "last_login": null,
        "is_superuser": false,
        "first_name": "",
        "last_name": "",
        "is_staff": false,
        "is_active": true,
        "date_joined": "2022-03-09T22:03:30.947Z",
        "username": "2023-2024-rep-u11-a-rep-u11-a-henry-coach@domain.com",
        "email": "2023-2024-rep-u11-a-rep-u11-a-henry-coach@domain.com",
        "inserted": "2022-03-09T22:03:30.948Z",
        "updated": "2022-03-09T22:03:30.948Z",
        "groups": [],
        "user_permissions": []
    }
},
{
    "model": "core.user",
    "pk": 60,
    "fields": {
        "password": "",
        "last_login": null,
        "is_superuser": false,
        "first_name": "",
        "last_name": "",
        "is_staff": false,
        "is_active": true,
        "date_joined": "2022-03-09T22:03:30.965Z",
        "username": "2023-2024-rep-u11-aa-subdivision@domain.com",
        "email": "2023-2024-rep-u11-aa-subdivision@domain.com",
        "inserted": "2022-03-09T22:03:30.966Z",
        "updated": "2022-03-09T22:03:30.966Z",
        "groups": [],
        "user_permissions": []
    }
},
{
    "model": "core.user",
    "pk": 61,
    "fields": {
        "password": "",
        "last_login": null,
        "is_superuser": false,
        "first_name": "",
        "last_name": "",
        "is_staff": false,
        "is_active": true,
        "date_joined": "2022-03-09T22:03:30.982Z",
        "username": "2023-2024-rep-u11-aa-rep-u11-aa-graham-coach@domain.com",
        "email": "2023-2024-rep-u11-aa-rep-u11-aa-graham-coach@domain.com",
        "inserted": "2022-03-09T22:03:30.983Z",
        "updated": "2022-03-09T22:03:30.983Z",
        "groups": [],
        "user_permissions": []
    }
},
{
    "model": "core.user",
    "pk": 62,
    "fields": {
        "password": "",
        "last_login": null,
        "is_superuser": false,
        "first_name": "",
        "last_name": "",
        "is_staff": false,
        "is_active": true,
        "date_joined": "2022-03-09T22:03:31.000Z",
        "username": "2023-2024-rep-u11-aa-rep-u11-aa-henry-coach@domain.com",
        "email": "2023-2024-rep-u11-aa-rep-u11-aa-henry-coach@domain.com",
        "inserted": "2022-03-09T22:03:31.000Z",
        "updated": "2022-03-09T22:03:31.000Z",
        "groups": [],
        "user_permissions": []
    }
},
{
    "model": "core.season",
    "pk": 1,
    "fields": {
        "old_sk_id": null,
        "inserted": "2022-03-09T22:03:29.910Z",
        "updated": "2022-03-09T22:03:29.910Z",
        "hockey_canada_id": null,
        "hockey_canada_system_id": null,
        "name": "2022-2023",
        "start": "2022-09-01",
        "end": "2023-08-31",
        "mbs_id": 0,
        "gsi_id": 0
    }
},
{
    "model": "core.season",
    "pk": 2,
    "fields": {
        "old_sk_id": null,
        "inserted": "2022-03-09T22:03:30.454Z",
        "updated": "2022-03-09T22:03:30.454Z",
        "hockey_canada_id": null,
        "hockey_canada_system_id": null,
        "name": "2023-2024",
        "start": "2023-09-01",
        "end": "2024-08-31",
        "mbs_id": 0,
        "gsi_id": 0
    }
},
{
    "model": "core.league",
    "pk": 1,
    "fields": {
        "old_sk_id": null,
        "inserted": "2022-03-09T22:03:29.929Z",
        "updated": "2022-03-09T22:03:29.929Z",
        "hockey_canada_id": null,
        "hockey_canada_system_id": null,
        "season": 1,
        "name": "HL",
        "weight": 0
    }
},
{
    "model": "core.league",
    "pk": 2,
    "fields": {
        "old_sk_id": null,
        "inserted": "2022-03-09T22:03:30.184Z",
        "updated": "2022-03-09T22:03:30.184Z",
        "hockey_canada_id": null,
        "hockey_canada_system_id": null,
        "season": 1,
        "name": "REP",
        "weight": 1
    }
},
{
    "model": "core.league",
    "pk": 3,
    "fields": {
        "old_sk_id": null,
        "inserted": "2022-03-09T22:03:30.469Z",
        "updated": "2022-03-09T22:03:30.469Z",
        "hockey_canada_id": null,
        "hockey_canada_system_id": null,
        "season": 2,
        "name": "HL",
        "weight": 0
    }
},
{
    "model": "core.league",
    "pk": 4,
    "fields": {
        "old_sk_id": null,
        "inserted": "2022-03-09T22:03:30.741Z",
        "updated": "2022-03-09T22:03:30.741Z",
        "hockey_canada_id": null,
        "hockey_canada_system_id": null,
        "season": 2,
        "name": "REP",
        "weight": 1
    }
},
{
    "model": "core.division",
    "pk": 1,
    "fields": {
        "old_sk_id": null,
        "inserted": "2022-03-09T22:03:29.946Z",
        "updated": "2022-03-09T22:03:29.946Z",
        "hockey_canada_id": null,
        "hockey_canada_system_id": null,
        "season": 1,
        "league": 1,
        "name": "U10",
        "age_from": 0,
        "age_to": 0,
        "weight": 0
    }
},
{
    "model": "core.division",
    "pk": 2,
    "fields": {
        "old_sk_id": null,
        "inserted": "2022-03-09T22:03:30.065Z",
        "updated": "2022-03-09T22:03:30.065Z",
        "hockey_canada_id": null,
        "hockey_canada_system_id": null,
        "season": 1,
        "league": 1,
        "name": "U11",
        "age_from": 0,
        "age_to": 0,
        "weight": 1
    }
},
{
    "model": "core.division",
    "pk": 3,
    "fields": {
        "old_sk_id": null,
        "inserted": "2022-03-09T22:03:30.210Z",
        "updated": "2022-03-09T22:03:30.210Z",
        "hockey_canada_id": null,
        "hockey_canada_system_id": null,
        "season": 1,
        "league": 2,
        "name": "U10",
        "age_from": 0,
        "age_to": 0,
        "weight": 2
    }
},
{
    "model": "core.division",
    "pk": 4,
    "fields": {
        "old_sk_id": null,
        "inserted": "2022-03-09T22:03:30.328Z",
        "updated": "2022-03-09T22:03:30.328Z",
        "hockey_canada_id": null,
        "hockey_canada_system_id": null,
        "season": 1,
        "league": 2,
        "name": "U11",
        "age_from": 0,
        "age_to": 0,
        "weight": 3
    }
},
{
    "model": "core.division",
    "pk": 5,
    "fields": {
        "old_sk_id": null,
        "inserted": "2022-03-09T22:03:30.486Z",
        "updated": "2022-03-09T22:03:30.486Z",
        "hockey_canada_id": null,
        "hockey_canada_system_id": null,
        "season": 2,
        "league": 3,
        "name": "U10",
        "age_from": 0,
        "age_to": 0,
        "weight": 0
    }
},
{
    "model": "core.division",
    "pk": 6,
    "fields": {
        "old_sk_id": null,
        "inserted": "2022-03-09T22:03:30.613Z",
        "updated": "2022-03-09T22:03:30.613Z",
        "hockey_canada_id": null,
        "hockey_canada_system_id": null,
        "season": 2,
        "league": 3,
        "name": "U11",
        "age_from": 0,
        "age_to": 0,
        "weight": 1
    }
},
{
    "model": "core.division",
    "pk": 7,
    "fields": {
        "old_sk_id": null,
        "inserted": "2022-03-09T22:03:30.760Z",
        "updated": "2022-03-09T22:03:30.760Z",
        "hockey_canada_id": null,
        "hockey_canada_system_id": null,
        "season": 2,
        "league": 4,
        "name": "U10",
        "age_from": 0,
        "age_to": 0,
        "weight": 2
    }
},
{
    "model": "core.division",
    "pk": 8,
    "fields": {
        "old_sk_id": null,
        "inserted": "2022-03-09T22:03:30.886Z",
        "updated": "2022-03-09T22:03:30.886Z",
        "hockey_canada_id": null,
        "hockey_canada_system_id": null,
        "season": 2,
        "league": 4,
        "name": "U11",
        "age_from": 0,
        "age_to": 0,
        "weight": 3
    }
},
{
    "model": "core.subdivision",
    "pk": 1,
    "fields": {
        "old_sk_id": null,
        "inserted": "2022-03-09T22:03:29.963Z",
        "updated": "2022-03-09T22:03:29.964Z",
        "hockey_canada_id": null,
        "hockey_canada_system_id": null,
        "season": 1,
        "league": 1,
        "division": 1,
        "name": "Blue",
        "weight": 0,
        "body_checking": false
    }
},
{
    "model": "core.subdivision",
    "pk": 2,
    "fields": {
        "old_sk_id": null,
        "inserted": "2022-03-09T22:03:30.015Z",
        "updated": "2022-03-09T22:03:30.015Z",
        "hockey_canada_id": null,
        "hockey_canada_system_id": null,
        "season": 1,
        "league": 1,
        "division": 1,
        "name": "White",
        "weight": 1,
        "body_checking": false
    }
},
{
    "model": "core.subdivision",
    "pk": 3,
    "fields": {
        "old_sk_id": null,
        "inserted": "2022-03-09T22:03:30.082Z",
        "updated": "2022-03-09T22:03:30.082Z",
        "hockey_canada_id": null,
        "hockey_canada_system_id": null,
        "season": 1,
        "league": 1,
        "division": 2,
        "name": "Blue",
        "weight": 2,
        "body_checking": false
    }
},
{
    "model": "core.subdivision",
    "pk": 4,
    "fields": {
        "old_sk_id": null,
        "inserted": "2022-03-09T22:03:30.135Z",
        "updated": "2022-03-09T22:03:30.135Z",
        "hockey_canada_id": null,
        "hockey_canada_system_id": null,
        "season": 1,
        "league": 1,
        "division": 2,
        "name": "White",
        "weight": 3,
        "body_checking": false
    }
},
{
    "model": "core.subdivision",
    "pk": 5,
    "fields": {
        "old_sk_id": null,
        "inserted": "2022-03-09T22:03:30.229Z",
        "updated": "2022-03-09T22:03:30.229Z",
        "hockey_canada_id": null,
        "hockey_canada_system_id": null,
        "season": 1,
        "league": 2,
        "division": 3,
        "name": "A",
        "weight": 4,
        "body_checking": false
    }
},
{
    "model": "core.subdivision",
    "pk": 6,
    "fields": {
        "old_sk_id": null,
        "inserted": "2022-03-09T22:03:30.278Z",
        "updated": "2022-03-09T22:03:30.278Z",
        "hockey_canada_id": null,
        "hockey_canada_system_id": null,
        "season": 1,
        "league": 2,
        "division": 3,
        "name": "AA",
        "weight": 5,
        "body_checking": false
    }
},
{
    "model": "core.subdivision",
    "pk": 7,
    "fields": {
        "old_sk_id": null,
        "inserted": "2022-03-09T22:03:30.344Z",
        "updated": "2022-03-09T22:03:30.344Z",
        "hockey_canada_id": null,
        "hockey_canada_system_id": null,
        "season": 1,
        "league": 2,
        "division": 4,
        "name": "A",
        "weight": 6,
        "body_checking": false
    }
},
{
    "model": "core.subdivision",
    "pk": 8,
    "fields": {
        "old_sk_id": null,
        "inserted": "2022-03-09T22:03:30.395Z",
        "updated": "2022-03-09T22:03:30.396Z",
        "hockey_canada_id": null,
        "hockey_canada_system_id": null,
        "season": 1,
        "league": 2,
        "division": 4,
        "name": "AA",
        "weight": 7,
        "body_checking": false
    }
},
{
    "model": "core.subdivision",
    "pk": 9,
    "fields": {
        "old_sk_id": null,
        "inserted": "2022-03-09T22:03:30.503Z",
        "updated": "2022-03-09T22:03:30.503Z",
        "hockey_canada_id": null,
        "hockey_canada_system_id": null,
        "season": 2,
        "league": 3,
        "division": 5,
        "name": "Blue",
        "weight": 0,
        "body_checking": false
    }
},
{
    "model": "core.subdivision",
    "pk": 10,
    "fields": {
        "old_sk_id": null,
        "inserted": "2022-03-09T22:03:30.556Z",
        "updated": "2022-03-09T22:03:30.556Z",
        "hockey_canada_id": null,
        "hockey_canada_system_id": null,
        "season": 2,
        "league": 3,
        "division": 5,
        "name": "White",
        "weight": 1,
        "body_checking": false
    }
},
{
    "model": "core.subdivision",
    "pk": 11,
    "fields": {
        "old_sk_id": null,
        "inserted": "2022-03-09T22:03:30.631Z",
        "updated": "2022-03-09T22:03:30.631Z",
        "hockey_canada_id": null,
        "hockey_canada_system_id": null,
        "season": 2,
        "league": 3,
        "division": 6,
        "name": "Blue",
        "weight": 2,
        "body_checking": false
    }
},
{
    "model": "core.subdivision",
    "pk": 12,
    "fields": {
        "old_sk_id": null,
        "inserted": "2022-03-09T22:03:30.688Z",
        "updated": "2022-03-09T22:03:30.688Z",
        "hockey_canada_id": null,
        "hockey_canada_system_id": null,
        "season": 2,
        "league": 3,
        "division": 6,
        "name": "White",
        "weight": 3,
        "body_checking": false
    }
},
{
    "model": "core.subdivision",
    "pk": 13,
    "fields": {
        "old_sk_id": null,
        "inserted": "2022-03-09T22:03:30.777Z",
        "updated": "2022-03-09T22:03:30.778Z",
        "hockey_canada_id": null,
        "hockey_canada_system_id": null,
        "season": 2,
        "league": 4,
        "division": 7,
        "name": "A",
        "weight": 4,
        "body_checking": false
    }
},
{
    "model": "core.subdivision",
    "pk": 14,
    "fields": {
        "old_sk_id": null,
        "inserted": "2022-03-09T22:03:30.834Z",
        "updated": "2022-03-09T22:03:30.834Z",
        "hockey_canada_id": null,
        "hockey_canada_system_id": null,
        "season": 2,
        "league": 4,
        "division": 7,
        "name": "AA",
        "weight": 5,
        "body_checking": false
    }
},
{
    "model": "core.subdivision",
    "pk": 15,
    "fields": {
        "old_sk_id": null,
        "inserted": "2022-03-09T22:03:30.904Z",
        "updated": "2022-03-09T22:03:30.904Z",
        "hockey_canada_id": null,
        "hockey_canada_system_id": null,
        "season": 2,
        "league": 4,
        "division": 8,
        "name": "A",
        "weight": 6,
        "body_checking": false
    }
},
{
    "model": "core.subdivision",
    "pk": 16,
    "fields": {
        "old_sk_id": null,
        "inserted": "2022-03-09T22:03:30.959Z",
        "updated": "2022-03-09T22:03:30.959Z",
        "hockey_canada_id": null,
        "hockey_canada_system_id": null,
        "season": 2,
        "league": 4,
        "division": 8,
        "name": "AA",
        "weight": 7,
        "body_checking": false
    }
}
]
