[{"model": "core.user", "pk": 125, "fields": {"password": "", "last_login": null, "is_superuser": false, "first_name": "", "last_name": "", "is_staff": false, "is_active": true, "date_joined": "2022-03-08T02:55:58.509Z", "username": "2022-2023 Admin", "email": "2022-2023 Admin", "inserted": "2022-03-08T02:55:58.509Z", "updated": "2022-03-08T02:55:58.509Z", "groups": [], "user_permissions": []}}, {"model": "core.user", "pk": 126, "fields": {"password": "", "last_login": null, "is_superuser": false, "first_name": "", "last_name": "", "is_staff": false, "is_active": true, "date_joined": "2022-03-08T02:55:58.519Z", "username": "2022-2023 HL VP", "email": "2022-2023 HL VP", "inserted": "2022-03-08T02:55:58.520Z", "updated": "2022-03-08T02:55:58.520Z", "groups": [], "user_permissions": []}}, {"model": "core.user", "pk": 127, "fields": {"password": "", "last_login": null, "is_superuser": false, "first_name": "", "last_name": "", "is_staff": false, "is_active": true, "date_joined": "2022-03-08T02:55:58.530Z", "username": "2022-2023 HL U10 Division", "email": "2022-2023 HL U10 Division", "inserted": "2022-03-08T02:55:58.530Z", "updated": "2022-03-08T02:55:58.530Z", "groups": [], "user_permissions": []}}, {"model": "core.user", "pk": 128, "fields": {"password": "", "last_login": null, "is_superuser": false, "first_name": "", "last_name": "", "is_staff": false, "is_active": true, "date_joined": "2022-03-08T02:55:58.540Z", "username": "2022-2023 - HL - U10 - Blue - SubDivision", "email": "2022-2023 - HL - U10 - Blue - SubDivision", "inserted": "2022-03-08T02:55:58.540Z", "updated": "2022-03-08T02:55:58.540Z", "groups": [], "user_permissions": []}}, {"model": "core.user", "pk": 129, "fields": {"password": "", "last_login": null, "is_superuser": false, "first_name": "", "last_name": "", "is_staff": false, "is_active": true, "date_joined": "2022-03-08T02:55:58.549Z", "username": "2022-2023 - HL - U10 - Blue - Graham - Coach", "email": "2022-2023 - HL - U10 - Blue - Graham - Coach", "inserted": "2022-03-08T02:55:58.549Z", "updated": "2022-03-08T02:55:58.549Z", "groups": [], "user_permissions": []}}, {"model": "core.user", "pk": 130, "fields": {"password": "", "last_login": null, "is_superuser": false, "first_name": "", "last_name": "", "is_staff": false, "is_active": true, "date_joined": "2022-03-08T02:55:58.559Z", "username": "2022-2023 - HL - U10 - Blue - Henry - Coach", "email": "2022-2023 - HL - U10 - Blue - Henry - Coach", "inserted": "2022-03-08T02:55:58.559Z", "updated": "2022-03-08T02:55:58.559Z", "groups": [], "user_permissions": []}}, {"model": "core.user", "pk": 131, "fields": {"password": "", "last_login": null, "is_superuser": false, "first_name": "", "last_name": "", "is_staff": false, "is_active": true, "date_joined": "2022-03-08T02:55:58.568Z", "username": "2022-2023 - HL - U10 - White - SubDivision", "email": "2022-2023 - HL - U10 - White - SubDivision", "inserted": "2022-03-08T02:55:58.568Z", "updated": "2022-03-08T02:55:58.568Z", "groups": [], "user_permissions": []}}, {"model": "core.user", "pk": 132, "fields": {"password": "", "last_login": null, "is_superuser": false, "first_name": "", "last_name": "", "is_staff": false, "is_active": true, "date_joined": "2022-03-08T02:55:58.577Z", "username": "2022-2023 - HL - U10 - White - Graham - Coach", "email": "2022-2023 - HL - U10 - White - Graham - Coach", "inserted": "2022-03-08T02:55:58.577Z", "updated": "2022-03-08T02:55:58.577Z", "groups": [], "user_permissions": []}}, {"model": "core.user", "pk": 133, "fields": {"password": "", "last_login": null, "is_superuser": false, "first_name": "", "last_name": "", "is_staff": false, "is_active": true, "date_joined": "2022-03-08T02:55:58.586Z", "username": "2022-2023 - HL - U10 - White - Henry - Coach", "email": "2022-2023 - HL - U10 - White - Henry - Coach", "inserted": "2022-03-08T02:55:58.586Z", "updated": "2022-03-08T02:55:58.586Z", "groups": [], "user_permissions": []}}, {"model": "core.user", "pk": 134, "fields": {"password": "", "last_login": null, "is_superuser": false, "first_name": "", "last_name": "", "is_staff": false, "is_active": true, "date_joined": "2022-03-08T02:55:58.595Z", "username": "2022-2023 HL U11 Division", "email": "2022-2023 HL U11 Division", "inserted": "2022-03-08T02:55:58.595Z", "updated": "2022-03-08T02:55:58.595Z", "groups": [], "user_permissions": []}}, {"model": "core.user", "pk": 135, "fields": {"password": "", "last_login": null, "is_superuser": false, "first_name": "", "last_name": "", "is_staff": false, "is_active": true, "date_joined": "2022-03-08T02:55:58.603Z", "username": "2022-2023 - HL - U11 - Blue - SubDivision", "email": "2022-2023 - HL - U11 - Blue - SubDivision", "inserted": "2022-03-08T02:55:58.603Z", "updated": "2022-03-08T02:55:58.603Z", "groups": [], "user_permissions": []}}, {"model": "core.user", "pk": 136, "fields": {"password": "", "last_login": null, "is_superuser": false, "first_name": "", "last_name": "", "is_staff": false, "is_active": true, "date_joined": "2022-03-08T02:55:58.612Z", "username": "2022-2023 - HL - U11 - Blue - Graham - Coach", "email": "2022-2023 - HL - U11 - Blue - Graham - Coach", "inserted": "2022-03-08T02:55:58.612Z", "updated": "2022-03-08T02:55:58.612Z", "groups": [], "user_permissions": []}}, {"model": "core.user", "pk": 137, "fields": {"password": "", "last_login": null, "is_superuser": false, "first_name": "", "last_name": "", "is_staff": false, "is_active": true, "date_joined": "2022-03-08T02:55:58.620Z", "username": "2022-2023 - HL - U11 - Blue - Henry - Coach", "email": "2022-2023 - HL - U11 - Blue - Henry - Coach", "inserted": "2022-03-08T02:55:58.620Z", "updated": "2022-03-08T02:55:58.620Z", "groups": [], "user_permissions": []}}, {"model": "core.user", "pk": 138, "fields": {"password": "", "last_login": null, "is_superuser": false, "first_name": "", "last_name": "", "is_staff": false, "is_active": true, "date_joined": "2022-03-08T02:55:58.629Z", "username": "2022-2023 - HL - U11 - White - SubDivision", "email": "2022-2023 - HL - U11 - White - SubDivision", "inserted": "2022-03-08T02:55:58.629Z", "updated": "2022-03-08T02:55:58.629Z", "groups": [], "user_permissions": []}}, {"model": "core.user", "pk": 139, "fields": {"password": "", "last_login": null, "is_superuser": false, "first_name": "", "last_name": "", "is_staff": false, "is_active": true, "date_joined": "2022-03-08T02:55:58.637Z", "username": "2022-2023 - HL - U11 - White - Graham - Coach", "email": "2022-2023 - HL - U11 - White - Graham - Coach", "inserted": "2022-03-08T02:55:58.637Z", "updated": "2022-03-08T02:55:58.637Z", "groups": [], "user_permissions": []}}, {"model": "core.user", "pk": 140, "fields": {"password": "", "last_login": null, "is_superuser": false, "first_name": "", "last_name": "", "is_staff": false, "is_active": true, "date_joined": "2022-03-08T02:55:58.646Z", "username": "2022-2023 - HL - U11 - White - Henry - Coach", "email": "2022-2023 - HL - U11 - White - Henry - Coach", "inserted": "2022-03-08T02:55:58.646Z", "updated": "2022-03-08T02:55:58.646Z", "groups": [], "user_permissions": []}}, {"model": "core.user", "pk": 141, "fields": {"password": "", "last_login": null, "is_superuser": false, "first_name": "", "last_name": "", "is_staff": false, "is_active": true, "date_joined": "2022-03-08T02:55:58.654Z", "username": "2022-2023 REP VP", "email": "2022-2023 REP VP", "inserted": "2022-03-08T02:55:58.654Z", "updated": "2022-03-08T02:55:58.654Z", "groups": [], "user_permissions": []}}, {"model": "core.user", "pk": 142, "fields": {"password": "", "last_login": null, "is_superuser": false, "first_name": "", "last_name": "", "is_staff": false, "is_active": true, "date_joined": "2022-03-08T02:55:58.663Z", "username": "2022-2023 REP U10 Division", "email": "2022-2023 REP U10 Division", "inserted": "2022-03-08T02:55:58.663Z", "updated": "2022-03-08T02:55:58.663Z", "groups": [], "user_permissions": []}}, {"model": "core.user", "pk": 143, "fields": {"password": "", "last_login": null, "is_superuser": false, "first_name": "", "last_name": "", "is_staff": false, "is_active": true, "date_joined": "2022-03-08T02:55:58.671Z", "username": "2022-2023 - REP - U10 - A - SubDivision", "email": "2022-2023 - REP - U10 - A - SubDivision", "inserted": "2022-03-08T02:55:58.671Z", "updated": "2022-03-08T02:55:58.671Z", "groups": [], "user_permissions": []}}, {"model": "core.user", "pk": 144, "fields": {"password": "", "last_login": null, "is_superuser": false, "first_name": "", "last_name": "", "is_staff": false, "is_active": true, "date_joined": "2022-03-08T02:55:58.679Z", "username": "2022-2023 - REP - U10 - A - Graham - Coach", "email": "2022-2023 - REP - U10 - A - Graham - Coach", "inserted": "2022-03-08T02:55:58.679Z", "updated": "2022-03-08T02:55:58.679Z", "groups": [], "user_permissions": []}}, {"model": "core.user", "pk": 145, "fields": {"password": "", "last_login": null, "is_superuser": false, "first_name": "", "last_name": "", "is_staff": false, "is_active": true, "date_joined": "2022-03-08T02:55:58.686Z", "username": "2022-2023 - REP - U10 - A - Henry - Coach", "email": "2022-2023 - REP - U10 - A - Henry - Coach", "inserted": "2022-03-08T02:55:58.686Z", "updated": "2022-03-08T02:55:58.686Z", "groups": [], "user_permissions": []}}, {"model": "core.user", "pk": 146, "fields": {"password": "", "last_login": null, "is_superuser": false, "first_name": "", "last_name": "", "is_staff": false, "is_active": true, "date_joined": "2022-03-08T02:55:58.694Z", "username": "2022-2023 - REP - U10 - AA - SubDivision", "email": "2022-2023 - REP - U10 - AA - SubDivision", "inserted": "2022-03-08T02:55:58.694Z", "updated": "2022-03-08T02:55:58.694Z", "groups": [], "user_permissions": []}}, {"model": "core.user", "pk": 147, "fields": {"password": "", "last_login": null, "is_superuser": false, "first_name": "", "last_name": "", "is_staff": false, "is_active": true, "date_joined": "2022-03-08T02:55:58.701Z", "username": "2022-2023 - REP - U10 - AA - Graham - Coach", "email": "2022-2023 - REP - U10 - AA - Graham - Coach", "inserted": "2022-03-08T02:55:58.701Z", "updated": "2022-03-08T02:55:58.701Z", "groups": [], "user_permissions": []}}, {"model": "core.user", "pk": 148, "fields": {"password": "", "last_login": null, "is_superuser": false, "first_name": "", "last_name": "", "is_staff": false, "is_active": true, "date_joined": "2022-03-08T02:55:58.709Z", "username": "2022-2023 - REP - U10 - AA - Henry - Coach", "email": "2022-2023 - REP - U10 - AA - Henry - Coach", "inserted": "2022-03-08T02:55:58.710Z", "updated": "2022-03-08T02:55:58.710Z", "groups": [], "user_permissions": []}}, {"model": "core.user", "pk": 149, "fields": {"password": "", "last_login": null, "is_superuser": false, "first_name": "", "last_name": "", "is_staff": false, "is_active": true, "date_joined": "2022-03-08T02:55:58.717Z", "username": "2022-2023 REP U11 Division", "email": "2022-2023 REP U11 Division", "inserted": "2022-03-08T02:55:58.718Z", "updated": "2022-03-08T02:55:58.718Z", "groups": [], "user_permissions": []}}, {"model": "core.user", "pk": 150, "fields": {"password": "", "last_login": null, "is_superuser": false, "first_name": "", "last_name": "", "is_staff": false, "is_active": true, "date_joined": "2022-03-08T02:55:58.725Z", "username": "2022-2023 - REP - U11 - A - SubDivision", "email": "2022-2023 - REP - U11 - A - SubDivision", "inserted": "2022-03-08T02:55:58.725Z", "updated": "2022-03-08T02:55:58.725Z", "groups": [], "user_permissions": []}}, {"model": "core.user", "pk": 151, "fields": {"password": "", "last_login": null, "is_superuser": false, "first_name": "", "last_name": "", "is_staff": false, "is_active": true, "date_joined": "2022-03-08T02:55:58.733Z", "username": "2022-2023 - REP - U11 - A - Graham - Coach", "email": "2022-2023 - REP - U11 - A - Graham - Coach", "inserted": "2022-03-08T02:55:58.734Z", "updated": "2022-03-08T02:55:58.734Z", "groups": [], "user_permissions": []}}, {"model": "core.user", "pk": 152, "fields": {"password": "", "last_login": null, "is_superuser": false, "first_name": "", "last_name": "", "is_staff": false, "is_active": true, "date_joined": "2022-03-08T02:55:58.741Z", "username": "2022-2023 - REP - U11 - A - Henry - Coach", "email": "2022-2023 - REP - U11 - A - Henry - Coach", "inserted": "2022-03-08T02:55:58.742Z", "updated": "2022-03-08T02:55:58.742Z", "groups": [], "user_permissions": []}}, {"model": "core.user", "pk": 153, "fields": {"password": "", "last_login": null, "is_superuser": false, "first_name": "", "last_name": "", "is_staff": false, "is_active": true, "date_joined": "2022-03-08T02:55:58.749Z", "username": "2022-2023 - REP - U11 - AA - SubDivision", "email": "2022-2023 - REP - U11 - AA - SubDivision", "inserted": "2022-03-08T02:55:58.750Z", "updated": "2022-03-08T02:55:58.750Z", "groups": [], "user_permissions": []}}, {"model": "core.user", "pk": 154, "fields": {"password": "", "last_login": null, "is_superuser": false, "first_name": "", "last_name": "", "is_staff": false, "is_active": true, "date_joined": "2022-03-08T02:55:58.757Z", "username": "2022-2023 - REP - U11 - AA - Graham - Coach", "email": "2022-2023 - REP - U11 - AA - Graham - Coach", "inserted": "2022-03-08T02:55:58.758Z", "updated": "2022-03-08T02:55:58.758Z", "groups": [], "user_permissions": []}}, {"model": "core.user", "pk": 155, "fields": {"password": "", "last_login": null, "is_superuser": false, "first_name": "", "last_name": "", "is_staff": false, "is_active": true, "date_joined": "2022-03-08T02:55:58.766Z", "username": "2022-2023 - REP - U11 - AA - Henry - Coach", "email": "2022-2023 - REP - U11 - AA - Henry - Coach", "inserted": "2022-03-08T02:55:58.766Z", "updated": "2022-03-08T02:55:58.766Z", "groups": [], "user_permissions": []}}, {"model": "core.user", "pk": 156, "fields": {"password": "", "last_login": null, "is_superuser": false, "first_name": "", "last_name": "", "is_staff": false, "is_active": true, "date_joined": "2022-03-08T02:55:58.780Z", "username": "2023-2024 Admin", "email": "2023-2024 Admin", "inserted": "2022-03-08T02:55:58.780Z", "updated": "2022-03-08T02:55:58.780Z", "groups": [], "user_permissions": []}}, {"model": "core.user", "pk": 157, "fields": {"password": "", "last_login": null, "is_superuser": false, "first_name": "", "last_name": "", "is_staff": false, "is_active": true, "date_joined": "2022-03-08T02:55:58.788Z", "username": "2023-2024 HL VP", "email": "2023-2024 HL VP", "inserted": "2022-03-08T02:55:58.788Z", "updated": "2022-03-08T02:55:58.788Z", "groups": [], "user_permissions": []}}, {"model": "core.user", "pk": 158, "fields": {"password": "", "last_login": null, "is_superuser": false, "first_name": "", "last_name": "", "is_staff": false, "is_active": true, "date_joined": "2022-03-08T02:55:58.795Z", "username": "2023-2024 HL U10 Division", "email": "2023-2024 HL U10 Division", "inserted": "2022-03-08T02:55:58.796Z", "updated": "2022-03-08T02:55:58.796Z", "groups": [], "user_permissions": []}}, {"model": "core.user", "pk": 159, "fields": {"password": "", "last_login": null, "is_superuser": false, "first_name": "", "last_name": "", "is_staff": false, "is_active": true, "date_joined": "2022-03-08T02:55:58.803Z", "username": "2023-2024 - HL - U10 - Blue - SubDivision", "email": "2023-2024 - HL - U10 - Blue - SubDivision", "inserted": "2022-03-08T02:55:58.803Z", "updated": "2022-03-08T02:55:58.803Z", "groups": [], "user_permissions": []}}, {"model": "core.user", "pk": 160, "fields": {"password": "", "last_login": null, "is_superuser": false, "first_name": "", "last_name": "", "is_staff": false, "is_active": true, "date_joined": "2022-03-08T02:55:58.812Z", "username": "2023-2024 - HL - U10 - Blue - Graham - Coach", "email": "2023-2024 - HL - U10 - Blue - Graham - Coach", "inserted": "2022-03-08T02:55:58.812Z", "updated": "2022-03-08T02:55:58.812Z", "groups": [], "user_permissions": []}}, {"model": "core.user", "pk": 161, "fields": {"password": "", "last_login": null, "is_superuser": false, "first_name": "", "last_name": "", "is_staff": false, "is_active": true, "date_joined": "2022-03-08T02:55:58.820Z", "username": "2023-2024 - HL - U10 - Blue - Henry - Coach", "email": "2023-2024 - HL - U10 - Blue - Henry - Coach", "inserted": "2022-03-08T02:55:58.820Z", "updated": "2022-03-08T02:55:58.820Z", "groups": [], "user_permissions": []}}, {"model": "core.user", "pk": 162, "fields": {"password": "", "last_login": null, "is_superuser": false, "first_name": "", "last_name": "", "is_staff": false, "is_active": true, "date_joined": "2022-03-08T02:55:58.829Z", "username": "2023-2024 - HL - U10 - White - SubDivision", "email": "2023-2024 - HL - U10 - White - SubDivision", "inserted": "2022-03-08T02:55:58.829Z", "updated": "2022-03-08T02:55:58.829Z", "groups": [], "user_permissions": []}}, {"model": "core.user", "pk": 163, "fields": {"password": "", "last_login": null, "is_superuser": false, "first_name": "", "last_name": "", "is_staff": false, "is_active": true, "date_joined": "2022-03-08T02:55:58.837Z", "username": "2023-2024 - HL - U10 - White - Graham - Coach", "email": "2023-2024 - HL - U10 - White - Graham - Coach", "inserted": "2022-03-08T02:55:58.837Z", "updated": "2022-03-08T02:55:58.837Z", "groups": [], "user_permissions": []}}, {"model": "core.user", "pk": 164, "fields": {"password": "", "last_login": null, "is_superuser": false, "first_name": "", "last_name": "", "is_staff": false, "is_active": true, "date_joined": "2022-03-08T02:55:58.845Z", "username": "2023-2024 - HL - U10 - White - Henry - Coach", "email": "2023-2024 - HL - U10 - White - Henry - Coach", "inserted": "2022-03-08T02:55:58.845Z", "updated": "2022-03-08T02:55:58.845Z", "groups": [], "user_permissions": []}}, {"model": "core.user", "pk": 165, "fields": {"password": "", "last_login": null, "is_superuser": false, "first_name": "", "last_name": "", "is_staff": false, "is_active": true, "date_joined": "2022-03-08T02:55:58.853Z", "username": "2023-2024 HL U11 Division", "email": "2023-2024 HL U11 Division", "inserted": "2022-03-08T02:55:58.853Z", "updated": "2022-03-08T02:55:58.853Z", "groups": [], "user_permissions": []}}, {"model": "core.user", "pk": 166, "fields": {"password": "", "last_login": null, "is_superuser": false, "first_name": "", "last_name": "", "is_staff": false, "is_active": true, "date_joined": "2022-03-08T02:55:58.861Z", "username": "2023-2024 - HL - U11 - Blue - SubDivision", "email": "2023-2024 - HL - U11 - Blue - SubDivision", "inserted": "2022-03-08T02:55:58.861Z", "updated": "2022-03-08T02:55:58.861Z", "groups": [], "user_permissions": []}}, {"model": "core.user", "pk": 167, "fields": {"password": "", "last_login": null, "is_superuser": false, "first_name": "", "last_name": "", "is_staff": false, "is_active": true, "date_joined": "2022-03-08T02:55:58.869Z", "username": "2023-2024 - HL - U11 - Blue - Graham - Coach", "email": "2023-2024 - HL - U11 - Blue - Graham - Coach", "inserted": "2022-03-08T02:55:58.869Z", "updated": "2022-03-08T02:55:58.869Z", "groups": [], "user_permissions": []}}, {"model": "core.user", "pk": 168, "fields": {"password": "", "last_login": null, "is_superuser": false, "first_name": "", "last_name": "", "is_staff": false, "is_active": true, "date_joined": "2022-03-08T02:55:58.881Z", "username": "2023-2024 - HL - U11 - Blue - Henry - Coach", "email": "2023-2024 - HL - U11 - Blue - Henry - Coach", "inserted": "2022-03-08T02:55:58.881Z", "updated": "2022-03-08T02:55:58.881Z", "groups": [], "user_permissions": []}}, {"model": "core.user", "pk": 169, "fields": {"password": "", "last_login": null, "is_superuser": false, "first_name": "", "last_name": "", "is_staff": false, "is_active": true, "date_joined": "2022-03-08T02:55:58.889Z", "username": "2023-2024 - HL - U11 - White - SubDivision", "email": "2023-2024 - HL - U11 - White - SubDivision", "inserted": "2022-03-08T02:55:58.890Z", "updated": "2022-03-08T02:55:58.890Z", "groups": [], "user_permissions": []}}, {"model": "core.user", "pk": 170, "fields": {"password": "", "last_login": null, "is_superuser": false, "first_name": "", "last_name": "", "is_staff": false, "is_active": true, "date_joined": "2022-03-08T02:55:58.898Z", "username": "2023-2024 - HL - U11 - White - Graham - Coach", "email": "2023-2024 - HL - U11 - White - Graham - Coach", "inserted": "2022-03-08T02:55:58.898Z", "updated": "2022-03-08T02:55:58.898Z", "groups": [], "user_permissions": []}}, {"model": "core.user", "pk": 171, "fields": {"password": "", "last_login": null, "is_superuser": false, "first_name": "", "last_name": "", "is_staff": false, "is_active": true, "date_joined": "2022-03-08T02:55:58.906Z", "username": "2023-2024 - HL - U11 - White - Henry - Coach", "email": "2023-2024 - HL - U11 - White - Henry - Coach", "inserted": "2022-03-08T02:55:58.906Z", "updated": "2022-03-08T02:55:58.906Z", "groups": [], "user_permissions": []}}, {"model": "core.user", "pk": 172, "fields": {"password": "", "last_login": null, "is_superuser": false, "first_name": "", "last_name": "", "is_staff": false, "is_active": true, "date_joined": "2022-03-08T02:55:58.914Z", "username": "2023-2024 REP VP", "email": "2023-2024 REP VP", "inserted": "2022-03-08T02:55:58.914Z", "updated": "2022-03-08T02:55:58.914Z", "groups": [], "user_permissions": []}}, {"model": "core.user", "pk": 173, "fields": {"password": "", "last_login": null, "is_superuser": false, "first_name": "", "last_name": "", "is_staff": false, "is_active": true, "date_joined": "2022-03-08T02:55:58.922Z", "username": "2023-2024 REP U10 Division", "email": "2023-2024 REP U10 Division", "inserted": "2022-03-08T02:55:58.922Z", "updated": "2022-03-08T02:55:58.922Z", "groups": [], "user_permissions": []}}, {"model": "core.user", "pk": 174, "fields": {"password": "", "last_login": null, "is_superuser": false, "first_name": "", "last_name": "", "is_staff": false, "is_active": true, "date_joined": "2022-03-08T02:55:58.930Z", "username": "2023-2024 - REP - U10 - A - SubDivision", "email": "2023-2024 - REP - U10 - A - SubDivision", "inserted": "2022-03-08T02:55:58.931Z", "updated": "2022-03-08T02:55:58.931Z", "groups": [], "user_permissions": []}}, {"model": "core.user", "pk": 175, "fields": {"password": "", "last_login": null, "is_superuser": false, "first_name": "", "last_name": "", "is_staff": false, "is_active": true, "date_joined": "2022-03-08T02:55:58.939Z", "username": "2023-2024 - REP - U10 - A - Graham - Coach", "email": "2023-2024 - REP - U10 - A - Graham - Coach", "inserted": "2022-03-08T02:55:58.939Z", "updated": "2022-03-08T02:55:58.939Z", "groups": [], "user_permissions": []}}, {"model": "core.user", "pk": 176, "fields": {"password": "", "last_login": null, "is_superuser": false, "first_name": "", "last_name": "", "is_staff": false, "is_active": true, "date_joined": "2022-03-08T02:55:58.947Z", "username": "2023-2024 - REP - U10 - A - Henry - Coach", "email": "2023-2024 - REP - U10 - A - Henry - Coach", "inserted": "2022-03-08T02:55:58.947Z", "updated": "2022-03-08T02:55:58.947Z", "groups": [], "user_permissions": []}}, {"model": "core.user", "pk": 177, "fields": {"password": "", "last_login": null, "is_superuser": false, "first_name": "", "last_name": "", "is_staff": false, "is_active": true, "date_joined": "2022-03-08T02:55:58.956Z", "username": "2023-2024 - REP - U10 - AA - SubDivision", "email": "2023-2024 - REP - U10 - AA - SubDivision", "inserted": "2022-03-08T02:55:58.956Z", "updated": "2022-03-08T02:55:58.956Z", "groups": [], "user_permissions": []}}, {"model": "core.user", "pk": 178, "fields": {"password": "", "last_login": null, "is_superuser": false, "first_name": "", "last_name": "", "is_staff": false, "is_active": true, "date_joined": "2022-03-08T02:55:58.965Z", "username": "2023-2024 - REP - U10 - AA - Graham - Coach", "email": "2023-2024 - REP - U10 - AA - Graham - Coach", "inserted": "2022-03-08T02:55:58.965Z", "updated": "2022-03-08T02:55:58.965Z", "groups": [], "user_permissions": []}}, {"model": "core.user", "pk": 179, "fields": {"password": "", "last_login": null, "is_superuser": false, "first_name": "", "last_name": "", "is_staff": false, "is_active": true, "date_joined": "2022-03-08T02:55:58.974Z", "username": "2023-2024 - REP - U10 - AA - Henry - Coach", "email": "2023-2024 - REP - U10 - AA - Henry - Coach", "inserted": "2022-03-08T02:55:58.975Z", "updated": "2022-03-08T02:55:58.975Z", "groups": [], "user_permissions": []}}, {"model": "core.user", "pk": 180, "fields": {"password": "", "last_login": null, "is_superuser": false, "first_name": "", "last_name": "", "is_staff": false, "is_active": true, "date_joined": "2022-03-08T02:55:58.983Z", "username": "2023-2024 REP U11 Division", "email": "2023-2024 REP U11 Division", "inserted": "2022-03-08T02:55:58.984Z", "updated": "2022-03-08T02:55:58.984Z", "groups": [], "user_permissions": []}}, {"model": "core.user", "pk": 181, "fields": {"password": "", "last_login": null, "is_superuser": false, "first_name": "", "last_name": "", "is_staff": false, "is_active": true, "date_joined": "2022-03-08T02:55:58.993Z", "username": "2023-2024 - REP - U11 - A - SubDivision", "email": "2023-2024 - REP - U11 - A - SubDivision", "inserted": "2022-03-08T02:55:58.993Z", "updated": "2022-03-08T02:55:58.993Z", "groups": [], "user_permissions": []}}, {"model": "core.user", "pk": 182, "fields": {"password": "", "last_login": null, "is_superuser": false, "first_name": "", "last_name": "", "is_staff": false, "is_active": true, "date_joined": "2022-03-08T02:55:59.001Z", "username": "2023-2024 - REP - U11 - A - Graham - Coach", "email": "2023-2024 - REP - U11 - A - Graham - Coach", "inserted": "2022-03-08T02:55:59.002Z", "updated": "2022-03-08T02:55:59.002Z", "groups": [], "user_permissions": []}}, {"model": "core.user", "pk": 183, "fields": {"password": "", "last_login": null, "is_superuser": false, "first_name": "", "last_name": "", "is_staff": false, "is_active": true, "date_joined": "2022-03-08T02:55:59.011Z", "username": "2023-2024 - REP - U11 - A - Henry - Coach", "email": "2023-2024 - REP - U11 - A - Henry - Coach", "inserted": "2022-03-08T02:55:59.011Z", "updated": "2022-03-08T02:55:59.011Z", "groups": [], "user_permissions": []}}, {"model": "core.user", "pk": 184, "fields": {"password": "", "last_login": null, "is_superuser": false, "first_name": "", "last_name": "", "is_staff": false, "is_active": true, "date_joined": "2022-03-08T02:55:59.019Z", "username": "2023-2024 - REP - U11 - AA - SubDivision", "email": "2023-2024 - REP - U11 - AA - SubDivision", "inserted": "2022-03-08T02:55:59.019Z", "updated": "2022-03-08T02:55:59.019Z", "groups": [], "user_permissions": []}}, {"model": "core.user", "pk": 185, "fields": {"password": "", "last_login": null, "is_superuser": false, "first_name": "", "last_name": "", "is_staff": false, "is_active": true, "date_joined": "2022-03-08T02:55:59.029Z", "username": "2023-2024 - REP - U11 - AA - Graham - Coach", "email": "2023-2024 - REP - U11 - AA - Graham - Coach", "inserted": "2022-03-08T02:55:59.029Z", "updated": "2022-03-08T02:55:59.029Z", "groups": [], "user_permissions": []}}, {"model": "core.user", "pk": 186, "fields": {"password": "", "last_login": null, "is_superuser": false, "first_name": "", "last_name": "", "is_staff": false, "is_active": true, "date_joined": "2022-03-08T02:55:59.038Z", "username": "2023-2024 - REP - U11 - AA - Henry - Coach", "email": "2023-2024 - REP - U11 - AA - Henry - Coach", "inserted": "2022-03-08T02:55:59.039Z", "updated": "2022-03-08T02:55:59.039Z", "groups": [], "user_permissions": []}}, {"model": "core.season", "pk": 5, "fields": {"inserted": "2022-03-08T02:55:58.506Z", "updated": "2022-03-08T02:55:58.506Z", "hockey_canada_id": null, "hockey_canada_system_id": null, "name": "2022-2023", "start": "2022-09-01", "end": "2023-08-31", "mbs_id": 0, "gsi_id": 0}}, {"model": "core.season", "pk": 6, "fields": {"inserted": "2022-03-08T02:55:58.778Z", "updated": "2022-03-08T02:55:58.778Z", "hockey_canada_id": null, "hockey_canada_system_id": null, "name": "2023-2024", "start": "2023-09-01", "end": "2024-08-31", "mbs_id": 0, "gsi_id": 0}}, {"model": "core.league", "pk": 9, "fields": {"inserted": "2022-03-08T02:55:58.515Z", "updated": "2022-03-08T02:55:58.515Z", "hockey_canada_id": null, "hockey_canada_system_id": null, "season": 5, "name": "HL", "weight": 0}}, {"model": "core.league", "pk": 10, "fields": {"inserted": "2022-03-08T02:55:58.651Z", "updated": "2022-03-08T02:55:58.651Z", "hockey_canada_id": null, "hockey_canada_system_id": null, "season": 5, "name": "REP", "weight": 1}}, {"model": "core.league", "pk": 11, "fields": {"inserted": "2022-03-08T02:55:58.784Z", "updated": "2022-03-08T02:55:58.784Z", "hockey_canada_id": null, "hockey_canada_system_id": null, "season": 6, "name": "HL", "weight": 0}}, {"model": "core.league", "pk": 12, "fields": {"inserted": "2022-03-08T02:55:58.911Z", "updated": "2022-03-08T02:55:58.911Z", "hockey_canada_id": null, "hockey_canada_system_id": null, "season": 6, "name": "REP", "weight": 1}}, {"model": "core.division", "pk": 17, "fields": {"inserted": "2022-03-08T02:55:58.525Z", "updated": "2022-03-08T02:55:58.525Z", "hockey_canada_id": null, "hockey_canada_system_id": null, "season": 5, "league": 9, "name": "U10", "age_from": 0, "age_to": 0, "weight": 0}}, {"model": "core.division", "pk": 18, "fields": {"inserted": "2022-03-08T02:55:58.591Z", "updated": "2022-03-08T02:55:58.591Z", "hockey_canada_id": null, "hockey_canada_system_id": null, "season": 5, "league": 9, "name": "U11", "age_from": 0, "age_to": 0, "weight": 1}}, {"model": "core.division", "pk": 19, "fields": {"inserted": "2022-03-08T02:55:58.659Z", "updated": "2022-03-08T02:55:58.659Z", "hockey_canada_id": null, "hockey_canada_system_id": null, "season": 5, "league": 10, "name": "U10", "age_from": 0, "age_to": 0, "weight": 2}}, {"model": "core.division", "pk": 20, "fields": {"inserted": "2022-03-08T02:55:58.714Z", "updated": "2022-03-08T02:55:58.714Z", "hockey_canada_id": null, "hockey_canada_system_id": null, "season": 5, "league": 10, "name": "U11", "age_from": 0, "age_to": 0, "weight": 3}}, {"model": "core.division", "pk": 21, "fields": {"inserted": "2022-03-08T02:55:58.792Z", "updated": "2022-03-08T02:55:58.792Z", "hockey_canada_id": null, "hockey_canada_system_id": null, "season": 6, "league": 11, "name": "U10", "age_from": 0, "age_to": 0, "weight": 0}}, {"model": "core.division", "pk": 22, "fields": {"inserted": "2022-03-08T02:55:58.849Z", "updated": "2022-03-08T02:55:58.849Z", "hockey_canada_id": null, "hockey_canada_system_id": null, "season": 6, "league": 11, "name": "U11", "age_from": 0, "age_to": 0, "weight": 1}}, {"model": "core.division", "pk": 23, "fields": {"inserted": "2022-03-08T02:55:58.919Z", "updated": "2022-03-08T02:55:58.919Z", "hockey_canada_id": null, "hockey_canada_system_id": null, "season": 6, "league": 12, "name": "U10", "age_from": 0, "age_to": 0, "weight": 2}}, {"model": "core.division", "pk": 24, "fields": {"inserted": "2022-03-08T02:55:58.980Z", "updated": "2022-03-08T02:55:58.980Z", "hockey_canada_id": null, "hockey_canada_system_id": null, "season": 6, "league": 12, "name": "U11", "age_from": 0, "age_to": 0, "weight": 3}}, {"model": "core.subdivision", "pk": 33, "fields": {"inserted": "2022-03-08T02:55:58.535Z", "updated": "2022-03-08T02:55:58.535Z", "hockey_canada_id": null, "hockey_canada_system_id": null, "season": 5, "league": 9, "division": 17, "name": "Blue", "weight": 0}}, {"model": "core.subdivision", "pk": 34, "fields": {"inserted": "2022-03-08T02:55:58.565Z", "updated": "2022-03-08T02:55:58.565Z", "hockey_canada_id": null, "hockey_canada_system_id": null, "season": 5, "league": 9, "division": 17, "name": "White", "weight": 1}}, {"model": "core.subdivision", "pk": 35, "fields": {"inserted": "2022-03-08T02:55:58.599Z", "updated": "2022-03-08T02:55:58.599Z", "hockey_canada_id": null, "hockey_canada_system_id": null, "season": 5, "league": 9, "division": 18, "name": "Blue", "weight": 2}}, {"model": "core.subdivision", "pk": 36, "fields": {"inserted": "2022-03-08T02:55:58.625Z", "updated": "2022-03-08T02:55:58.625Z", "hockey_canada_id": null, "hockey_canada_system_id": null, "season": 5, "league": 9, "division": 18, "name": "White", "weight": 3}}, {"model": "core.subdivision", "pk": 37, "fields": {"inserted": "2022-03-08T02:55:58.667Z", "updated": "2022-03-08T02:55:58.667Z", "hockey_canada_id": null, "hockey_canada_system_id": null, "season": 5, "league": 10, "division": 19, "name": "A", "weight": 4}}, {"model": "core.subdivision", "pk": 38, "fields": {"inserted": "2022-03-08T02:55:58.690Z", "updated": "2022-03-08T02:55:58.690Z", "hockey_canada_id": null, "hockey_canada_system_id": null, "season": 5, "league": 10, "division": 19, "name": "AA", "weight": 5}}, {"model": "core.subdivision", "pk": 39, "fields": {"inserted": "2022-03-08T02:55:58.722Z", "updated": "2022-03-08T02:55:58.722Z", "hockey_canada_id": null, "hockey_canada_system_id": null, "season": 5, "league": 10, "division": 20, "name": "A", "weight": 6}}, {"model": "core.subdivision", "pk": 40, "fields": {"inserted": "2022-03-08T02:55:58.746Z", "updated": "2022-03-08T02:55:58.746Z", "hockey_canada_id": null, "hockey_canada_system_id": null, "season": 5, "league": 10, "division": 20, "name": "AA", "weight": 7}}, {"model": "core.subdivision", "pk": 41, "fields": {"inserted": "2022-03-08T02:55:58.800Z", "updated": "2022-03-08T02:55:58.800Z", "hockey_canada_id": null, "hockey_canada_system_id": null, "season": 6, "league": 11, "division": 21, "name": "Blue", "weight": 0}}, {"model": "core.subdivision", "pk": 42, "fields": {"inserted": "2022-03-08T02:55:58.825Z", "updated": "2022-03-08T02:55:58.826Z", "hockey_canada_id": null, "hockey_canada_system_id": null, "season": 6, "league": 11, "division": 21, "name": "White", "weight": 1}}, {"model": "core.subdivision", "pk": 43, "fields": {"inserted": "2022-03-08T02:55:58.857Z", "updated": "2022-03-08T02:55:58.858Z", "hockey_canada_id": null, "hockey_canada_system_id": null, "season": 6, "league": 11, "division": 22, "name": "Blue", "weight": 2}}, {"model": "core.subdivision", "pk": 44, "fields": {"inserted": "2022-03-08T02:55:58.886Z", "updated": "2022-03-08T02:55:58.886Z", "hockey_canada_id": null, "hockey_canada_system_id": null, "season": 6, "league": 11, "division": 22, "name": "White", "weight": 3}}, {"model": "core.subdivision", "pk": 45, "fields": {"inserted": "2022-03-08T02:55:58.927Z", "updated": "2022-03-08T02:55:58.927Z", "hockey_canada_id": null, "hockey_canada_system_id": null, "season": 6, "league": 12, "division": 23, "name": "A", "weight": 4}}, {"model": "core.subdivision", "pk": 46, "fields": {"inserted": "2022-03-08T02:55:58.952Z", "updated": "2022-03-08T02:55:58.952Z", "hockey_canada_id": null, "hockey_canada_system_id": null, "season": 6, "league": 12, "division": 23, "name": "AA", "weight": 5}}, {"model": "core.subdivision", "pk": 47, "fields": {"inserted": "2022-03-08T02:55:58.989Z", "updated": "2022-03-08T02:55:58.989Z", "hockey_canada_id": null, "hockey_canada_system_id": null, "season": 6, "league": 12, "division": 24, "name": "A", "weight": 6}}, {"model": "core.subdivision", "pk": 48, "fields": {"inserted": "2022-03-08T02:55:59.015Z", "updated": "2022-03-08T02:55:59.015Z", "hockey_canada_id": null, "hockey_canada_system_id": null, "season": 6, "league": 12, "division": 24, "name": "AA", "weight": 7}}, {"model": "core.team", "pk": 65, "fields": {"inserted": "2022-03-08T02:55:58.545Z", "updated": "2022-03-08T02:55:58.545Z", "hockey_canada_id": null, "hockey_canada_system_id": null, "season": 5, "league": 9, "division": 17, "subdivision": 33, "name": "Graham", "weight": 0}}, {"model": "core.team", "pk": 66, "fields": {"inserted": "2022-03-08T02:55:58.555Z", "updated": "2022-03-08T02:55:58.555Z", "hockey_canada_id": null, "hockey_canada_system_id": null, "season": 5, "league": 9, "division": 17, "subdivision": 33, "name": "Henry", "weight": 1}}, {"model": "core.team", "pk": 67, "fields": {"inserted": "2022-03-08T02:55:58.573Z", "updated": "2022-03-08T02:55:58.573Z", "hockey_canada_id": null, "hockey_canada_system_id": null, "season": 5, "league": 9, "division": 17, "subdivision": 34, "name": "Graham", "weight": 2}}, {"model": "core.team", "pk": 68, "fields": {"inserted": "2022-03-08T02:55:58.582Z", "updated": "2022-03-08T02:55:58.582Z", "hockey_canada_id": null, "hockey_canada_system_id": null, "season": 5, "league": 9, "division": 17, "subdivision": 34, "name": "Henry", "weight": 3}}, {"model": "core.team", "pk": 69, "fields": {"inserted": "2022-03-08T02:55:58.608Z", "updated": "2022-03-08T02:55:58.608Z", "hockey_canada_id": null, "hockey_canada_system_id": null, "season": 5, "league": 9, "division": 18, "subdivision": 35, "name": "Graham", "weight": 4}}, {"model": "core.team", "pk": 70, "fields": {"inserted": "2022-03-08T02:55:58.616Z", "updated": "2022-03-08T02:55:58.616Z", "hockey_canada_id": null, "hockey_canada_system_id": null, "season": 5, "league": 9, "division": 18, "subdivision": 35, "name": "Henry", "weight": 5}}, {"model": "core.team", "pk": 71, "fields": {"inserted": "2022-03-08T02:55:58.634Z", "updated": "2022-03-08T02:55:58.634Z", "hockey_canada_id": null, "hockey_canada_system_id": null, "season": 5, "league": 9, "division": 18, "subdivision": 36, "name": "Graham", "weight": 6}}, {"model": "core.team", "pk": 72, "fields": {"inserted": "2022-03-08T02:55:58.643Z", "updated": "2022-03-08T02:55:58.643Z", "hockey_canada_id": null, "hockey_canada_system_id": null, "season": 5, "league": 9, "division": 18, "subdivision": 36, "name": "Henry", "weight": 7}}, {"model": "core.team", "pk": 73, "fields": {"inserted": "2022-03-08T02:55:58.676Z", "updated": "2022-03-08T02:55:58.676Z", "hockey_canada_id": null, "hockey_canada_system_id": null, "season": 5, "league": 10, "division": 19, "subdivision": 37, "name": "Graham", "weight": 8}}, {"model": "core.team", "pk": 74, "fields": {"inserted": "2022-03-08T02:55:58.683Z", "updated": "2022-03-08T02:55:58.683Z", "hockey_canada_id": null, "hockey_canada_system_id": null, "season": 5, "league": 10, "division": 19, "subdivision": 37, "name": "Henry", "weight": 9}}, {"model": "core.team", "pk": 75, "fields": {"inserted": "2022-03-08T02:55:58.698Z", "updated": "2022-03-08T02:55:58.698Z", "hockey_canada_id": null, "hockey_canada_system_id": null, "season": 5, "league": 10, "division": 19, "subdivision": 38, "name": "Graham", "weight": 10}}, {"model": "core.team", "pk": 76, "fields": {"inserted": "2022-03-08T02:55:58.706Z", "updated": "2022-03-08T02:55:58.706Z", "hockey_canada_id": null, "hockey_canada_system_id": null, "season": 5, "league": 10, "division": 19, "subdivision": 38, "name": "Henry", "weight": 11}}, {"model": "core.team", "pk": 77, "fields": {"inserted": "2022-03-08T02:55:58.730Z", "updated": "2022-03-08T02:55:58.730Z", "hockey_canada_id": null, "hockey_canada_system_id": null, "season": 5, "league": 10, "division": 20, "subdivision": 39, "name": "Graham", "weight": 12}}, {"model": "core.team", "pk": 78, "fields": {"inserted": "2022-03-08T02:55:58.738Z", "updated": "2022-03-08T02:55:58.738Z", "hockey_canada_id": null, "hockey_canada_system_id": null, "season": 5, "league": 10, "division": 20, "subdivision": 39, "name": "Henry", "weight": 13}}, {"model": "core.team", "pk": 79, "fields": {"inserted": "2022-03-08T02:55:58.754Z", "updated": "2022-03-08T02:55:58.754Z", "hockey_canada_id": null, "hockey_canada_system_id": null, "season": 5, "league": 10, "division": 20, "subdivision": 40, "name": "Graham", "weight": 14}}, {"model": "core.team", "pk": 80, "fields": {"inserted": "2022-03-08T02:55:58.762Z", "updated": "2022-03-08T02:55:58.762Z", "hockey_canada_id": null, "hockey_canada_system_id": null, "season": 5, "league": 10, "division": 20, "subdivision": 40, "name": "Henry", "weight": 15}}, {"model": "core.team", "pk": 81, "fields": {"inserted": "2022-03-08T02:55:58.808Z", "updated": "2022-03-08T02:55:58.808Z", "hockey_canada_id": null, "hockey_canada_system_id": null, "season": 6, "league": 11, "division": 21, "subdivision": 41, "name": "Graham", "weight": 0}}, {"model": "core.team", "pk": 82, "fields": {"inserted": "2022-03-08T02:55:58.817Z", "updated": "2022-03-08T02:55:58.817Z", "hockey_canada_id": null, "hockey_canada_system_id": null, "season": 6, "league": 11, "division": 21, "subdivision": 41, "name": "Henry", "weight": 1}}, {"model": "core.team", "pk": 83, "fields": {"inserted": "2022-03-08T02:55:58.834Z", "updated": "2022-03-08T02:55:58.834Z", "hockey_canada_id": null, "hockey_canada_system_id": null, "season": 6, "league": 11, "division": 21, "subdivision": 42, "name": "Graham", "weight": 2}}, {"model": "core.team", "pk": 84, "fields": {"inserted": "2022-03-08T02:55:58.842Z", "updated": "2022-03-08T02:55:58.842Z", "hockey_canada_id": null, "hockey_canada_system_id": null, "season": 6, "league": 11, "division": 21, "subdivision": 42, "name": "Henry", "weight": 3}}, {"model": "core.team", "pk": 85, "fields": {"inserted": "2022-03-08T02:55:58.866Z", "updated": "2022-03-08T02:55:58.866Z", "hockey_canada_id": null, "hockey_canada_system_id": null, "season": 6, "league": 11, "division": 22, "subdivision": 43, "name": "Graham", "weight": 4}}, {"model": "core.team", "pk": 86, "fields": {"inserted": "2022-03-08T02:55:58.874Z", "updated": "2022-03-08T02:55:58.874Z", "hockey_canada_id": null, "hockey_canada_system_id": null, "season": 6, "league": 11, "division": 22, "subdivision": 43, "name": "Henry", "weight": 5}}, {"model": "core.team", "pk": 87, "fields": {"inserted": "2022-03-08T02:55:58.894Z", "updated": "2022-03-08T02:55:58.894Z", "hockey_canada_id": null, "hockey_canada_system_id": null, "season": 6, "league": 11, "division": 22, "subdivision": 44, "name": "Graham", "weight": 6}}, {"model": "core.team", "pk": 88, "fields": {"inserted": "2022-03-08T02:55:58.902Z", "updated": "2022-03-08T02:55:58.902Z", "hockey_canada_id": null, "hockey_canada_system_id": null, "season": 6, "league": 11, "division": 22, "subdivision": 44, "name": "Henry", "weight": 7}}, {"model": "core.team", "pk": 89, "fields": {"inserted": "2022-03-08T02:55:58.935Z", "updated": "2022-03-08T02:55:58.935Z", "hockey_canada_id": null, "hockey_canada_system_id": null, "season": 6, "league": 12, "division": 23, "subdivision": 45, "name": "Graham", "weight": 8}}, {"model": "core.team", "pk": 90, "fields": {"inserted": "2022-03-08T02:55:58.944Z", "updated": "2022-03-08T02:55:58.944Z", "hockey_canada_id": null, "hockey_canada_system_id": null, "season": 6, "league": 12, "division": 23, "subdivision": 45, "name": "Henry", "weight": 9}}, {"model": "core.team", "pk": 91, "fields": {"inserted": "2022-03-08T02:55:58.961Z", "updated": "2022-03-08T02:55:58.961Z", "hockey_canada_id": null, "hockey_canada_system_id": null, "season": 6, "league": 12, "division": 23, "subdivision": 46, "name": "Graham", "weight": 10}}, {"model": "core.team", "pk": 92, "fields": {"inserted": "2022-03-08T02:55:58.970Z", "updated": "2022-03-08T02:55:58.970Z", "hockey_canada_id": null, "hockey_canada_system_id": null, "season": 6, "league": 12, "division": 23, "subdivision": 46, "name": "Henry", "weight": 11}}, {"model": "core.team", "pk": 93, "fields": {"inserted": "2022-03-08T02:55:58.998Z", "updated": "2022-03-08T02:55:58.998Z", "hockey_canada_id": null, "hockey_canada_system_id": null, "season": 6, "league": 12, "division": 24, "subdivision": 47, "name": "Graham", "weight": 12}}, {"model": "core.team", "pk": 94, "fields": {"inserted": "2022-03-08T02:55:59.007Z", "updated": "2022-03-08T02:55:59.007Z", "hockey_canada_id": null, "hockey_canada_system_id": null, "season": 6, "league": 12, "division": 24, "subdivision": 47, "name": "Henry", "weight": 13}}, {"model": "core.team", "pk": 95, "fields": {"inserted": "2022-03-08T02:55:59.024Z", "updated": "2022-03-08T02:55:59.025Z", "hockey_canada_id": null, "hockey_canada_system_id": null, "season": 6, "league": 12, "division": 24, "subdivision": 48, "name": "Graham", "weight": 14}}, {"model": "core.team", "pk": 96, "fields": {"inserted": "2022-03-08T02:55:59.034Z", "updated": "2022-03-08T02:55:59.034Z", "hockey_canada_id": null, "hockey_canada_system_id": null, "season": 6, "league": 12, "division": 24, "subdivision": 48, "name": "Henry", "weight": 15}}, {"model": "core.teamstafftype", "pk": 1, "fields": {"inserted": "2022-03-08T02:53:39.691Z", "updated": "2022-03-08T02:53:39.691Z", "team_can_edit": true, "team_can_vote": false, "name": "Coach"}}, {"model": "core.teamstafftype", "pk": 2, "fields": {"inserted": "2022-03-08T02:53:39.696Z", "updated": "2022-03-08T02:53:39.696Z", "team_can_edit": true, "team_can_vote": false, "name": "Convenor"}}, {"model": "core.teamstafftype", "pk": 3, "fields": {"inserted": "2022-03-08T02:53:39.700Z", "updated": "2022-03-08T02:53:39.700Z", "team_can_edit": true, "team_can_vote": false, "name": "VP"}}, {"model": "core.teamstafftype", "pk": 4, "fields": {"inserted": "2022-03-08T02:53:39.704Z", "updated": "2022-03-08T02:53:39.704Z", "team_can_edit": true, "team_can_vote": false, "name": "Admin"}}, {"model": "core.teamstaff", "pk": 125, "fields": {"inserted": "2022-03-08T02:55:58.512Z", "updated": "2022-03-08T02:55:58.512Z", "season": 5, "league": null, "division": null, "subdivision": null, "team": null, "user": 125, "type": 4}}, {"model": "core.teamstaff", "pk": 126, "fields": {"inserted": "2022-03-08T02:55:58.522Z", "updated": "2022-03-08T02:55:58.522Z", "season": 5, "league": 9, "division": null, "subdivision": null, "team": null, "user": 126, "type": 3}}, {"model": "core.teamstaff", "pk": 127, "fields": {"inserted": "2022-03-08T02:55:58.532Z", "updated": "2022-03-08T02:55:58.532Z", "season": 5, "league": 9, "division": 17, "subdivision": null, "team": null, "user": 127, "type": 3}}, {"model": "core.teamstaff", "pk": 128, "fields": {"inserted": "2022-03-08T02:55:58.542Z", "updated": "2022-03-08T02:55:58.543Z", "season": 5, "league": 9, "division": 17, "subdivision": 33, "team": null, "user": 128, "type": 2}}, {"model": "core.teamstaff", "pk": 129, "fields": {"inserted": "2022-03-08T02:55:58.552Z", "updated": "2022-03-08T02:55:58.552Z", "season": 5, "league": 9, "division": 17, "subdivision": 33, "team": 65, "user": 129, "type": 1}}, {"model": "core.teamstaff", "pk": 130, "fields": {"inserted": "2022-03-08T02:55:58.562Z", "updated": "2022-03-08T02:55:58.562Z", "season": 5, "league": 9, "division": 17, "subdivision": 33, "team": 66, "user": 130, "type": 1}}, {"model": "core.teamstaff", "pk": 131, "fields": {"inserted": "2022-03-08T02:55:58.571Z", "updated": "2022-03-08T02:55:58.571Z", "season": 5, "league": 9, "division": 17, "subdivision": 34, "team": null, "user": 131, "type": 2}}, {"model": "core.teamstaff", "pk": 132, "fields": {"inserted": "2022-03-08T02:55:58.580Z", "updated": "2022-03-08T02:55:58.580Z", "season": 5, "league": 9, "division": 17, "subdivision": 34, "team": 67, "user": 132, "type": 1}}, {"model": "core.teamstaff", "pk": 133, "fields": {"inserted": "2022-03-08T02:55:58.589Z", "updated": "2022-03-08T02:55:58.589Z", "season": 5, "league": 9, "division": 17, "subdivision": 34, "team": 68, "user": 133, "type": 1}}, {"model": "core.teamstaff", "pk": 134, "fields": {"inserted": "2022-03-08T02:55:58.597Z", "updated": "2022-03-08T02:55:58.597Z", "season": 5, "league": 9, "division": 18, "subdivision": null, "team": null, "user": 134, "type": 3}}, {"model": "core.teamstaff", "pk": 135, "fields": {"inserted": "2022-03-08T02:55:58.606Z", "updated": "2022-03-08T02:55:58.606Z", "season": 5, "league": 9, "division": 18, "subdivision": 35, "team": null, "user": 135, "type": 2}}, {"model": "core.teamstaff", "pk": 136, "fields": {"inserted": "2022-03-08T02:55:58.614Z", "updated": "2022-03-08T02:55:58.614Z", "season": 5, "league": 9, "division": 18, "subdivision": 35, "team": 69, "user": 136, "type": 1}}, {"model": "core.teamstaff", "pk": 137, "fields": {"inserted": "2022-03-08T02:55:58.623Z", "updated": "2022-03-08T02:55:58.623Z", "season": 5, "league": 9, "division": 18, "subdivision": 35, "team": 70, "user": 137, "type": 1}}, {"model": "core.teamstaff", "pk": 138, "fields": {"inserted": "2022-03-08T02:55:58.631Z", "updated": "2022-03-08T02:55:58.631Z", "season": 5, "league": 9, "division": 18, "subdivision": 36, "team": null, "user": 138, "type": 2}}, {"model": "core.teamstaff", "pk": 139, "fields": {"inserted": "2022-03-08T02:55:58.640Z", "updated": "2022-03-08T02:55:58.640Z", "season": 5, "league": 9, "division": 18, "subdivision": 36, "team": 71, "user": 139, "type": 1}}, {"model": "core.teamstaff", "pk": 140, "fields": {"inserted": "2022-03-08T02:55:58.648Z", "updated": "2022-03-08T02:55:58.648Z", "season": 5, "league": 9, "division": 18, "subdivision": 36, "team": 72, "user": 140, "type": 1}}, {"model": "core.teamstaff", "pk": 141, "fields": {"inserted": "2022-03-08T02:55:58.657Z", "updated": "2022-03-08T02:55:58.657Z", "season": 5, "league": 10, "division": null, "subdivision": null, "team": null, "user": 141, "type": 3}}, {"model": "core.teamstaff", "pk": 142, "fields": {"inserted": "2022-03-08T02:55:58.665Z", "updated": "2022-03-08T02:55:58.665Z", "season": 5, "league": 10, "division": 19, "subdivision": null, "team": null, "user": 142, "type": 3}}, {"model": "core.teamstaff", "pk": 143, "fields": {"inserted": "2022-03-08T02:55:58.673Z", "updated": "2022-03-08T02:55:58.673Z", "season": 5, "league": 10, "division": 19, "subdivision": 37, "team": null, "user": 143, "type": 2}}, {"model": "core.teamstaff", "pk": 144, "fields": {"inserted": "2022-03-08T02:55:58.681Z", "updated": "2022-03-08T02:55:58.681Z", "season": 5, "league": 10, "division": 19, "subdivision": 37, "team": 73, "user": 144, "type": 1}}, {"model": "core.teamstaff", "pk": 145, "fields": {"inserted": "2022-03-08T02:55:58.688Z", "updated": "2022-03-08T02:55:58.688Z", "season": 5, "league": 10, "division": 19, "subdivision": 37, "team": 74, "user": 145, "type": 1}}, {"model": "core.teamstaff", "pk": 146, "fields": {"inserted": "2022-03-08T02:55:58.696Z", "updated": "2022-03-08T02:55:58.696Z", "season": 5, "league": 10, "division": 19, "subdivision": 38, "team": null, "user": 146, "type": 2}}, {"model": "core.teamstaff", "pk": 147, "fields": {"inserted": "2022-03-08T02:55:58.703Z", "updated": "2022-03-08T02:55:58.703Z", "season": 5, "league": 10, "division": 19, "subdivision": 38, "team": 75, "user": 147, "type": 1}}, {"model": "core.teamstaff", "pk": 148, "fields": {"inserted": "2022-03-08T02:55:58.712Z", "updated": "2022-03-08T02:55:58.712Z", "season": 5, "league": 10, "division": 19, "subdivision": 38, "team": 76, "user": 148, "type": 1}}, {"model": "core.teamstaff", "pk": 149, "fields": {"inserted": "2022-03-08T02:55:58.720Z", "updated": "2022-03-08T02:55:58.720Z", "season": 5, "league": 10, "division": 20, "subdivision": null, "team": null, "user": 149, "type": 3}}, {"model": "core.teamstaff", "pk": 150, "fields": {"inserted": "2022-03-08T02:55:58.728Z", "updated": "2022-03-08T02:55:58.728Z", "season": 5, "league": 10, "division": 20, "subdivision": 39, "team": null, "user": 150, "type": 2}}, {"model": "core.teamstaff", "pk": 151, "fields": {"inserted": "2022-03-08T02:55:58.736Z", "updated": "2022-03-08T02:55:58.736Z", "season": 5, "league": 10, "division": 20, "subdivision": 39, "team": 77, "user": 151, "type": 1}}, {"model": "core.teamstaff", "pk": 152, "fields": {"inserted": "2022-03-08T02:55:58.744Z", "updated": "2022-03-08T02:55:58.744Z", "season": 5, "league": 10, "division": 20, "subdivision": 39, "team": 78, "user": 152, "type": 1}}, {"model": "core.teamstaff", "pk": 153, "fields": {"inserted": "2022-03-08T02:55:58.751Z", "updated": "2022-03-08T02:55:58.751Z", "season": 5, "league": 10, "division": 20, "subdivision": 40, "team": null, "user": 153, "type": 2}}, {"model": "core.teamstaff", "pk": 154, "fields": {"inserted": "2022-03-08T02:55:58.760Z", "updated": "2022-03-08T02:55:58.760Z", "season": 5, "league": 10, "division": 20, "subdivision": 40, "team": 79, "user": 154, "type": 1}}, {"model": "core.teamstaff", "pk": 155, "fields": {"inserted": "2022-03-08T02:55:58.768Z", "updated": "2022-03-08T02:55:58.768Z", "season": 5, "league": 10, "division": 20, "subdivision": 40, "team": 80, "user": 155, "type": 1}}, {"model": "core.teamstaff", "pk": 156, "fields": {"inserted": "2022-03-08T02:55:58.782Z", "updated": "2022-03-08T02:55:58.782Z", "season": 6, "league": null, "division": null, "subdivision": null, "team": null, "user": 156, "type": 4}}, {"model": "core.teamstaff", "pk": 157, "fields": {"inserted": "2022-03-08T02:55:58.790Z", "updated": "2022-03-08T02:55:58.790Z", "season": 6, "league": 11, "division": null, "subdivision": null, "team": null, "user": 157, "type": 3}}, {"model": "core.teamstaff", "pk": 158, "fields": {"inserted": "2022-03-08T02:55:58.798Z", "updated": "2022-03-08T02:55:58.798Z", "season": 6, "league": 11, "division": 21, "subdivision": null, "team": null, "user": 158, "type": 3}}, {"model": "core.teamstaff", "pk": 159, "fields": {"inserted": "2022-03-08T02:55:58.806Z", "updated": "2022-03-08T02:55:58.806Z", "season": 6, "league": 11, "division": 21, "subdivision": 41, "team": null, "user": 159, "type": 2}}, {"model": "core.teamstaff", "pk": 160, "fields": {"inserted": "2022-03-08T02:55:58.814Z", "updated": "2022-03-08T02:55:58.814Z", "season": 6, "league": 11, "division": 21, "subdivision": 41, "team": 81, "user": 160, "type": 1}}, {"model": "core.teamstaff", "pk": 161, "fields": {"inserted": "2022-03-08T02:55:58.823Z", "updated": "2022-03-08T02:55:58.823Z", "season": 6, "league": 11, "division": 21, "subdivision": 41, "team": 82, "user": 161, "type": 1}}, {"model": "core.teamstaff", "pk": 162, "fields": {"inserted": "2022-03-08T02:55:58.831Z", "updated": "2022-03-08T02:55:58.831Z", "season": 6, "league": 11, "division": 21, "subdivision": 42, "team": null, "user": 162, "type": 2}}, {"model": "core.teamstaff", "pk": 163, "fields": {"inserted": "2022-03-08T02:55:58.839Z", "updated": "2022-03-08T02:55:58.839Z", "season": 6, "league": 11, "division": 21, "subdivision": 42, "team": 83, "user": 163, "type": 1}}, {"model": "core.teamstaff", "pk": 164, "fields": {"inserted": "2022-03-08T02:55:58.847Z", "updated": "2022-03-08T02:55:58.847Z", "season": 6, "league": 11, "division": 21, "subdivision": 42, "team": 84, "user": 164, "type": 1}}, {"model": "core.teamstaff", "pk": 165, "fields": {"inserted": "2022-03-08T02:55:58.855Z", "updated": "2022-03-08T02:55:58.855Z", "season": 6, "league": 11, "division": 22, "subdivision": null, "team": null, "user": 165, "type": 3}}, {"model": "core.teamstaff", "pk": 166, "fields": {"inserted": "2022-03-08T02:55:58.863Z", "updated": "2022-03-08T02:55:58.863Z", "season": 6, "league": 11, "division": 22, "subdivision": 43, "team": null, "user": 166, "type": 2}}, {"model": "core.teamstaff", "pk": 167, "fields": {"inserted": "2022-03-08T02:55:58.872Z", "updated": "2022-03-08T02:55:58.872Z", "season": 6, "league": 11, "division": 22, "subdivision": 43, "team": 85, "user": 167, "type": 1}}, {"model": "core.teamstaff", "pk": 168, "fields": {"inserted": "2022-03-08T02:55:58.884Z", "updated": "2022-03-08T02:55:58.884Z", "season": 6, "league": 11, "division": 22, "subdivision": 43, "team": 86, "user": 168, "type": 1}}, {"model": "core.teamstaff", "pk": 169, "fields": {"inserted": "2022-03-08T02:55:58.892Z", "updated": "2022-03-08T02:55:58.892Z", "season": 6, "league": 11, "division": 22, "subdivision": 44, "team": null, "user": 169, "type": 2}}, {"model": "core.teamstaff", "pk": 170, "fields": {"inserted": "2022-03-08T02:55:58.900Z", "updated": "2022-03-08T02:55:58.900Z", "season": 6, "league": 11, "division": 22, "subdivision": 44, "team": 87, "user": 170, "type": 1}}, {"model": "core.teamstaff", "pk": 171, "fields": {"inserted": "2022-03-08T02:55:58.908Z", "updated": "2022-03-08T02:55:58.908Z", "season": 6, "league": 11, "division": 22, "subdivision": 44, "team": 88, "user": 171, "type": 1}}, {"model": "core.teamstaff", "pk": 172, "fields": {"inserted": "2022-03-08T02:55:58.916Z", "updated": "2022-03-08T02:55:58.916Z", "season": 6, "league": 12, "division": null, "subdivision": null, "team": null, "user": 172, "type": 3}}, {"model": "core.teamstaff", "pk": 173, "fields": {"inserted": "2022-03-08T02:55:58.925Z", "updated": "2022-03-08T02:55:58.925Z", "season": 6, "league": 12, "division": 23, "subdivision": null, "team": null, "user": 173, "type": 3}}, {"model": "core.teamstaff", "pk": 174, "fields": {"inserted": "2022-03-08T02:55:58.933Z", "updated": "2022-03-08T02:55:58.933Z", "season": 6, "league": 12, "division": 23, "subdivision": 45, "team": null, "user": 174, "type": 2}}, {"model": "core.teamstaff", "pk": 175, "fields": {"inserted": "2022-03-08T02:55:58.941Z", "updated": "2022-03-08T02:55:58.941Z", "season": 6, "league": 12, "division": 23, "subdivision": 45, "team": 89, "user": 175, "type": 1}}, {"model": "core.teamstaff", "pk": 176, "fields": {"inserted": "2022-03-08T02:55:58.950Z", "updated": "2022-03-08T02:55:58.950Z", "season": 6, "league": 12, "division": 23, "subdivision": 45, "team": 90, "user": 176, "type": 1}}, {"model": "core.teamstaff", "pk": 177, "fields": {"inserted": "2022-03-08T02:55:58.959Z", "updated": "2022-03-08T02:55:58.959Z", "season": 6, "league": 12, "division": 23, "subdivision": 46, "team": null, "user": 177, "type": 2}}, {"model": "core.teamstaff", "pk": 178, "fields": {"inserted": "2022-03-08T02:55:58.968Z", "updated": "2022-03-08T02:55:58.968Z", "season": 6, "league": 12, "division": 23, "subdivision": 46, "team": 91, "user": 178, "type": 1}}, {"model": "core.teamstaff", "pk": 179, "fields": {"inserted": "2022-03-08T02:55:58.977Z", "updated": "2022-03-08T02:55:58.977Z", "season": 6, "league": 12, "division": 23, "subdivision": 46, "team": 92, "user": 179, "type": 1}}, {"model": "core.teamstaff", "pk": 180, "fields": {"inserted": "2022-03-08T02:55:58.986Z", "updated": "2022-03-08T02:55:58.986Z", "season": 6, "league": 12, "division": 24, "subdivision": null, "team": null, "user": 180, "type": 3}}, {"model": "core.teamstaff", "pk": 181, "fields": {"inserted": "2022-03-08T02:55:58.995Z", "updated": "2022-03-08T02:55:58.995Z", "season": 6, "league": 12, "division": 24, "subdivision": 47, "team": null, "user": 181, "type": 2}}, {"model": "core.teamstaff", "pk": 182, "fields": {"inserted": "2022-03-08T02:55:59.004Z", "updated": "2022-03-08T02:55:59.004Z", "season": 6, "league": 12, "division": 24, "subdivision": 47, "team": 93, "user": 182, "type": 1}}, {"model": "core.teamstaff", "pk": 183, "fields": {"inserted": "2022-03-08T02:55:59.013Z", "updated": "2022-03-08T02:55:59.013Z", "season": 6, "league": 12, "division": 24, "subdivision": 47, "team": 94, "user": 183, "type": 1}}, {"model": "core.teamstaff", "pk": 184, "fields": {"inserted": "2022-03-08T02:55:59.022Z", "updated": "2022-03-08T02:55:59.022Z", "season": 6, "league": 12, "division": 24, "subdivision": 48, "team": null, "user": 184, "type": 2}}, {"model": "core.teamstaff", "pk": 185, "fields": {"inserted": "2022-03-08T02:55:59.031Z", "updated": "2022-03-08T02:55:59.031Z", "season": 6, "league": 12, "division": 24, "subdivision": 48, "team": 95, "user": 185, "type": 1}}, {"model": "core.teamstaff", "pk": 186, "fields": {"inserted": "2022-03-08T02:55:59.042Z", "updated": "2022-03-08T02:55:59.042Z", "season": 6, "league": 12, "division": 24, "subdivision": 48, "team": 96, "user": 186, "type": 1}}]