[
{
    "model": "core.user",
    "pk": 1,
    "fields": {
        "password": "",
        "last_login": null,
        "is_superuser": false,
        "first_name": "",
        "last_name": "",
        "is_staff": false,
        "is_active": true,
        "date_joined": "2022-03-09T01:32:56.815Z",
        "username": "2022-2023 Admin",
        "email": "2022-2023 Admin",
        "inserted": "2022-03-09T01:32:56.816Z",
        "updated": "2022-03-09T01:32:56.816Z",
        "groups": [],
        "user_permissions": []
    }
},
{
    "model": "core.user",
    "pk": 2,
    "fields": {
        "password": "",
        "last_login": null,
        "is_superuser": false,
        "first_name": "",
        "last_name": "",
        "is_staff": false,
        "is_active": true,
        "date_joined": "2022-03-09T01:32:56.862Z",
        "username": "2022-2023 HL VP",
        "email": "2022-2023 HL VP",
        "inserted": "2022-03-09T01:32:56.862Z",
        "updated": "2022-03-09T01:32:56.862Z",
        "groups": [],
        "user_permissions": []
    }
},
{
    "model": "core.user",
    "pk": 3,
    "fields": {
        "password": "",
        "last_login": null,
        "is_superuser": false,
        "first_name": "",
        "last_name": "",
        "is_staff": false,
        "is_active": true,
        "date_joined": "2022-03-09T01:32:56.896Z",
        "username": "2022-2023 HL U10 Division",
        "email": "2022-2023 HL U10 Division",
        "inserted": "2022-03-09T01:32:56.897Z",
        "updated": "2022-03-09T01:32:56.897Z",
        "groups": [],
        "user_permissions": []
    }
},
{
    "model": "core.user",
    "pk": 4,
    "fields": {
        "password": "",
        "last_login": null,
        "is_superuser": false,
        "first_name": "",
        "last_name": "",
        "is_staff": false,
        "is_active": true,
        "date_joined": "2022-03-09T01:32:56.924Z",
        "username": "2022-2023 - HL - U10 - Blue - SubDivision",
        "email": "2022-2023 - HL - U10 - Blue - SubDivision",
        "inserted": "2022-03-09T01:32:56.924Z",
        "updated": "2022-03-09T01:32:56.924Z",
        "groups": [],
        "user_permissions": []
    }
},
{
    "model": "core.user",
    "pk": 5,
    "fields": {
        "password": "",
        "last_login": null,
        "is_superuser": false,
        "first_name": "",
        "last_name": "",
        "is_staff": false,
        "is_active": true,
        "date_joined": "2022-03-09T01:32:56.955Z",
        "username": "2022-2023 - HL - U10 - Blue - HL / U10 / Blue / Graham - Coach",
        "email": "2022-2023 - HL - U10 - Blue - HL / U10 / Blue / Graham - Coach",
        "inserted": "2022-03-09T01:32:56.955Z",
        "updated": "2022-03-09T01:32:56.955Z",
        "groups": [],
        "user_permissions": []
    }
},
{
    "model": "core.user",
    "pk": 6,
    "fields": {
        "password": "",
        "last_login": null,
        "is_superuser": false,
        "first_name": "",
        "last_name": "",
        "is_staff": false,
        "is_active": true,
        "date_joined": "2022-03-09T01:32:57.007Z",
        "username": "2022-2023 - HL - U10 - Blue - HL / U10 / Blue / Henry - Coach",
        "email": "2022-2023 - HL - U10 - Blue - HL / U10 / Blue / Henry - Coach",
        "inserted": "2022-03-09T01:32:57.007Z",
        "updated": "2022-03-09T01:32:57.007Z",
        "groups": [],
        "user_permissions": []
    }
},
{
    "model": "core.user",
    "pk": 7,
    "fields": {
        "password": "",
        "last_login": null,
        "is_superuser": false,
        "first_name": "",
        "last_name": "",
        "is_staff": false,
        "is_active": true,
        "date_joined": "2022-03-09T01:32:57.059Z",
        "username": "2022-2023 - HL - U10 - White - SubDivision",
        "email": "2022-2023 - HL - U10 - White - SubDivision",
        "inserted": "2022-03-09T01:32:57.059Z",
        "updated": "2022-03-09T01:32:57.059Z",
        "groups": [],
        "user_permissions": []
    }
},
{
    "model": "core.user",
    "pk": 8,
    "fields": {
        "password": "",
        "last_login": null,
        "is_superuser": false,
        "first_name": "",
        "last_name": "",
        "is_staff": false,
        "is_active": true,
        "date_joined": "2022-03-09T01:32:57.110Z",
        "username": "2022-2023 - HL - U10 - White - HL / U10 / White / Graham - Coach",
        "email": "2022-2023 - HL - U10 - White - HL / U10 / White / Graham - Coach",
        "inserted": "2022-03-09T01:32:57.110Z",
        "updated": "2022-03-09T01:32:57.110Z",
        "groups": [],
        "user_permissions": []
    }
},
{
    "model": "core.user",
    "pk": 9,
    "fields": {
        "password": "",
        "last_login": null,
        "is_superuser": false,
        "first_name": "",
        "last_name": "",
        "is_staff": false,
        "is_active": true,
        "date_joined": "2022-03-09T01:32:57.160Z",
        "username": "2022-2023 - HL - U10 - White - HL / U10 / White / Henry - Coach",
        "email": "2022-2023 - HL - U10 - White - HL / U10 / White / Henry - Coach",
        "inserted": "2022-03-09T01:32:57.161Z",
        "updated": "2022-03-09T01:32:57.161Z",
        "groups": [],
        "user_permissions": []
    }
},
{
    "model": "core.user",
    "pk": 10,
    "fields": {
        "password": "",
        "last_login": null,
        "is_superuser": false,
        "first_name": "",
        "last_name": "",
        "is_staff": false,
        "is_active": true,
        "date_joined": "2022-03-09T01:32:57.211Z",
        "username": "2022-2023 HL U11 Division",
        "email": "2022-2023 HL U11 Division",
        "inserted": "2022-03-09T01:32:57.211Z",
        "updated": "2022-03-09T01:32:57.211Z",
        "groups": [],
        "user_permissions": []
    }
},
{
    "model": "core.user",
    "pk": 11,
    "fields": {
        "password": "",
        "last_login": null,
        "is_superuser": false,
        "first_name": "",
        "last_name": "",
        "is_staff": false,
        "is_active": true,
        "date_joined": "2022-03-09T01:32:57.261Z",
        "username": "2022-2023 - HL - U11 - Blue - SubDivision",
        "email": "2022-2023 - HL - U11 - Blue - SubDivision",
        "inserted": "2022-03-09T01:32:57.261Z",
        "updated": "2022-03-09T01:32:57.261Z",
        "groups": [],
        "user_permissions": []
    }
},
{
    "model": "core.user",
    "pk": 12,
    "fields": {
        "password": "",
        "last_login": null,
        "is_superuser": false,
        "first_name": "",
        "last_name": "",
        "is_staff": false,
        "is_active": true,
        "date_joined": "2022-03-09T01:32:57.311Z",
        "username": "2022-2023 - HL - U11 - Blue - HL / U11 / Blue / Graham - Coach",
        "email": "2022-2023 - HL - U11 - Blue - HL / U11 / Blue / Graham - Coach",
        "inserted": "2022-03-09T01:32:57.311Z",
        "updated": "2022-03-09T01:32:57.311Z",
        "groups": [],
        "user_permissions": []
    }
},
{
    "model": "core.user",
    "pk": 13,
    "fields": {
        "password": "",
        "last_login": null,
        "is_superuser": false,
        "first_name": "",
        "last_name": "",
        "is_staff": false,
        "is_active": true,
        "date_joined": "2022-03-09T01:32:57.362Z",
        "username": "2022-2023 - HL - U11 - Blue - HL / U11 / Blue / Henry - Coach",
        "email": "2022-2023 - HL - U11 - Blue - HL / U11 / Blue / Henry - Coach",
        "inserted": "2022-03-09T01:32:57.362Z",
        "updated": "2022-03-09T01:32:57.362Z",
        "groups": [],
        "user_permissions": []
    }
},
{
    "model": "core.user",
    "pk": 14,
    "fields": {
        "password": "",
        "last_login": null,
        "is_superuser": false,
        "first_name": "",
        "last_name": "",
        "is_staff": false,
        "is_active": true,
        "date_joined": "2022-03-09T01:32:57.412Z",
        "username": "2022-2023 - HL - U11 - White - SubDivision",
        "email": "2022-2023 - HL - U11 - White - SubDivision",
        "inserted": "2022-03-09T01:32:57.412Z",
        "updated": "2022-03-09T01:32:57.412Z",
        "groups": [],
        "user_permissions": []
    }
},
{
    "model": "core.user",
    "pk": 15,
    "fields": {
        "password": "",
        "last_login": null,
        "is_superuser": false,
        "first_name": "",
        "last_name": "",
        "is_staff": false,
        "is_active": true,
        "date_joined": "2022-03-09T01:32:57.466Z",
        "username": "2022-2023 - HL - U11 - White - HL / U11 / White / Graham - Coach",
        "email": "2022-2023 - HL - U11 - White - HL / U11 / White / Graham - Coach",
        "inserted": "2022-03-09T01:32:57.467Z",
        "updated": "2022-03-09T01:32:57.467Z",
        "groups": [],
        "user_permissions": []
    }
},
{
    "model": "core.user",
    "pk": 16,
    "fields": {
        "password": "",
        "last_login": null,
        "is_superuser": false,
        "first_name": "",
        "last_name": "",
        "is_staff": false,
        "is_active": true,
        "date_joined": "2022-03-09T01:32:57.526Z",
        "username": "2022-2023 - HL - U11 - White - HL / U11 / White / Henry - Coach",
        "email": "2022-2023 - HL - U11 - White - HL / U11 / White / Henry - Coach",
        "inserted": "2022-03-09T01:32:57.526Z",
        "updated": "2022-03-09T01:32:57.526Z",
        "groups": [],
        "user_permissions": []
    }
},
{
    "model": "core.user",
    "pk": 17,
    "fields": {
        "password": "",
        "last_login": null,
        "is_superuser": false,
        "first_name": "",
        "last_name": "",
        "is_staff": false,
        "is_active": true,
        "date_joined": "2022-03-09T01:32:57.577Z",
        "username": "2022-2023 REP VP",
        "email": "2022-2023 REP VP",
        "inserted": "2022-03-09T01:32:57.577Z",
        "updated": "2022-03-09T01:32:57.577Z",
        "groups": [],
        "user_permissions": []
    }
},
{
    "model": "core.user",
    "pk": 18,
    "fields": {
        "password": "",
        "last_login": null,
        "is_superuser": false,
        "first_name": "",
        "last_name": "",
        "is_staff": false,
        "is_active": true,
        "date_joined": "2022-03-09T01:32:57.627Z",
        "username": "2022-2023 REP U10 Division",
        "email": "2022-2023 REP U10 Division",
        "inserted": "2022-03-09T01:32:57.628Z",
        "updated": "2022-03-09T01:32:57.628Z",
        "groups": [],
        "user_permissions": []
    }
},
{
    "model": "core.user",
    "pk": 19,
    "fields": {
        "password": "",
        "last_login": null,
        "is_superuser": false,
        "first_name": "",
        "last_name": "",
        "is_staff": false,
        "is_active": true,
        "date_joined": "2022-03-09T01:32:57.679Z",
        "username": "2022-2023 - REP - U10 - A - SubDivision",
        "email": "2022-2023 - REP - U10 - A - SubDivision",
        "inserted": "2022-03-09T01:32:57.679Z",
        "updated": "2022-03-09T01:32:57.679Z",
        "groups": [],
        "user_permissions": []
    }
},
{
    "model": "core.user",
    "pk": 20,
    "fields": {
        "password": "",
        "last_login": null,
        "is_superuser": false,
        "first_name": "",
        "last_name": "",
        "is_staff": false,
        "is_active": true,
        "date_joined": "2022-03-09T01:32:57.729Z",
        "username": "2022-2023 - REP - U10 - A - REP / U10 / A / Graham - Coach",
        "email": "2022-2023 - REP - U10 - A - REP / U10 / A / Graham - Coach",
        "inserted": "2022-03-09T01:32:57.729Z",
        "updated": "2022-03-09T01:32:57.729Z",
        "groups": [],
        "user_permissions": []
    }
},
{
    "model": "core.user",
    "pk": 21,
    "fields": {
        "password": "",
        "last_login": null,
        "is_superuser": false,
        "first_name": "",
        "last_name": "",
        "is_staff": false,
        "is_active": true,
        "date_joined": "2022-03-09T01:32:57.779Z",
        "username": "2022-2023 - REP - U10 - A - REP / U10 / A / Henry - Coach",
        "email": "2022-2023 - REP - U10 - A - REP / U10 / A / Henry - Coach",
        "inserted": "2022-03-09T01:32:57.779Z",
        "updated": "2022-03-09T01:32:57.779Z",
        "groups": [],
        "user_permissions": []
    }
},
{
    "model": "core.user",
    "pk": 22,
    "fields": {
        "password": "",
        "last_login": null,
        "is_superuser": false,
        "first_name": "",
        "last_name": "",
        "is_staff": false,
        "is_active": true,
        "date_joined": "2022-03-09T01:32:57.828Z",
        "username": "2022-2023 - REP - U10 - AA - SubDivision",
        "email": "2022-2023 - REP - U10 - AA - SubDivision",
        "inserted": "2022-03-09T01:32:57.828Z",
        "updated": "2022-03-09T01:32:57.828Z",
        "groups": [],
        "user_permissions": []
    }
},
{
    "model": "core.user",
    "pk": 23,
    "fields": {
        "password": "",
        "last_login": null,
        "is_superuser": false,
        "first_name": "",
        "last_name": "",
        "is_staff": false,
        "is_active": true,
        "date_joined": "2022-03-09T01:32:57.881Z",
        "username": "2022-2023 - REP - U10 - AA - REP / U10 / AA / Graham - Coach",
        "email": "2022-2023 - REP - U10 - AA - REP / U10 / AA / Graham - Coach",
        "inserted": "2022-03-09T01:32:57.881Z",
        "updated": "2022-03-09T01:32:57.881Z",
        "groups": [],
        "user_permissions": []
    }
},
{
    "model": "core.user",
    "pk": 24,
    "fields": {
        "password": "",
        "last_login": null,
        "is_superuser": false,
        "first_name": "",
        "last_name": "",
        "is_staff": false,
        "is_active": true,
        "date_joined": "2022-03-09T01:32:57.932Z",
        "username": "2022-2023 - REP - U10 - AA - REP / U10 / AA / Henry - Coach",
        "email": "2022-2023 - REP - U10 - AA - REP / U10 / AA / Henry - Coach",
        "inserted": "2022-03-09T01:32:57.932Z",
        "updated": "2022-03-09T01:32:57.932Z",
        "groups": [],
        "user_permissions": []
    }
},
{
    "model": "core.user",
    "pk": 25,
    "fields": {
        "password": "",
        "last_login": null,
        "is_superuser": false,
        "first_name": "",
        "last_name": "",
        "is_staff": false,
        "is_active": true,
        "date_joined": "2022-03-09T01:32:57.981Z",
        "username": "2022-2023 REP U11 Division",
        "email": "2022-2023 REP U11 Division",
        "inserted": "2022-03-09T01:32:57.981Z",
        "updated": "2022-03-09T01:32:57.981Z",
        "groups": [],
        "user_permissions": []
    }
},
{
    "model": "core.user",
    "pk": 26,
    "fields": {
        "password": "",
        "last_login": null,
        "is_superuser": false,
        "first_name": "",
        "last_name": "",
        "is_staff": false,
        "is_active": true,
        "date_joined": "2022-03-09T01:32:58.029Z",
        "username": "2022-2023 - REP - U11 - A - SubDivision",
        "email": "2022-2023 - REP - U11 - A - SubDivision",
        "inserted": "2022-03-09T01:32:58.030Z",
        "updated": "2022-03-09T01:32:58.030Z",
        "groups": [],
        "user_permissions": []
    }
},
{
    "model": "core.user",
    "pk": 27,
    "fields": {
        "password": "",
        "last_login": null,
        "is_superuser": false,
        "first_name": "",
        "last_name": "",
        "is_staff": false,
        "is_active": true,
        "date_joined": "2022-03-09T01:32:58.078Z",
        "username": "2022-2023 - REP - U11 - A - REP / U11 / A / Graham - Coach",
        "email": "2022-2023 - REP - U11 - A - REP / U11 / A / Graham - Coach",
        "inserted": "2022-03-09T01:32:58.078Z",
        "updated": "2022-03-09T01:32:58.078Z",
        "groups": [],
        "user_permissions": []
    }
},
{
    "model": "core.user",
    "pk": 28,
    "fields": {
        "password": "",
        "last_login": null,
        "is_superuser": false,
        "first_name": "",
        "last_name": "",
        "is_staff": false,
        "is_active": true,
        "date_joined": "2022-03-09T01:32:58.127Z",
        "username": "2022-2023 - REP - U11 - A - REP / U11 / A / Henry - Coach",
        "email": "2022-2023 - REP - U11 - A - REP / U11 / A / Henry - Coach",
        "inserted": "2022-03-09T01:32:58.127Z",
        "updated": "2022-03-09T01:32:58.128Z",
        "groups": [],
        "user_permissions": []
    }
},
{
    "model": "core.user",
    "pk": 29,
    "fields": {
        "password": "",
        "last_login": null,
        "is_superuser": false,
        "first_name": "",
        "last_name": "",
        "is_staff": false,
        "is_active": true,
        "date_joined": "2022-03-09T01:32:58.176Z",
        "username": "2022-2023 - REP - U11 - AA - SubDivision",
        "email": "2022-2023 - REP - U11 - AA - SubDivision",
        "inserted": "2022-03-09T01:32:58.177Z",
        "updated": "2022-03-09T01:32:58.177Z",
        "groups": [],
        "user_permissions": []
    }
},
{
    "model": "core.user",
    "pk": 30,
    "fields": {
        "password": "",
        "last_login": null,
        "is_superuser": false,
        "first_name": "",
        "last_name": "",
        "is_staff": false,
        "is_active": true,
        "date_joined": "2022-03-09T01:32:58.230Z",
        "username": "2022-2023 - REP - U11 - AA - REP / U11 / AA / Graham - Coach",
        "email": "2022-2023 - REP - U11 - AA - REP / U11 / AA / Graham - Coach",
        "inserted": "2022-03-09T01:32:58.230Z",
        "updated": "2022-03-09T01:32:58.230Z",
        "groups": [],
        "user_permissions": []
    }
},
{
    "model": "core.user",
    "pk": 31,
    "fields": {
        "password": "",
        "last_login": null,
        "is_superuser": false,
        "first_name": "",
        "last_name": "",
        "is_staff": false,
        "is_active": true,
        "date_joined": "2022-03-09T01:32:58.279Z",
        "username": "2022-2023 - REP - U11 - AA - REP / U11 / AA / Henry - Coach",
        "email": "2022-2023 - REP - U11 - AA - REP / U11 / AA / Henry - Coach",
        "inserted": "2022-03-09T01:32:58.279Z",
        "updated": "2022-03-09T01:32:58.279Z",
        "groups": [],
        "user_permissions": []
    }
},
{
    "model": "core.user",
    "pk": 32,
    "fields": {
        "password": "",
        "last_login": null,
        "is_superuser": false,
        "first_name": "",
        "last_name": "",
        "is_staff": false,
        "is_active": true,
        "date_joined": "2022-03-09T01:32:58.328Z",
        "username": "2023-2024 Admin",
        "email": "2023-2024 Admin",
        "inserted": "2022-03-09T01:32:58.329Z",
        "updated": "2022-03-09T01:32:58.329Z",
        "groups": [],
        "user_permissions": []
    }
},
{
    "model": "core.user",
    "pk": 33,
    "fields": {
        "password": "",
        "last_login": null,
        "is_superuser": false,
        "first_name": "",
        "last_name": "",
        "is_staff": false,
        "is_active": true,
        "date_joined": "2022-03-09T01:32:58.378Z",
        "username": "2023-2024 HL VP",
        "email": "2023-2024 HL VP",
        "inserted": "2022-03-09T01:32:58.379Z",
        "updated": "2022-03-09T01:32:58.379Z",
        "groups": [],
        "user_permissions": []
    }
},
{
    "model": "core.user",
    "pk": 34,
    "fields": {
        "password": "",
        "last_login": null,
        "is_superuser": false,
        "first_name": "",
        "last_name": "",
        "is_staff": false,
        "is_active": true,
        "date_joined": "2022-03-09T01:32:58.426Z",
        "username": "2023-2024 HL U10 Division",
        "email": "2023-2024 HL U10 Division",
        "inserted": "2022-03-09T01:32:58.427Z",
        "updated": "2022-03-09T01:32:58.427Z",
        "groups": [],
        "user_permissions": []
    }
},
{
    "model": "core.user",
    "pk": 35,
    "fields": {
        "password": "",
        "last_login": null,
        "is_superuser": false,
        "first_name": "",
        "last_name": "",
        "is_staff": false,
        "is_active": true,
        "date_joined": "2022-03-09T01:32:58.478Z",
        "username": "2023-2024 - HL - U10 - Blue - SubDivision",
        "email": "2023-2024 - HL - U10 - Blue - SubDivision",
        "inserted": "2022-03-09T01:32:58.479Z",
        "updated": "2022-03-09T01:32:58.479Z",
        "groups": [],
        "user_permissions": []
    }
},
{
    "model": "core.user",
    "pk": 36,
    "fields": {
        "password": "",
        "last_login": null,
        "is_superuser": false,
        "first_name": "",
        "last_name": "",
        "is_staff": false,
        "is_active": true,
        "date_joined": "2022-03-09T01:32:58.530Z",
        "username": "2023-2024 - HL - U10 - Blue - HL / U10 / Blue / Graham - Coach",
        "email": "2023-2024 - HL - U10 - Blue - HL / U10 / Blue / Graham - Coach",
        "inserted": "2022-03-09T01:32:58.530Z",
        "updated": "2022-03-09T01:32:58.530Z",
        "groups": [],
        "user_permissions": []
    }
},
{
    "model": "core.user",
    "pk": 37,
    "fields": {
        "password": "",
        "last_login": null,
        "is_superuser": false,
        "first_name": "",
        "last_name": "",
        "is_staff": false,
        "is_active": true,
        "date_joined": "2022-03-09T01:32:58.579Z",
        "username": "2023-2024 - HL - U10 - Blue - HL / U10 / Blue / Henry - Coach",
        "email": "2023-2024 - HL - U10 - Blue - HL / U10 / Blue / Henry - Coach",
        "inserted": "2022-03-09T01:32:58.579Z",
        "updated": "2022-03-09T01:32:58.579Z",
        "groups": [],
        "user_permissions": []
    }
},
{
    "model": "core.user",
    "pk": 38,
    "fields": {
        "password": "",
        "last_login": null,
        "is_superuser": false,
        "first_name": "",
        "last_name": "",
        "is_staff": false,
        "is_active": true,
        "date_joined": "2022-03-09T01:32:58.630Z",
        "username": "2023-2024 - HL - U10 - White - SubDivision",
        "email": "2023-2024 - HL - U10 - White - SubDivision",
        "inserted": "2022-03-09T01:32:58.630Z",
        "updated": "2022-03-09T01:32:58.630Z",
        "groups": [],
        "user_permissions": []
    }
},
{
    "model": "core.user",
    "pk": 39,
    "fields": {
        "password": "",
        "last_login": null,
        "is_superuser": false,
        "first_name": "",
        "last_name": "",
        "is_staff": false,
        "is_active": true,
        "date_joined": "2022-03-09T01:32:58.682Z",
        "username": "2023-2024 - HL - U10 - White - HL / U10 / White / Graham - Coach",
        "email": "2023-2024 - HL - U10 - White - HL / U10 / White / Graham - Coach",
        "inserted": "2022-03-09T01:32:58.682Z",
        "updated": "2022-03-09T01:32:58.682Z",
        "groups": [],
        "user_permissions": []
    }
},
{
    "model": "core.user",
    "pk": 40,
    "fields": {
        "password": "",
        "last_login": null,
        "is_superuser": false,
        "first_name": "",
        "last_name": "",
        "is_staff": false,
        "is_active": true,
        "date_joined": "2022-03-09T01:32:58.731Z",
        "username": "2023-2024 - HL - U10 - White - HL / U10 / White / Henry - Coach",
        "email": "2023-2024 - HL - U10 - White - HL / U10 / White / Henry - Coach",
        "inserted": "2022-03-09T01:32:58.732Z",
        "updated": "2022-03-09T01:32:58.732Z",
        "groups": [],
        "user_permissions": []
    }
},
{
    "model": "core.user",
    "pk": 41,
    "fields": {
        "password": "",
        "last_login": null,
        "is_superuser": false,
        "first_name": "",
        "last_name": "",
        "is_staff": false,
        "is_active": true,
        "date_joined": "2022-03-09T01:32:58.782Z",
        "username": "2023-2024 HL U11 Division",
        "email": "2023-2024 HL U11 Division",
        "inserted": "2022-03-09T01:32:58.782Z",
        "updated": "2022-03-09T01:32:58.782Z",
        "groups": [],
        "user_permissions": []
    }
},
{
    "model": "core.user",
    "pk": 42,
    "fields": {
        "password": "",
        "last_login": null,
        "is_superuser": false,
        "first_name": "",
        "last_name": "",
        "is_staff": false,
        "is_active": true,
        "date_joined": "2022-03-09T01:32:58.830Z",
        "username": "2023-2024 - HL - U11 - Blue - SubDivision",
        "email": "2023-2024 - HL - U11 - Blue - SubDivision",
        "inserted": "2022-03-09T01:32:58.830Z",
        "updated": "2022-03-09T01:32:58.830Z",
        "groups": [],
        "user_permissions": []
    }
},
{
    "model": "core.user",
    "pk": 43,
    "fields": {
        "password": "",
        "last_login": null,
        "is_superuser": false,
        "first_name": "",
        "last_name": "",
        "is_staff": false,
        "is_active": true,
        "date_joined": "2022-03-09T01:32:58.877Z",
        "username": "2023-2024 - HL - U11 - Blue - HL / U11 / Blue / Graham - Coach",
        "email": "2023-2024 - HL - U11 - Blue - HL / U11 / Blue / Graham - Coach",
        "inserted": "2022-03-09T01:32:58.877Z",
        "updated": "2022-03-09T01:32:58.877Z",
        "groups": [],
        "user_permissions": []
    }
},
{
    "model": "core.user",
    "pk": 44,
    "fields": {
        "password": "",
        "last_login": null,
        "is_superuser": false,
        "first_name": "",
        "last_name": "",
        "is_staff": false,
        "is_active": true,
        "date_joined": "2022-03-09T01:32:58.924Z",
        "username": "2023-2024 - HL - U11 - Blue - HL / U11 / Blue / Henry - Coach",
        "email": "2023-2024 - HL - U11 - Blue - HL / U11 / Blue / Henry - Coach",
        "inserted": "2022-03-09T01:32:58.924Z",
        "updated": "2022-03-09T01:32:58.924Z",
        "groups": [],
        "user_permissions": []
    }
},
{
    "model": "core.user",
    "pk": 45,
    "fields": {
        "password": "",
        "last_login": null,
        "is_superuser": false,
        "first_name": "",
        "last_name": "",
        "is_staff": false,
        "is_active": true,
        "date_joined": "2022-03-09T01:32:58.968Z",
        "username": "2023-2024 - HL - U11 - White - SubDivision",
        "email": "2023-2024 - HL - U11 - White - SubDivision",
        "inserted": "2022-03-09T01:32:58.968Z",
        "updated": "2022-03-09T01:32:58.968Z",
        "groups": [],
        "user_permissions": []
    }
},
{
    "model": "core.user",
    "pk": 46,
    "fields": {
        "password": "",
        "last_login": null,
        "is_superuser": false,
        "first_name": "",
        "last_name": "",
        "is_staff": false,
        "is_active": true,
        "date_joined": "2022-03-09T01:32:59.011Z",
        "username": "2023-2024 - HL - U11 - White - HL / U11 / White / Graham - Coach",
        "email": "2023-2024 - HL - U11 - White - HL / U11 / White / Graham - Coach",
        "inserted": "2022-03-09T01:32:59.011Z",
        "updated": "2022-03-09T01:32:59.011Z",
        "groups": [],
        "user_permissions": []
    }
},
{
    "model": "core.user",
    "pk": 47,
    "fields": {
        "password": "",
        "last_login": null,
        "is_superuser": false,
        "first_name": "",
        "last_name": "",
        "is_staff": false,
        "is_active": true,
        "date_joined": "2022-03-09T01:32:59.055Z",
        "username": "2023-2024 - HL - U11 - White - HL / U11 / White / Henry - Coach",
        "email": "2023-2024 - HL - U11 - White - HL / U11 / White / Henry - Coach",
        "inserted": "2022-03-09T01:32:59.056Z",
        "updated": "2022-03-09T01:32:59.056Z",
        "groups": [],
        "user_permissions": []
    }
},
{
    "model": "core.user",
    "pk": 48,
    "fields": {
        "password": "",
        "last_login": null,
        "is_superuser": false,
        "first_name": "",
        "last_name": "",
        "is_staff": false,
        "is_active": true,
        "date_joined": "2022-03-09T01:32:59.099Z",
        "username": "2023-2024 REP VP",
        "email": "2023-2024 REP VP",
        "inserted": "2022-03-09T01:32:59.099Z",
        "updated": "2022-03-09T01:32:59.099Z",
        "groups": [],
        "user_permissions": []
    }
},
{
    "model": "core.user",
    "pk": 49,
    "fields": {
        "password": "",
        "last_login": null,
        "is_superuser": false,
        "first_name": "",
        "last_name": "",
        "is_staff": false,
        "is_active": true,
        "date_joined": "2022-03-09T01:32:59.141Z",
        "username": "2023-2024 REP U10 Division",
        "email": "2023-2024 REP U10 Division",
        "inserted": "2022-03-09T01:32:59.142Z",
        "updated": "2022-03-09T01:32:59.142Z",
        "groups": [],
        "user_permissions": []
    }
},
{
    "model": "core.user",
    "pk": 50,
    "fields": {
        "password": "",
        "last_login": null,
        "is_superuser": false,
        "first_name": "",
        "last_name": "",
        "is_staff": false,
        "is_active": true,
        "date_joined": "2022-03-09T01:32:59.183Z",
        "username": "2023-2024 - REP - U10 - A - SubDivision",
        "email": "2023-2024 - REP - U10 - A - SubDivision",
        "inserted": "2022-03-09T01:32:59.183Z",
        "updated": "2022-03-09T01:32:59.183Z",
        "groups": [],
        "user_permissions": []
    }
},
{
    "model": "core.user",
    "pk": 51,
    "fields": {
        "password": "",
        "last_login": null,
        "is_superuser": false,
        "first_name": "",
        "last_name": "",
        "is_staff": false,
        "is_active": true,
        "date_joined": "2022-03-09T01:32:59.225Z",
        "username": "2023-2024 - REP - U10 - A - REP / U10 / A / Graham - Coach",
        "email": "2023-2024 - REP - U10 - A - REP / U10 / A / Graham - Coach",
        "inserted": "2022-03-09T01:32:59.226Z",
        "updated": "2022-03-09T01:32:59.226Z",
        "groups": [],
        "user_permissions": []
    }
},
{
    "model": "core.user",
    "pk": 52,
    "fields": {
        "password": "",
        "last_login": null,
        "is_superuser": false,
        "first_name": "",
        "last_name": "",
        "is_staff": false,
        "is_active": true,
        "date_joined": "2022-03-09T01:32:59.268Z",
        "username": "2023-2024 - REP - U10 - A - REP / U10 / A / Henry - Coach",
        "email": "2023-2024 - REP - U10 - A - REP / U10 / A / Henry - Coach",
        "inserted": "2022-03-09T01:32:59.268Z",
        "updated": "2022-03-09T01:32:59.268Z",
        "groups": [],
        "user_permissions": []
    }
},
{
    "model": "core.user",
    "pk": 53,
    "fields": {
        "password": "",
        "last_login": null,
        "is_superuser": false,
        "first_name": "",
        "last_name": "",
        "is_staff": false,
        "is_active": true,
        "date_joined": "2022-03-09T01:32:59.313Z",
        "username": "2023-2024 - REP - U10 - AA - SubDivision",
        "email": "2023-2024 - REP - U10 - AA - SubDivision",
        "inserted": "2022-03-09T01:32:59.313Z",
        "updated": "2022-03-09T01:32:59.314Z",
        "groups": [],
        "user_permissions": []
    }
},
{
    "model": "core.user",
    "pk": 54,
    "fields": {
        "password": "",
        "last_login": null,
        "is_superuser": false,
        "first_name": "",
        "last_name": "",
        "is_staff": false,
        "is_active": true,
        "date_joined": "2022-03-09T01:32:59.356Z",
        "username": "2023-2024 - REP - U10 - AA - REP / U10 / AA / Graham - Coach",
        "email": "2023-2024 - REP - U10 - AA - REP / U10 / AA / Graham - Coach",
        "inserted": "2022-03-09T01:32:59.356Z",
        "updated": "2022-03-09T01:32:59.356Z",
        "groups": [],
        "user_permissions": []
    }
},
{
    "model": "core.user",
    "pk": 55,
    "fields": {
        "password": "",
        "last_login": null,
        "is_superuser": false,
        "first_name": "",
        "last_name": "",
        "is_staff": false,
        "is_active": true,
        "date_joined": "2022-03-09T01:32:59.399Z",
        "username": "2023-2024 - REP - U10 - AA - REP / U10 / AA / Henry - Coach",
        "email": "2023-2024 - REP - U10 - AA - REP / U10 / AA / Henry - Coach",
        "inserted": "2022-03-09T01:32:59.399Z",
        "updated": "2022-03-09T01:32:59.399Z",
        "groups": [],
        "user_permissions": []
    }
},
{
    "model": "core.user",
    "pk": 56,
    "fields": {
        "password": "",
        "last_login": null,
        "is_superuser": false,
        "first_name": "",
        "last_name": "",
        "is_staff": false,
        "is_active": true,
        "date_joined": "2022-03-09T01:32:59.442Z",
        "username": "2023-2024 REP U11 Division",
        "email": "2023-2024 REP U11 Division",
        "inserted": "2022-03-09T01:32:59.442Z",
        "updated": "2022-03-09T01:32:59.442Z",
        "groups": [],
        "user_permissions": []
    }
},
{
    "model": "core.user",
    "pk": 57,
    "fields": {
        "password": "",
        "last_login": null,
        "is_superuser": false,
        "first_name": "",
        "last_name": "",
        "is_staff": false,
        "is_active": true,
        "date_joined": "2022-03-09T01:32:59.484Z",
        "username": "2023-2024 - REP - U11 - A - SubDivision",
        "email": "2023-2024 - REP - U11 - A - SubDivision",
        "inserted": "2022-03-09T01:32:59.485Z",
        "updated": "2022-03-09T01:32:59.485Z",
        "groups": [],
        "user_permissions": []
    }
},
{
    "model": "core.user",
    "pk": 58,
    "fields": {
        "password": "",
        "last_login": null,
        "is_superuser": false,
        "first_name": "",
        "last_name": "",
        "is_staff": false,
        "is_active": true,
        "date_joined": "2022-03-09T01:32:59.536Z",
        "username": "2023-2024 - REP - U11 - A - REP / U11 / A / Graham - Coach",
        "email": "2023-2024 - REP - U11 - A - REP / U11 / A / Graham - Coach",
        "inserted": "2022-03-09T01:32:59.537Z",
        "updated": "2022-03-09T01:32:59.537Z",
        "groups": [],
        "user_permissions": []
    }
},
{
    "model": "core.user",
    "pk": 59,
    "fields": {
        "password": "",
        "last_login": null,
        "is_superuser": false,
        "first_name": "",
        "last_name": "",
        "is_staff": false,
        "is_active": true,
        "date_joined": "2022-03-09T01:32:59.582Z",
        "username": "2023-2024 - REP - U11 - A - REP / U11 / A / Henry - Coach",
        "email": "2023-2024 - REP - U11 - A - REP / U11 / A / Henry - Coach",
        "inserted": "2022-03-09T01:32:59.583Z",
        "updated": "2022-03-09T01:32:59.583Z",
        "groups": [],
        "user_permissions": []
    }
},
{
    "model": "core.user",
    "pk": 60,
    "fields": {
        "password": "",
        "last_login": null,
        "is_superuser": false,
        "first_name": "",
        "last_name": "",
        "is_staff": false,
        "is_active": true,
        "date_joined": "2022-03-09T01:32:59.624Z",
        "username": "2023-2024 - REP - U11 - AA - SubDivision",
        "email": "2023-2024 - REP - U11 - AA - SubDivision",
        "inserted": "2022-03-09T01:32:59.624Z",
        "updated": "2022-03-09T01:32:59.624Z",
        "groups": [],
        "user_permissions": []
    }
},
{
    "model": "core.user",
    "pk": 61,
    "fields": {
        "password": "",
        "last_login": null,
        "is_superuser": false,
        "first_name": "",
        "last_name": "",
        "is_staff": false,
        "is_active": true,
        "date_joined": "2022-03-09T01:32:59.667Z",
        "username": "2023-2024 - REP - U11 - AA - REP / U11 / AA / Graham - Coach",
        "email": "2023-2024 - REP - U11 - AA - REP / U11 / AA / Graham - Coach",
        "inserted": "2022-03-09T01:32:59.667Z",
        "updated": "2022-03-09T01:32:59.667Z",
        "groups": [],
        "user_permissions": []
    }
},
{
    "model": "core.user",
    "pk": 62,
    "fields": {
        "password": "",
        "last_login": null,
        "is_superuser": false,
        "first_name": "",
        "last_name": "",
        "is_staff": false,
        "is_active": true,
        "date_joined": "2022-03-09T01:32:59.709Z",
        "username": "2023-2024 - REP - U11 - AA - REP / U11 / AA / Henry - Coach",
        "email": "2023-2024 - REP - U11 - AA - REP / U11 / AA / Henry - Coach",
        "inserted": "2022-03-09T01:32:59.709Z",
        "updated": "2022-03-09T01:32:59.709Z",
        "groups": [],
        "user_permissions": []
    }
},
{
    "model": "core.season",
    "pk": 1,
    "fields": {
        "old_sk_id": null,
        "inserted": "2022-03-09T01:32:56.800Z",
        "updated": "2022-03-09T01:32:56.800Z",
        "hockey_canada_id": null,
        "hockey_canada_system_id": null,
        "name": "2022-2023",
        "start": "2022-09-01",
        "end": "2023-08-31",
        "mbs_id": 0,
        "gsi_id": 0
    }
},
{
    "model": "core.season",
    "pk": 2,
    "fields": {
        "old_sk_id": null,
        "inserted": "2022-03-09T01:32:58.313Z",
        "updated": "2022-03-09T01:32:58.313Z",
        "hockey_canada_id": null,
        "hockey_canada_system_id": null,
        "name": "2023-2024",
        "start": "2023-09-01",
        "end": "2024-08-31",
        "mbs_id": 0,
        "gsi_id": 0
    }
},
{
    "model": "core.league",
    "pk": 1,
    "fields": {
        "old_sk_id": null,
        "inserted": "2022-03-09T01:32:56.846Z",
        "updated": "2022-03-09T01:32:56.846Z",
        "hockey_canada_id": null,
        "hockey_canada_system_id": null,
        "season": 1,
        "name": "HL",
        "weight": 0
    }
},
{
    "model": "core.league",
    "pk": 2,
    "fields": {
        "old_sk_id": null,
        "inserted": "2022-03-09T01:32:57.559Z",
        "updated": "2022-03-09T01:32:57.559Z",
        "hockey_canada_id": null,
        "hockey_canada_system_id": null,
        "season": 1,
        "name": "REP",
        "weight": 1
    }
},
{
    "model": "core.league",
    "pk": 3,
    "fields": {
        "old_sk_id": null,
        "inserted": "2022-03-09T01:32:58.362Z",
        "updated": "2022-03-09T01:32:58.362Z",
        "hockey_canada_id": null,
        "hockey_canada_system_id": null,
        "season": 2,
        "name": "HL",
        "weight": 0
    }
},
{
    "model": "core.league",
    "pk": 4,
    "fields": {
        "old_sk_id": null,
        "inserted": "2022-03-09T01:32:59.084Z",
        "updated": "2022-03-09T01:32:59.084Z",
        "hockey_canada_id": null,
        "hockey_canada_system_id": null,
        "season": 2,
        "name": "REP",
        "weight": 1
    }
},
{
    "model": "core.division",
    "pk": 1,
    "fields": {
        "old_sk_id": null,
        "inserted": "2022-03-09T01:32:56.886Z",
        "updated": "2022-03-09T01:32:56.886Z",
        "hockey_canada_id": null,
        "hockey_canada_system_id": null,
        "season": 1,
        "league": 1,
        "name": "U10",
        "age_from": 0,
        "age_to": 0,
        "weight": 0
    }
},
{
    "model": "core.division",
    "pk": 2,
    "fields": {
        "old_sk_id": null,
        "inserted": "2022-03-09T01:32:57.194Z",
        "updated": "2022-03-09T01:32:57.194Z",
        "hockey_canada_id": null,
        "hockey_canada_system_id": null,
        "season": 1,
        "league": 1,
        "name": "U11",
        "age_from": 0,
        "age_to": 0,
        "weight": 1
    }
},
{
    "model": "core.division",
    "pk": 3,
    "fields": {
        "old_sk_id": null,
        "inserted": "2022-03-09T01:32:57.610Z",
        "updated": "2022-03-09T01:32:57.610Z",
        "hockey_canada_id": null,
        "hockey_canada_system_id": null,
        "season": 1,
        "league": 2,
        "name": "U10",
        "age_from": 0,
        "age_to": 0,
        "weight": 2
    }
},
{
    "model": "core.division",
    "pk": 4,
    "fields": {
        "old_sk_id": null,
        "inserted": "2022-03-09T01:32:57.964Z",
        "updated": "2022-03-09T01:32:57.964Z",
        "hockey_canada_id": null,
        "hockey_canada_system_id": null,
        "season": 1,
        "league": 2,
        "name": "U11",
        "age_from": 0,
        "age_to": 0,
        "weight": 3
    }
},
{
    "model": "core.division",
    "pk": 5,
    "fields": {
        "old_sk_id": null,
        "inserted": "2022-03-09T01:32:58.410Z",
        "updated": "2022-03-09T01:32:58.410Z",
        "hockey_canada_id": null,
        "hockey_canada_system_id": null,
        "season": 2,
        "league": 3,
        "name": "U10",
        "age_from": 0,
        "age_to": 0,
        "weight": 0
    }
},
{
    "model": "core.division",
    "pk": 6,
    "fields": {
        "old_sk_id": null,
        "inserted": "2022-03-09T01:32:58.765Z",
        "updated": "2022-03-09T01:32:58.766Z",
        "hockey_canada_id": null,
        "hockey_canada_system_id": null,
        "season": 2,
        "league": 3,
        "name": "U11",
        "age_from": 0,
        "age_to": 0,
        "weight": 1
    }
},
{
    "model": "core.division",
    "pk": 7,
    "fields": {
        "old_sk_id": null,
        "inserted": "2022-03-09T01:32:59.127Z",
        "updated": "2022-03-09T01:32:59.127Z",
        "hockey_canada_id": null,
        "hockey_canada_system_id": null,
        "season": 2,
        "league": 4,
        "name": "U10",
        "age_from": 0,
        "age_to": 0,
        "weight": 2
    }
},
{
    "model": "core.division",
    "pk": 8,
    "fields": {
        "old_sk_id": null,
        "inserted": "2022-03-09T01:32:59.427Z",
        "updated": "2022-03-09T01:32:59.427Z",
        "hockey_canada_id": null,
        "hockey_canada_system_id": null,
        "season": 2,
        "league": 4,
        "name": "U11",
        "age_from": 0,
        "age_to": 0,
        "weight": 3
    }
},
{
    "model": "core.subdivision",
    "pk": 1,
    "fields": {
        "old_sk_id": null,
        "inserted": "2022-03-09T01:32:56.916Z",
        "updated": "2022-03-09T01:32:56.916Z",
        "hockey_canada_id": null,
        "hockey_canada_system_id": null,
        "season": 1,
        "league": 1,
        "division": 1,
        "name": "Blue",
        "weight": 0,
        "body_checking": false
    }
},
{
    "model": "core.subdivision",
    "pk": 2,
    "fields": {
        "old_sk_id": null,
        "inserted": "2022-03-09T01:32:57.040Z",
        "updated": "2022-03-09T01:32:57.040Z",
        "hockey_canada_id": null,
        "hockey_canada_system_id": null,
        "season": 1,
        "league": 1,
        "division": 1,
        "name": "White",
        "weight": 1,
        "body_checking": false
    }
},
{
    "model": "core.subdivision",
    "pk": 3,
    "fields": {
        "old_sk_id": null,
        "inserted": "2022-03-09T01:32:57.244Z",
        "updated": "2022-03-09T01:32:57.244Z",
        "hockey_canada_id": null,
        "hockey_canada_system_id": null,
        "season": 1,
        "league": 1,
        "division": 2,
        "name": "Blue",
        "weight": 2,
        "body_checking": false
    }
},
{
    "model": "core.subdivision",
    "pk": 4,
    "fields": {
        "old_sk_id": null,
        "inserted": "2022-03-09T01:32:57.395Z",
        "updated": "2022-03-09T01:32:57.395Z",
        "hockey_canada_id": null,
        "hockey_canada_system_id": null,
        "season": 1,
        "league": 1,
        "division": 2,
        "name": "White",
        "weight": 3,
        "body_checking": false
    }
},
{
    "model": "core.subdivision",
    "pk": 5,
    "fields": {
        "old_sk_id": null,
        "inserted": "2022-03-09T01:32:57.661Z",
        "updated": "2022-03-09T01:32:57.661Z",
        "hockey_canada_id": null,
        "hockey_canada_system_id": null,
        "season": 1,
        "league": 2,
        "division": 3,
        "name": "A",
        "weight": 4,
        "body_checking": false
    }
},
{
    "model": "core.subdivision",
    "pk": 6,
    "fields": {
        "old_sk_id": null,
        "inserted": "2022-03-09T01:32:57.811Z",
        "updated": "2022-03-09T01:32:57.811Z",
        "hockey_canada_id": null,
        "hockey_canada_system_id": null,
        "season": 1,
        "league": 2,
        "division": 3,
        "name": "AA",
        "weight": 5,
        "body_checking": false
    }
},
{
    "model": "core.subdivision",
    "pk": 7,
    "fields": {
        "old_sk_id": null,
        "inserted": "2022-03-09T01:32:58.013Z",
        "updated": "2022-03-09T01:32:58.013Z",
        "hockey_canada_id": null,
        "hockey_canada_system_id": null,
        "season": 1,
        "league": 2,
        "division": 4,
        "name": "A",
        "weight": 6,
        "body_checking": false
    }
},
{
    "model": "core.subdivision",
    "pk": 8,
    "fields": {
        "old_sk_id": null,
        "inserted": "2022-03-09T01:32:58.160Z",
        "updated": "2022-03-09T01:32:58.160Z",
        "hockey_canada_id": null,
        "hockey_canada_system_id": null,
        "season": 1,
        "league": 2,
        "division": 4,
        "name": "AA",
        "weight": 7,
        "body_checking": false
    }
},
{
    "model": "core.subdivision",
    "pk": 9,
    "fields": {
        "old_sk_id": null,
        "inserted": "2022-03-09T01:32:58.459Z",
        "updated": "2022-03-09T01:32:58.459Z",
        "hockey_canada_id": null,
        "hockey_canada_system_id": null,
        "season": 2,
        "league": 3,
        "division": 5,
        "name": "Blue",
        "weight": 0,
        "body_checking": false
    }
},
{
    "model": "core.subdivision",
    "pk": 10,
    "fields": {
        "old_sk_id": null,
        "inserted": "2022-03-09T01:32:58.611Z",
        "updated": "2022-03-09T01:32:58.611Z",
        "hockey_canada_id": null,
        "hockey_canada_system_id": null,
        "season": 2,
        "league": 3,
        "division": 5,
        "name": "White",
        "weight": 1,
        "body_checking": false
    }
},
{
    "model": "core.subdivision",
    "pk": 11,
    "fields": {
        "old_sk_id": null,
        "inserted": "2022-03-09T01:32:58.814Z",
        "updated": "2022-03-09T01:32:58.814Z",
        "hockey_canada_id": null,
        "hockey_canada_system_id": null,
        "season": 2,
        "league": 3,
        "division": 6,
        "name": "Blue",
        "weight": 2,
        "body_checking": false
    }
},
{
    "model": "core.subdivision",
    "pk": 12,
    "fields": {
        "old_sk_id": null,
        "inserted": "2022-03-09T01:32:58.953Z",
        "updated": "2022-03-09T01:32:58.953Z",
        "hockey_canada_id": null,
        "hockey_canada_system_id": null,
        "season": 2,
        "league": 3,
        "division": 6,
        "name": "White",
        "weight": 3,
        "body_checking": false
    }
},
{
    "model": "core.subdivision",
    "pk": 13,
    "fields": {
        "old_sk_id": null,
        "inserted": "2022-03-09T01:32:59.169Z",
        "updated": "2022-03-09T01:32:59.169Z",
        "hockey_canada_id": null,
        "hockey_canada_system_id": null,
        "season": 2,
        "league": 4,
        "division": 7,
        "name": "A",
        "weight": 4,
        "body_checking": false
    }
},
{
    "model": "core.subdivision",
    "pk": 14,
    "fields": {
        "old_sk_id": null,
        "inserted": "2022-03-09T01:32:59.299Z",
        "updated": "2022-03-09T01:32:59.299Z",
        "hockey_canada_id": null,
        "hockey_canada_system_id": null,
        "season": 2,
        "league": 4,
        "division": 7,
        "name": "AA",
        "weight": 5,
        "body_checking": false
    }
},
{
    "model": "core.subdivision",
    "pk": 15,
    "fields": {
        "old_sk_id": null,
        "inserted": "2022-03-09T01:32:59.470Z",
        "updated": "2022-03-09T01:32:59.470Z",
        "hockey_canada_id": null,
        "hockey_canada_system_id": null,
        "season": 2,
        "league": 4,
        "division": 8,
        "name": "A",
        "weight": 6,
        "body_checking": false
    }
},
{
    "model": "core.subdivision",
    "pk": 16,
    "fields": {
        "old_sk_id": null,
        "inserted": "2022-03-09T01:32:59.609Z",
        "updated": "2022-03-09T01:32:59.609Z",
        "hockey_canada_id": null,
        "hockey_canada_system_id": null,
        "season": 2,
        "league": 4,
        "division": 8,
        "name": "AA",
        "weight": 7,
        "body_checking": false
    }
}
]
