[
{
    "model": "core.user",
    "pk": 1,
    "fields": {
        "password": "",
        "last_login": null,
        "is_superuser": false,
        "first_name": "",
        "last_name": "",
        "is_staff": false,
        "is_active": true,
        "date_joined": "2022-01-01T05:00:00Z",
        "old_sk_id": null,
        "inserted": "2022-01-01T05:00:00Z",
        "inserted_by": null,
        "updated": "2022-01-01T05:00:00Z",
        "updated_by": null,
        "username": "2022-2023-admin@domain.com",
        "email": "2022-2023-admin@domain.com",
        "groups": [],
        "user_permissions": []
    }
},
{
    "model": "core.user",
    "pk": 2,
    "fields": {
        "password": "",
        "last_login": null,
        "is_superuser": false,
        "first_name": "",
        "last_name": "",
        "is_staff": false,
        "is_active": true,
        "date_joined": "2022-01-01T05:00:00Z",
        "old_sk_id": null,
        "inserted": "2022-01-01T05:00:00Z",
        "inserted_by": null,
        "updated": "2022-01-01T05:00:00Z",
        "updated_by": null,
        "username": "2022-2023-hl-vp@domain.com",
        "email": "2022-2023-hl-vp@domain.com",
        "groups": [],
        "user_permissions": []
    }
},
{
    "model": "core.user",
    "pk": 3,
    "fields": {
        "password": "",
        "last_login": null,
        "is_superuser": false,
        "first_name": "",
        "last_name": "",
        "is_staff": false,
        "is_active": true,
        "date_joined": "2022-01-01T05:00:00Z",
        "old_sk_id": null,
        "inserted": "2022-01-01T05:00:00Z",
        "inserted_by": null,
        "updated": "2022-01-01T05:00:00Z",
        "updated_by": null,
        "username": "2022-2023-hl-u10-division@domain.com",
        "email": "2022-2023-hl-u10-division@domain.com",
        "groups": [],
        "user_permissions": []
    }
},
{
    "model": "core.user",
    "pk": 4,
    "fields": {
        "password": "",
        "last_login": null,
        "is_superuser": false,
        "first_name": "",
        "last_name": "",
        "is_staff": false,
        "is_active": true,
        "date_joined": "2022-01-01T05:00:00Z",
        "old_sk_id": null,
        "inserted": "2022-01-01T05:00:00Z",
        "inserted_by": null,
        "updated": "2022-01-01T05:00:00Z",
        "updated_by": null,
        "username": "2022-2023-hl-u10-blue-subdivision@domain.com",
        "email": "2022-2023-hl-u10-blue-subdivision@domain.com",
        "groups": [],
        "user_permissions": []
    }
},
{
    "model": "core.user",
    "pk": 5,
    "fields": {
        "password": "",
        "last_login": null,
        "is_superuser": false,
        "first_name": "",
        "last_name": "",
        "is_staff": false,
        "is_active": true,
        "date_joined": "2022-01-01T05:00:00Z",
        "old_sk_id": null,
        "inserted": "2022-01-01T05:00:00Z",
        "inserted_by": null,
        "updated": "2022-01-01T05:00:00Z",
        "updated_by": null,
        "username": "2022-2023-hl-u10-blue-graham-coach@domain.com",
        "email": "2022-2023-hl-u10-blue-graham-coach@domain.com",
        "groups": [],
        "user_permissions": []
    }
},
{
    "model": "core.user",
    "pk": 6,
    "fields": {
        "password": "",
        "last_login": null,
        "is_superuser": false,
        "first_name": "",
        "last_name": "",
        "is_staff": false,
        "is_active": true,
        "date_joined": "2022-01-01T05:00:00Z",
        "old_sk_id": null,
        "inserted": "2022-01-01T05:00:00Z",
        "inserted_by": null,
        "updated": "2022-01-01T05:00:00Z",
        "updated_by": null,
        "username": "2022-2023-hl-u10-blue-graham-manager@domain.com",
        "email": "2022-2023-hl-u10-blue-graham-manager@domain.com",
        "groups": [],
        "user_permissions": []
    }
},
{
    "model": "core.user",
    "pk": 7,
    "fields": {
        "password": "",
        "last_login": null,
        "is_superuser": false,
        "first_name": "",
        "last_name": "",
        "is_staff": false,
        "is_active": true,
        "date_joined": "2022-01-01T05:00:00Z",
        "old_sk_id": null,
        "inserted": "2022-01-01T05:00:00Z",
        "inserted_by": null,
        "updated": "2022-01-01T05:00:00Z",
        "updated_by": null,
        "username": "2022-2023-hl-u10-blue-henry-coach@domain.com",
        "email": "2022-2023-hl-u10-blue-henry-coach@domain.com",
        "groups": [],
        "user_permissions": []
    }
},
{
    "model": "core.user",
    "pk": 8,
    "fields": {
        "password": "",
        "last_login": null,
        "is_superuser": false,
        "first_name": "",
        "last_name": "",
        "is_staff": false,
        "is_active": true,
        "date_joined": "2022-01-01T05:00:00Z",
        "old_sk_id": null,
        "inserted": "2022-01-01T05:00:00Z",
        "inserted_by": null,
        "updated": "2022-01-01T05:00:00Z",
        "updated_by": null,
        "username": "2022-2023-hl-u10-blue-henry-manager@domain.com",
        "email": "2022-2023-hl-u10-blue-henry-manager@domain.com",
        "groups": [],
        "user_permissions": []
    }
},
{
    "model": "core.user",
    "pk": 9,
    "fields": {
        "password": "",
        "last_login": null,
        "is_superuser": false,
        "first_name": "",
        "last_name": "",
        "is_staff": false,
        "is_active": true,
        "date_joined": "2022-01-01T05:00:00Z",
        "old_sk_id": null,
        "inserted": "2022-01-01T05:00:00Z",
        "inserted_by": null,
        "updated": "2022-01-01T05:00:00Z",
        "updated_by": null,
        "username": "2022-2023-hl-u10-white-subdivision@domain.com",
        "email": "2022-2023-hl-u10-white-subdivision@domain.com",
        "groups": [],
        "user_permissions": []
    }
},
{
    "model": "core.user",
    "pk": 10,
    "fields": {
        "password": "",
        "last_login": null,
        "is_superuser": false,
        "first_name": "",
        "last_name": "",
        "is_staff": false,
        "is_active": true,
        "date_joined": "2022-01-01T05:00:00Z",
        "old_sk_id": null,
        "inserted": "2022-01-01T05:00:00Z",
        "inserted_by": null,
        "updated": "2022-01-01T05:00:00Z",
        "updated_by": null,
        "username": "2022-2023-hl-u10-white-graham-coach@domain.com",
        "email": "2022-2023-hl-u10-white-graham-coach@domain.com",
        "groups": [],
        "user_permissions": []
    }
},
{
    "model": "core.user",
    "pk": 11,
    "fields": {
        "password": "",
        "last_login": null,
        "is_superuser": false,
        "first_name": "",
        "last_name": "",
        "is_staff": false,
        "is_active": true,
        "date_joined": "2022-01-01T05:00:00Z",
        "old_sk_id": null,
        "inserted": "2022-01-01T05:00:00Z",
        "inserted_by": null,
        "updated": "2022-01-01T05:00:00Z",
        "updated_by": null,
        "username": "2022-2023-hl-u10-white-graham-manager@domain.com",
        "email": "2022-2023-hl-u10-white-graham-manager@domain.com",
        "groups": [],
        "user_permissions": []
    }
},
{
    "model": "core.user",
    "pk": 12,
    "fields": {
        "password": "",
        "last_login": null,
        "is_superuser": false,
        "first_name": "",
        "last_name": "",
        "is_staff": false,
        "is_active": true,
        "date_joined": "2022-01-01T05:00:00Z",
        "old_sk_id": null,
        "inserted": "2022-01-01T05:00:00Z",
        "inserted_by": null,
        "updated": "2022-01-01T05:00:00Z",
        "updated_by": null,
        "username": "2022-2023-hl-u10-white-henry-coach@domain.com",
        "email": "2022-2023-hl-u10-white-henry-coach@domain.com",
        "groups": [],
        "user_permissions": []
    }
},
{
    "model": "core.user",
    "pk": 13,
    "fields": {
        "password": "",
        "last_login": null,
        "is_superuser": false,
        "first_name": "",
        "last_name": "",
        "is_staff": false,
        "is_active": true,
        "date_joined": "2022-01-01T05:00:00Z",
        "old_sk_id": null,
        "inserted": "2022-01-01T05:00:00Z",
        "inserted_by": null,
        "updated": "2022-01-01T05:00:00Z",
        "updated_by": null,
        "username": "2022-2023-hl-u10-white-henry-manager@domain.com",
        "email": "2022-2023-hl-u10-white-henry-manager@domain.com",
        "groups": [],
        "user_permissions": []
    }
},
{
    "model": "core.user",
    "pk": 14,
    "fields": {
        "password": "",
        "last_login": null,
        "is_superuser": false,
        "first_name": "",
        "last_name": "",
        "is_staff": false,
        "is_active": true,
        "date_joined": "2022-01-01T05:00:00Z",
        "old_sk_id": null,
        "inserted": "2022-01-01T05:00:00Z",
        "inserted_by": null,
        "updated": "2022-01-01T05:00:00Z",
        "updated_by": null,
        "username": "2022-2023-hl-u11-division@domain.com",
        "email": "2022-2023-hl-u11-division@domain.com",
        "groups": [],
        "user_permissions": []
    }
},
{
    "model": "core.user",
    "pk": 15,
    "fields": {
        "password": "",
        "last_login": null,
        "is_superuser": false,
        "first_name": "",
        "last_name": "",
        "is_staff": false,
        "is_active": true,
        "date_joined": "2022-01-01T05:00:00Z",
        "old_sk_id": null,
        "inserted": "2022-01-01T05:00:00Z",
        "inserted_by": null,
        "updated": "2022-01-01T05:00:00Z",
        "updated_by": null,
        "username": "2022-2023-hl-u11-blue-subdivision@domain.com",
        "email": "2022-2023-hl-u11-blue-subdivision@domain.com",
        "groups": [],
        "user_permissions": []
    }
},
{
    "model": "core.user",
    "pk": 16,
    "fields": {
        "password": "",
        "last_login": null,
        "is_superuser": false,
        "first_name": "",
        "last_name": "",
        "is_staff": false,
        "is_active": true,
        "date_joined": "2022-01-01T05:00:00Z",
        "old_sk_id": null,
        "inserted": "2022-01-01T05:00:00Z",
        "inserted_by": null,
        "updated": "2022-01-01T05:00:00Z",
        "updated_by": null,
        "username": "2022-2023-hl-u11-blue-graham-coach@domain.com",
        "email": "2022-2023-hl-u11-blue-graham-coach@domain.com",
        "groups": [],
        "user_permissions": []
    }
},
{
    "model": "core.user",
    "pk": 17,
    "fields": {
        "password": "",
        "last_login": null,
        "is_superuser": false,
        "first_name": "",
        "last_name": "",
        "is_staff": false,
        "is_active": true,
        "date_joined": "2022-01-01T05:00:00Z",
        "old_sk_id": null,
        "inserted": "2022-01-01T05:00:00Z",
        "inserted_by": null,
        "updated": "2022-01-01T05:00:00Z",
        "updated_by": null,
        "username": "2022-2023-hl-u11-blue-graham-manager@domain.com",
        "email": "2022-2023-hl-u11-blue-graham-manager@domain.com",
        "groups": [],
        "user_permissions": []
    }
},
{
    "model": "core.user",
    "pk": 18,
    "fields": {
        "password": "",
        "last_login": null,
        "is_superuser": false,
        "first_name": "",
        "last_name": "",
        "is_staff": false,
        "is_active": true,
        "date_joined": "2022-01-01T05:00:00Z",
        "old_sk_id": null,
        "inserted": "2022-01-01T05:00:00Z",
        "inserted_by": null,
        "updated": "2022-01-01T05:00:00Z",
        "updated_by": null,
        "username": "2022-2023-hl-u11-blue-henry-coach@domain.com",
        "email": "2022-2023-hl-u11-blue-henry-coach@domain.com",
        "groups": [],
        "user_permissions": []
    }
},
{
    "model": "core.user",
    "pk": 19,
    "fields": {
        "password": "",
        "last_login": null,
        "is_superuser": false,
        "first_name": "",
        "last_name": "",
        "is_staff": false,
        "is_active": true,
        "date_joined": "2022-01-01T05:00:00Z",
        "old_sk_id": null,
        "inserted": "2022-01-01T05:00:00Z",
        "inserted_by": null,
        "updated": "2022-01-01T05:00:00Z",
        "updated_by": null,
        "username": "2022-2023-hl-u11-blue-henry-manager@domain.com",
        "email": "2022-2023-hl-u11-blue-henry-manager@domain.com",
        "groups": [],
        "user_permissions": []
    }
},
{
    "model": "core.user",
    "pk": 20,
    "fields": {
        "password": "",
        "last_login": null,
        "is_superuser": false,
        "first_name": "",
        "last_name": "",
        "is_staff": false,
        "is_active": true,
        "date_joined": "2022-01-01T05:00:00Z",
        "old_sk_id": null,
        "inserted": "2022-01-01T05:00:00Z",
        "inserted_by": null,
        "updated": "2022-01-01T05:00:00Z",
        "updated_by": null,
        "username": "2022-2023-hl-u11-white-subdivision@domain.com",
        "email": "2022-2023-hl-u11-white-subdivision@domain.com",
        "groups": [],
        "user_permissions": []
    }
},
{
    "model": "core.user",
    "pk": 21,
    "fields": {
        "password": "",
        "last_login": null,
        "is_superuser": false,
        "first_name": "",
        "last_name": "",
        "is_staff": false,
        "is_active": true,
        "date_joined": "2022-01-01T05:00:00Z",
        "old_sk_id": null,
        "inserted": "2022-01-01T05:00:00Z",
        "inserted_by": null,
        "updated": "2022-01-01T05:00:00Z",
        "updated_by": null,
        "username": "2022-2023-hl-u11-white-graham-coach@domain.com",
        "email": "2022-2023-hl-u11-white-graham-coach@domain.com",
        "groups": [],
        "user_permissions": []
    }
},
{
    "model": "core.user",
    "pk": 22,
    "fields": {
        "password": "",
        "last_login": null,
        "is_superuser": false,
        "first_name": "",
        "last_name": "",
        "is_staff": false,
        "is_active": true,
        "date_joined": "2022-01-01T05:00:00Z",
        "old_sk_id": null,
        "inserted": "2022-01-01T05:00:00Z",
        "inserted_by": null,
        "updated": "2022-01-01T05:00:00Z",
        "updated_by": null,
        "username": "2022-2023-hl-u11-white-graham-manager@domain.com",
        "email": "2022-2023-hl-u11-white-graham-manager@domain.com",
        "groups": [],
        "user_permissions": []
    }
},
{
    "model": "core.user",
    "pk": 23,
    "fields": {
        "password": "",
        "last_login": null,
        "is_superuser": false,
        "first_name": "",
        "last_name": "",
        "is_staff": false,
        "is_active": true,
        "date_joined": "2022-01-01T05:00:00Z",
        "old_sk_id": null,
        "inserted": "2022-01-01T05:00:00Z",
        "inserted_by": null,
        "updated": "2022-01-01T05:00:00Z",
        "updated_by": null,
        "username": "2022-2023-hl-u11-white-henry-coach@domain.com",
        "email": "2022-2023-hl-u11-white-henry-coach@domain.com",
        "groups": [],
        "user_permissions": []
    }
},
{
    "model": "core.user",
    "pk": 24,
    "fields": {
        "password": "",
        "last_login": null,
        "is_superuser": false,
        "first_name": "",
        "last_name": "",
        "is_staff": false,
        "is_active": true,
        "date_joined": "2022-01-01T05:00:00Z",
        "old_sk_id": null,
        "inserted": "2022-01-01T05:00:00Z",
        "inserted_by": null,
        "updated": "2022-01-01T05:00:00Z",
        "updated_by": null,
        "username": "2022-2023-hl-u11-white-henry-manager@domain.com",
        "email": "2022-2023-hl-u11-white-henry-manager@domain.com",
        "groups": [],
        "user_permissions": []
    }
},
{
    "model": "core.user",
    "pk": 25,
    "fields": {
        "password": "",
        "last_login": null,
        "is_superuser": false,
        "first_name": "",
        "last_name": "",
        "is_staff": false,
        "is_active": true,
        "date_joined": "2022-01-01T05:00:00Z",
        "old_sk_id": null,
        "inserted": "2022-01-01T05:00:00Z",
        "inserted_by": null,
        "updated": "2022-01-01T05:00:00Z",
        "updated_by": null,
        "username": "2022-2023-rep-vp@domain.com",
        "email": "2022-2023-rep-vp@domain.com",
        "groups": [],
        "user_permissions": []
    }
},
{
    "model": "core.user",
    "pk": 26,
    "fields": {
        "password": "",
        "last_login": null,
        "is_superuser": false,
        "first_name": "",
        "last_name": "",
        "is_staff": false,
        "is_active": true,
        "date_joined": "2022-01-01T05:00:00Z",
        "old_sk_id": null,
        "inserted": "2022-01-01T05:00:00Z",
        "inserted_by": null,
        "updated": "2022-01-01T05:00:00Z",
        "updated_by": null,
        "username": "2022-2023-rep-u10-division@domain.com",
        "email": "2022-2023-rep-u10-division@domain.com",
        "groups": [],
        "user_permissions": []
    }
},
{
    "model": "core.user",
    "pk": 27,
    "fields": {
        "password": "",
        "last_login": null,
        "is_superuser": false,
        "first_name": "",
        "last_name": "",
        "is_staff": false,
        "is_active": true,
        "date_joined": "2022-01-01T05:00:00Z",
        "old_sk_id": null,
        "inserted": "2022-01-01T05:00:00Z",
        "inserted_by": null,
        "updated": "2022-01-01T05:00:00Z",
        "updated_by": null,
        "username": "2022-2023-rep-u10-a-subdivision@domain.com",
        "email": "2022-2023-rep-u10-a-subdivision@domain.com",
        "groups": [],
        "user_permissions": []
    }
},
{
    "model": "core.user",
    "pk": 28,
    "fields": {
        "password": "",
        "last_login": null,
        "is_superuser": false,
        "first_name": "",
        "last_name": "",
        "is_staff": false,
        "is_active": true,
        "date_joined": "2022-01-01T05:00:00Z",
        "old_sk_id": null,
        "inserted": "2022-01-01T05:00:00Z",
        "inserted_by": null,
        "updated": "2022-01-01T05:00:00Z",
        "updated_by": null,
        "username": "2022-2023-rep-u10-a-graham-coach@domain.com",
        "email": "2022-2023-rep-u10-a-graham-coach@domain.com",
        "groups": [],
        "user_permissions": []
    }
},
{
    "model": "core.user",
    "pk": 29,
    "fields": {
        "password": "",
        "last_login": null,
        "is_superuser": false,
        "first_name": "",
        "last_name": "",
        "is_staff": false,
        "is_active": true,
        "date_joined": "2022-01-01T05:00:00Z",
        "old_sk_id": null,
        "inserted": "2022-01-01T05:00:00Z",
        "inserted_by": null,
        "updated": "2022-01-01T05:00:00Z",
        "updated_by": null,
        "username": "2022-2023-rep-u10-a-graham-manager@domain.com",
        "email": "2022-2023-rep-u10-a-graham-manager@domain.com",
        "groups": [],
        "user_permissions": []
    }
},
{
    "model": "core.user",
    "pk": 30,
    "fields": {
        "password": "",
        "last_login": null,
        "is_superuser": false,
        "first_name": "",
        "last_name": "",
        "is_staff": false,
        "is_active": true,
        "date_joined": "2022-01-01T05:00:00Z",
        "old_sk_id": null,
        "inserted": "2022-01-01T05:00:00Z",
        "inserted_by": null,
        "updated": "2022-01-01T05:00:00Z",
        "updated_by": null,
        "username": "2022-2023-rep-u10-a-henry-coach@domain.com",
        "email": "2022-2023-rep-u10-a-henry-coach@domain.com",
        "groups": [],
        "user_permissions": []
    }
},
{
    "model": "core.user",
    "pk": 31,
    "fields": {
        "password": "",
        "last_login": null,
        "is_superuser": false,
        "first_name": "",
        "last_name": "",
        "is_staff": false,
        "is_active": true,
        "date_joined": "2022-01-01T05:00:00Z",
        "old_sk_id": null,
        "inserted": "2022-01-01T05:00:00Z",
        "inserted_by": null,
        "updated": "2022-01-01T05:00:00Z",
        "updated_by": null,
        "username": "2022-2023-rep-u10-a-henry-manager@domain.com",
        "email": "2022-2023-rep-u10-a-henry-manager@domain.com",
        "groups": [],
        "user_permissions": []
    }
},
{
    "model": "core.user",
    "pk": 32,
    "fields": {
        "password": "",
        "last_login": null,
        "is_superuser": false,
        "first_name": "",
        "last_name": "",
        "is_staff": false,
        "is_active": true,
        "date_joined": "2022-01-01T05:00:00Z",
        "old_sk_id": null,
        "inserted": "2022-01-01T05:00:00Z",
        "inserted_by": null,
        "updated": "2022-01-01T05:00:00Z",
        "updated_by": null,
        "username": "2022-2023-rep-u10-aa-subdivision@domain.com",
        "email": "2022-2023-rep-u10-aa-subdivision@domain.com",
        "groups": [],
        "user_permissions": []
    }
},
{
    "model": "core.user",
    "pk": 33,
    "fields": {
        "password": "",
        "last_login": null,
        "is_superuser": false,
        "first_name": "",
        "last_name": "",
        "is_staff": false,
        "is_active": true,
        "date_joined": "2022-01-01T05:00:00Z",
        "old_sk_id": null,
        "inserted": "2022-01-01T05:00:00Z",
        "inserted_by": null,
        "updated": "2022-01-01T05:00:00Z",
        "updated_by": null,
        "username": "2022-2023-rep-u10-aa-graham-coach@domain.com",
        "email": "2022-2023-rep-u10-aa-graham-coach@domain.com",
        "groups": [],
        "user_permissions": []
    }
},
{
    "model": "core.user",
    "pk": 34,
    "fields": {
        "password": "",
        "last_login": null,
        "is_superuser": false,
        "first_name": "",
        "last_name": "",
        "is_staff": false,
        "is_active": true,
        "date_joined": "2022-01-01T05:00:00Z",
        "old_sk_id": null,
        "inserted": "2022-01-01T05:00:00Z",
        "inserted_by": null,
        "updated": "2022-01-01T05:00:00Z",
        "updated_by": null,
        "username": "2022-2023-rep-u10-aa-graham-manager@domain.com",
        "email": "2022-2023-rep-u10-aa-graham-manager@domain.com",
        "groups": [],
        "user_permissions": []
    }
},
{
    "model": "core.user",
    "pk": 35,
    "fields": {
        "password": "",
        "last_login": null,
        "is_superuser": false,
        "first_name": "",
        "last_name": "",
        "is_staff": false,
        "is_active": true,
        "date_joined": "2022-01-01T05:00:00Z",
        "old_sk_id": null,
        "inserted": "2022-01-01T05:00:00Z",
        "inserted_by": null,
        "updated": "2022-01-01T05:00:00Z",
        "updated_by": null,
        "username": "2022-2023-rep-u10-aa-henry-coach@domain.com",
        "email": "2022-2023-rep-u10-aa-henry-coach@domain.com",
        "groups": [],
        "user_permissions": []
    }
},
{
    "model": "core.user",
    "pk": 36,
    "fields": {
        "password": "",
        "last_login": null,
        "is_superuser": false,
        "first_name": "",
        "last_name": "",
        "is_staff": false,
        "is_active": true,
        "date_joined": "2022-01-01T05:00:00Z",
        "old_sk_id": null,
        "inserted": "2022-01-01T05:00:00Z",
        "inserted_by": null,
        "updated": "2022-01-01T05:00:00Z",
        "updated_by": null,
        "username": "2022-2023-rep-u10-aa-henry-manager@domain.com",
        "email": "2022-2023-rep-u10-aa-henry-manager@domain.com",
        "groups": [],
        "user_permissions": []
    }
},
{
    "model": "core.user",
    "pk": 37,
    "fields": {
        "password": "",
        "last_login": null,
        "is_superuser": false,
        "first_name": "",
        "last_name": "",
        "is_staff": false,
        "is_active": true,
        "date_joined": "2022-01-01T05:00:00Z",
        "old_sk_id": null,
        "inserted": "2022-01-01T05:00:00Z",
        "inserted_by": null,
        "updated": "2022-01-01T05:00:00Z",
        "updated_by": null,
        "username": "2022-2023-rep-u11-division@domain.com",
        "email": "2022-2023-rep-u11-division@domain.com",
        "groups": [],
        "user_permissions": []
    }
},
{
    "model": "core.user",
    "pk": 38,
    "fields": {
        "password": "",
        "last_login": null,
        "is_superuser": false,
        "first_name": "",
        "last_name": "",
        "is_staff": false,
        "is_active": true,
        "date_joined": "2022-01-01T05:00:00Z",
        "old_sk_id": null,
        "inserted": "2022-01-01T05:00:00Z",
        "inserted_by": null,
        "updated": "2022-01-01T05:00:00Z",
        "updated_by": null,
        "username": "2022-2023-rep-u11-a-subdivision@domain.com",
        "email": "2022-2023-rep-u11-a-subdivision@domain.com",
        "groups": [],
        "user_permissions": []
    }
},
{
    "model": "core.user",
    "pk": 39,
    "fields": {
        "password": "",
        "last_login": null,
        "is_superuser": false,
        "first_name": "",
        "last_name": "",
        "is_staff": false,
        "is_active": true,
        "date_joined": "2022-01-01T05:00:00Z",
        "old_sk_id": null,
        "inserted": "2022-01-01T05:00:00Z",
        "inserted_by": null,
        "updated": "2022-01-01T05:00:00Z",
        "updated_by": null,
        "username": "2022-2023-rep-u11-a-graham-coach@domain.com",
        "email": "2022-2023-rep-u11-a-graham-coach@domain.com",
        "groups": [],
        "user_permissions": []
    }
},
{
    "model": "core.user",
    "pk": 40,
    "fields": {
        "password": "",
        "last_login": null,
        "is_superuser": false,
        "first_name": "",
        "last_name": "",
        "is_staff": false,
        "is_active": true,
        "date_joined": "2022-01-01T05:00:00Z",
        "old_sk_id": null,
        "inserted": "2022-01-01T05:00:00Z",
        "inserted_by": null,
        "updated": "2022-01-01T05:00:00Z",
        "updated_by": null,
        "username": "2022-2023-rep-u11-a-graham-manager@domain.com",
        "email": "2022-2023-rep-u11-a-graham-manager@domain.com",
        "groups": [],
        "user_permissions": []
    }
},
{
    "model": "core.user",
    "pk": 41,
    "fields": {
        "password": "",
        "last_login": null,
        "is_superuser": false,
        "first_name": "",
        "last_name": "",
        "is_staff": false,
        "is_active": true,
        "date_joined": "2022-01-01T05:00:00Z",
        "old_sk_id": null,
        "inserted": "2022-01-01T05:00:00Z",
        "inserted_by": null,
        "updated": "2022-01-01T05:00:00Z",
        "updated_by": null,
        "username": "2022-2023-rep-u11-a-henry-coach@domain.com",
        "email": "2022-2023-rep-u11-a-henry-coach@domain.com",
        "groups": [],
        "user_permissions": []
    }
},
{
    "model": "core.user",
    "pk": 42,
    "fields": {
        "password": "",
        "last_login": null,
        "is_superuser": false,
        "first_name": "",
        "last_name": "",
        "is_staff": false,
        "is_active": true,
        "date_joined": "2022-01-01T05:00:00Z",
        "old_sk_id": null,
        "inserted": "2022-01-01T05:00:00Z",
        "inserted_by": null,
        "updated": "2022-01-01T05:00:00Z",
        "updated_by": null,
        "username": "2022-2023-rep-u11-a-henry-manager@domain.com",
        "email": "2022-2023-rep-u11-a-henry-manager@domain.com",
        "groups": [],
        "user_permissions": []
    }
},
{
    "model": "core.user",
    "pk": 43,
    "fields": {
        "password": "",
        "last_login": null,
        "is_superuser": false,
        "first_name": "",
        "last_name": "",
        "is_staff": false,
        "is_active": true,
        "date_joined": "2022-01-01T05:00:00Z",
        "old_sk_id": null,
        "inserted": "2022-01-01T05:00:00Z",
        "inserted_by": null,
        "updated": "2022-01-01T05:00:00Z",
        "updated_by": null,
        "username": "2022-2023-rep-u11-aa-subdivision@domain.com",
        "email": "2022-2023-rep-u11-aa-subdivision@domain.com",
        "groups": [],
        "user_permissions": []
    }
},
{
    "model": "core.user",
    "pk": 44,
    "fields": {
        "password": "",
        "last_login": null,
        "is_superuser": false,
        "first_name": "",
        "last_name": "",
        "is_staff": false,
        "is_active": true,
        "date_joined": "2022-01-01T05:00:00Z",
        "old_sk_id": null,
        "inserted": "2022-01-01T05:00:00Z",
        "inserted_by": null,
        "updated": "2022-01-01T05:00:00Z",
        "updated_by": null,
        "username": "2022-2023-rep-u11-aa-graham-coach@domain.com",
        "email": "2022-2023-rep-u11-aa-graham-coach@domain.com",
        "groups": [],
        "user_permissions": []
    }
},
{
    "model": "core.user",
    "pk": 45,
    "fields": {
        "password": "",
        "last_login": null,
        "is_superuser": false,
        "first_name": "",
        "last_name": "",
        "is_staff": false,
        "is_active": true,
        "date_joined": "2022-01-01T05:00:00Z",
        "old_sk_id": null,
        "inserted": "2022-01-01T05:00:00Z",
        "inserted_by": null,
        "updated": "2022-01-01T05:00:00Z",
        "updated_by": null,
        "username": "2022-2023-rep-u11-aa-graham-manager@domain.com",
        "email": "2022-2023-rep-u11-aa-graham-manager@domain.com",
        "groups": [],
        "user_permissions": []
    }
},
{
    "model": "core.user",
    "pk": 46,
    "fields": {
        "password": "",
        "last_login": null,
        "is_superuser": false,
        "first_name": "",
        "last_name": "",
        "is_staff": false,
        "is_active": true,
        "date_joined": "2022-01-01T05:00:00Z",
        "old_sk_id": null,
        "inserted": "2022-01-01T05:00:00Z",
        "inserted_by": null,
        "updated": "2022-01-01T05:00:00Z",
        "updated_by": null,
        "username": "2022-2023-rep-u11-aa-henry-coach@domain.com",
        "email": "2022-2023-rep-u11-aa-henry-coach@domain.com",
        "groups": [],
        "user_permissions": []
    }
},
{
    "model": "core.user",
    "pk": 47,
    "fields": {
        "password": "",
        "last_login": null,
        "is_superuser": false,
        "first_name": "",
        "last_name": "",
        "is_staff": false,
        "is_active": true,
        "date_joined": "2022-01-01T05:00:00Z",
        "old_sk_id": null,
        "inserted": "2022-01-01T05:00:00Z",
        "inserted_by": null,
        "updated": "2022-01-01T05:00:00Z",
        "updated_by": null,
        "username": "2022-2023-rep-u11-aa-henry-manager@domain.com",
        "email": "2022-2023-rep-u11-aa-henry-manager@domain.com",
        "groups": [],
        "user_permissions": []
    }
},
{
    "model": "core.user",
    "pk": 48,
    "fields": {
        "password": "",
        "last_login": null,
        "is_superuser": false,
        "first_name": "",
        "last_name": "",
        "is_staff": false,
        "is_active": true,
        "date_joined": "2022-01-01T05:00:00Z",
        "old_sk_id": null,
        "inserted": "2022-01-01T05:00:00Z",
        "inserted_by": null,
        "updated": "2022-01-01T05:00:00Z",
        "updated_by": null,
        "username": "2023-2024-admin@domain.com",
        "email": "2023-2024-admin@domain.com",
        "groups": [],
        "user_permissions": []
    }
},
{
    "model": "core.user",
    "pk": 49,
    "fields": {
        "password": "",
        "last_login": null,
        "is_superuser": false,
        "first_name": "",
        "last_name": "",
        "is_staff": false,
        "is_active": true,
        "date_joined": "2022-01-01T05:00:00Z",
        "old_sk_id": null,
        "inserted": "2022-01-01T05:00:00Z",
        "inserted_by": null,
        "updated": "2022-01-01T05:00:00Z",
        "updated_by": null,
        "username": "2023-2024-hl-vp@domain.com",
        "email": "2023-2024-hl-vp@domain.com",
        "groups": [],
        "user_permissions": []
    }
},
{
    "model": "core.user",
    "pk": 50,
    "fields": {
        "password": "",
        "last_login": null,
        "is_superuser": false,
        "first_name": "",
        "last_name": "",
        "is_staff": false,
        "is_active": true,
        "date_joined": "2022-01-01T05:00:00Z",
        "old_sk_id": null,
        "inserted": "2022-01-01T05:00:00Z",
        "inserted_by": null,
        "updated": "2022-01-01T05:00:00Z",
        "updated_by": null,
        "username": "2023-2024-hl-u10-division@domain.com",
        "email": "2023-2024-hl-u10-division@domain.com",
        "groups": [],
        "user_permissions": []
    }
},
{
    "model": "core.user",
    "pk": 51,
    "fields": {
        "password": "",
        "last_login": null,
        "is_superuser": false,
        "first_name": "",
        "last_name": "",
        "is_staff": false,
        "is_active": true,
        "date_joined": "2022-01-01T05:00:00Z",
        "old_sk_id": null,
        "inserted": "2022-01-01T05:00:00Z",
        "inserted_by": null,
        "updated": "2022-01-01T05:00:00Z",
        "updated_by": null,
        "username": "2023-2024-hl-u10-blue-subdivision@domain.com",
        "email": "2023-2024-hl-u10-blue-subdivision@domain.com",
        "groups": [],
        "user_permissions": []
    }
},
{
    "model": "core.user",
    "pk": 52,
    "fields": {
        "password": "",
        "last_login": null,
        "is_superuser": false,
        "first_name": "",
        "last_name": "",
        "is_staff": false,
        "is_active": true,
        "date_joined": "2022-01-01T05:00:00Z",
        "old_sk_id": null,
        "inserted": "2022-01-01T05:00:00Z",
        "inserted_by": null,
        "updated": "2022-01-01T05:00:00Z",
        "updated_by": null,
        "username": "2023-2024-hl-u10-blue-graham-coach@domain.com",
        "email": "2023-2024-hl-u10-blue-graham-coach@domain.com",
        "groups": [],
        "user_permissions": []
    }
},
{
    "model": "core.user",
    "pk": 53,
    "fields": {
        "password": "",
        "last_login": null,
        "is_superuser": false,
        "first_name": "",
        "last_name": "",
        "is_staff": false,
        "is_active": true,
        "date_joined": "2022-01-01T05:00:00Z",
        "old_sk_id": null,
        "inserted": "2022-01-01T05:00:00Z",
        "inserted_by": null,
        "updated": "2022-01-01T05:00:00Z",
        "updated_by": null,
        "username": "2023-2024-hl-u10-blue-graham-manager@domain.com",
        "email": "2023-2024-hl-u10-blue-graham-manager@domain.com",
        "groups": [],
        "user_permissions": []
    }
},
{
    "model": "core.user",
    "pk": 54,
    "fields": {
        "password": "",
        "last_login": null,
        "is_superuser": false,
        "first_name": "",
        "last_name": "",
        "is_staff": false,
        "is_active": true,
        "date_joined": "2022-01-01T05:00:00Z",
        "old_sk_id": null,
        "inserted": "2022-01-01T05:00:00Z",
        "inserted_by": null,
        "updated": "2022-01-01T05:00:00Z",
        "updated_by": null,
        "username": "2023-2024-hl-u10-blue-henry-coach@domain.com",
        "email": "2023-2024-hl-u10-blue-henry-coach@domain.com",
        "groups": [],
        "user_permissions": []
    }
},
{
    "model": "core.user",
    "pk": 55,
    "fields": {
        "password": "",
        "last_login": null,
        "is_superuser": false,
        "first_name": "",
        "last_name": "",
        "is_staff": false,
        "is_active": true,
        "date_joined": "2022-01-01T05:00:00Z",
        "old_sk_id": null,
        "inserted": "2022-01-01T05:00:00Z",
        "inserted_by": null,
        "updated": "2022-01-01T05:00:00Z",
        "updated_by": null,
        "username": "2023-2024-hl-u10-blue-henry-manager@domain.com",
        "email": "2023-2024-hl-u10-blue-henry-manager@domain.com",
        "groups": [],
        "user_permissions": []
    }
},
{
    "model": "core.user",
    "pk": 56,
    "fields": {
        "password": "",
        "last_login": null,
        "is_superuser": false,
        "first_name": "",
        "last_name": "",
        "is_staff": false,
        "is_active": true,
        "date_joined": "2022-01-01T05:00:00Z",
        "old_sk_id": null,
        "inserted": "2022-01-01T05:00:00Z",
        "inserted_by": null,
        "updated": "2022-01-01T05:00:00Z",
        "updated_by": null,
        "username": "2023-2024-hl-u10-white-subdivision@domain.com",
        "email": "2023-2024-hl-u10-white-subdivision@domain.com",
        "groups": [],
        "user_permissions": []
    }
},
{
    "model": "core.user",
    "pk": 57,
    "fields": {
        "password": "",
        "last_login": null,
        "is_superuser": false,
        "first_name": "",
        "last_name": "",
        "is_staff": false,
        "is_active": true,
        "date_joined": "2022-01-01T05:00:00Z",
        "old_sk_id": null,
        "inserted": "2022-01-01T05:00:00Z",
        "inserted_by": null,
        "updated": "2022-01-01T05:00:00Z",
        "updated_by": null,
        "username": "2023-2024-hl-u10-white-graham-coach@domain.com",
        "email": "2023-2024-hl-u10-white-graham-coach@domain.com",
        "groups": [],
        "user_permissions": []
    }
},
{
    "model": "core.user",
    "pk": 58,
    "fields": {
        "password": "",
        "last_login": null,
        "is_superuser": false,
        "first_name": "",
        "last_name": "",
        "is_staff": false,
        "is_active": true,
        "date_joined": "2022-01-01T05:00:00Z",
        "old_sk_id": null,
        "inserted": "2022-01-01T05:00:00Z",
        "inserted_by": null,
        "updated": "2022-01-01T05:00:00Z",
        "updated_by": null,
        "username": "2023-2024-hl-u10-white-graham-manager@domain.com",
        "email": "2023-2024-hl-u10-white-graham-manager@domain.com",
        "groups": [],
        "user_permissions": []
    }
},
{
    "model": "core.user",
    "pk": 59,
    "fields": {
        "password": "",
        "last_login": null,
        "is_superuser": false,
        "first_name": "",
        "last_name": "",
        "is_staff": false,
        "is_active": true,
        "date_joined": "2022-01-01T05:00:00Z",
        "old_sk_id": null,
        "inserted": "2022-01-01T05:00:00Z",
        "inserted_by": null,
        "updated": "2022-01-01T05:00:00Z",
        "updated_by": null,
        "username": "2023-2024-hl-u10-white-henry-coach@domain.com",
        "email": "2023-2024-hl-u10-white-henry-coach@domain.com",
        "groups": [],
        "user_permissions": []
    }
},
{
    "model": "core.user",
    "pk": 60,
    "fields": {
        "password": "",
        "last_login": null,
        "is_superuser": false,
        "first_name": "",
        "last_name": "",
        "is_staff": false,
        "is_active": true,
        "date_joined": "2022-01-01T05:00:00Z",
        "old_sk_id": null,
        "inserted": "2022-01-01T05:00:00Z",
        "inserted_by": null,
        "updated": "2022-01-01T05:00:00Z",
        "updated_by": null,
        "username": "2023-2024-hl-u10-white-henry-manager@domain.com",
        "email": "2023-2024-hl-u10-white-henry-manager@domain.com",
        "groups": [],
        "user_permissions": []
    }
},
{
    "model": "core.user",
    "pk": 61,
    "fields": {
        "password": "",
        "last_login": null,
        "is_superuser": false,
        "first_name": "",
        "last_name": "",
        "is_staff": false,
        "is_active": true,
        "date_joined": "2022-01-01T05:00:00Z",
        "old_sk_id": null,
        "inserted": "2022-01-01T05:00:00Z",
        "inserted_by": null,
        "updated": "2022-01-01T05:00:00Z",
        "updated_by": null,
        "username": "2023-2024-hl-u11-division@domain.com",
        "email": "2023-2024-hl-u11-division@domain.com",
        "groups": [],
        "user_permissions": []
    }
},
{
    "model": "core.user",
    "pk": 62,
    "fields": {
        "password": "",
        "last_login": null,
        "is_superuser": false,
        "first_name": "",
        "last_name": "",
        "is_staff": false,
        "is_active": true,
        "date_joined": "2022-01-01T05:00:00Z",
        "old_sk_id": null,
        "inserted": "2022-01-01T05:00:00Z",
        "inserted_by": null,
        "updated": "2022-01-01T05:00:00Z",
        "updated_by": null,
        "username": "2023-2024-hl-u11-blue-subdivision@domain.com",
        "email": "2023-2024-hl-u11-blue-subdivision@domain.com",
        "groups": [],
        "user_permissions": []
    }
},
{
    "model": "core.user",
    "pk": 63,
    "fields": {
        "password": "",
        "last_login": null,
        "is_superuser": false,
        "first_name": "",
        "last_name": "",
        "is_staff": false,
        "is_active": true,
        "date_joined": "2022-01-01T05:00:00Z",
        "old_sk_id": null,
        "inserted": "2022-01-01T05:00:00Z",
        "inserted_by": null,
        "updated": "2022-01-01T05:00:00Z",
        "updated_by": null,
        "username": "2023-2024-hl-u11-blue-graham-coach@domain.com",
        "email": "2023-2024-hl-u11-blue-graham-coach@domain.com",
        "groups": [],
        "user_permissions": []
    }
},
{
    "model": "core.user",
    "pk": 64,
    "fields": {
        "password": "",
        "last_login": null,
        "is_superuser": false,
        "first_name": "",
        "last_name": "",
        "is_staff": false,
        "is_active": true,
        "date_joined": "2022-01-01T05:00:00Z",
        "old_sk_id": null,
        "inserted": "2022-01-01T05:00:00Z",
        "inserted_by": null,
        "updated": "2022-01-01T05:00:00Z",
        "updated_by": null,
        "username": "2023-2024-hl-u11-blue-graham-manager@domain.com",
        "email": "2023-2024-hl-u11-blue-graham-manager@domain.com",
        "groups": [],
        "user_permissions": []
    }
},
{
    "model": "core.user",
    "pk": 65,
    "fields": {
        "password": "",
        "last_login": null,
        "is_superuser": false,
        "first_name": "",
        "last_name": "",
        "is_staff": false,
        "is_active": true,
        "date_joined": "2022-01-01T05:00:00Z",
        "old_sk_id": null,
        "inserted": "2022-01-01T05:00:00Z",
        "inserted_by": null,
        "updated": "2022-01-01T05:00:00Z",
        "updated_by": null,
        "username": "2023-2024-hl-u11-blue-henry-coach@domain.com",
        "email": "2023-2024-hl-u11-blue-henry-coach@domain.com",
        "groups": [],
        "user_permissions": []
    }
},
{
    "model": "core.user",
    "pk": 66,
    "fields": {
        "password": "",
        "last_login": null,
        "is_superuser": false,
        "first_name": "",
        "last_name": "",
        "is_staff": false,
        "is_active": true,
        "date_joined": "2022-01-01T05:00:00Z",
        "old_sk_id": null,
        "inserted": "2022-01-01T05:00:00Z",
        "inserted_by": null,
        "updated": "2022-01-01T05:00:00Z",
        "updated_by": null,
        "username": "2023-2024-hl-u11-blue-henry-manager@domain.com",
        "email": "2023-2024-hl-u11-blue-henry-manager@domain.com",
        "groups": [],
        "user_permissions": []
    }
},
{
    "model": "core.user",
    "pk": 67,
    "fields": {
        "password": "",
        "last_login": null,
        "is_superuser": false,
        "first_name": "",
        "last_name": "",
        "is_staff": false,
        "is_active": true,
        "date_joined": "2022-01-01T05:00:00Z",
        "old_sk_id": null,
        "inserted": "2022-01-01T05:00:00Z",
        "inserted_by": null,
        "updated": "2022-01-01T05:00:00Z",
        "updated_by": null,
        "username": "2023-2024-hl-u11-white-subdivision@domain.com",
        "email": "2023-2024-hl-u11-white-subdivision@domain.com",
        "groups": [],
        "user_permissions": []
    }
},
{
    "model": "core.user",
    "pk": 68,
    "fields": {
        "password": "",
        "last_login": null,
        "is_superuser": false,
        "first_name": "",
        "last_name": "",
        "is_staff": false,
        "is_active": true,
        "date_joined": "2022-01-01T05:00:00Z",
        "old_sk_id": null,
        "inserted": "2022-01-01T05:00:00Z",
        "inserted_by": null,
        "updated": "2022-01-01T05:00:00Z",
        "updated_by": null,
        "username": "2023-2024-hl-u11-white-graham-coach@domain.com",
        "email": "2023-2024-hl-u11-white-graham-coach@domain.com",
        "groups": [],
        "user_permissions": []
    }
},
{
    "model": "core.user",
    "pk": 69,
    "fields": {
        "password": "",
        "last_login": null,
        "is_superuser": false,
        "first_name": "",
        "last_name": "",
        "is_staff": false,
        "is_active": true,
        "date_joined": "2022-01-01T05:00:00Z",
        "old_sk_id": null,
        "inserted": "2022-01-01T05:00:00Z",
        "inserted_by": null,
        "updated": "2022-01-01T05:00:00Z",
        "updated_by": null,
        "username": "2023-2024-hl-u11-white-graham-manager@domain.com",
        "email": "2023-2024-hl-u11-white-graham-manager@domain.com",
        "groups": [],
        "user_permissions": []
    }
},
{
    "model": "core.user",
    "pk": 70,
    "fields": {
        "password": "",
        "last_login": null,
        "is_superuser": false,
        "first_name": "",
        "last_name": "",
        "is_staff": false,
        "is_active": true,
        "date_joined": "2022-01-01T05:00:00Z",
        "old_sk_id": null,
        "inserted": "2022-01-01T05:00:00Z",
        "inserted_by": null,
        "updated": "2022-01-01T05:00:00Z",
        "updated_by": null,
        "username": "2023-2024-hl-u11-white-henry-coach@domain.com",
        "email": "2023-2024-hl-u11-white-henry-coach@domain.com",
        "groups": [],
        "user_permissions": []
    }
},
{
    "model": "core.user",
    "pk": 71,
    "fields": {
        "password": "",
        "last_login": null,
        "is_superuser": false,
        "first_name": "",
        "last_name": "",
        "is_staff": false,
        "is_active": true,
        "date_joined": "2022-01-01T05:00:00Z",
        "old_sk_id": null,
        "inserted": "2022-01-01T05:00:00Z",
        "inserted_by": null,
        "updated": "2022-01-01T05:00:00Z",
        "updated_by": null,
        "username": "2023-2024-hl-u11-white-henry-manager@domain.com",
        "email": "2023-2024-hl-u11-white-henry-manager@domain.com",
        "groups": [],
        "user_permissions": []
    }
},
{
    "model": "core.user",
    "pk": 72,
    "fields": {
        "password": "",
        "last_login": null,
        "is_superuser": false,
        "first_name": "",
        "last_name": "",
        "is_staff": false,
        "is_active": true,
        "date_joined": "2022-01-01T05:00:00Z",
        "old_sk_id": null,
        "inserted": "2022-01-01T05:00:00Z",
        "inserted_by": null,
        "updated": "2022-01-01T05:00:00Z",
        "updated_by": null,
        "username": "2023-2024-rep-vp@domain.com",
        "email": "2023-2024-rep-vp@domain.com",
        "groups": [],
        "user_permissions": []
    }
},
{
    "model": "core.user",
    "pk": 73,
    "fields": {
        "password": "",
        "last_login": null,
        "is_superuser": false,
        "first_name": "",
        "last_name": "",
        "is_staff": false,
        "is_active": true,
        "date_joined": "2022-01-01T05:00:00Z",
        "old_sk_id": null,
        "inserted": "2022-01-01T05:00:00Z",
        "inserted_by": null,
        "updated": "2022-01-01T05:00:00Z",
        "updated_by": null,
        "username": "2023-2024-rep-u10-division@domain.com",
        "email": "2023-2024-rep-u10-division@domain.com",
        "groups": [],
        "user_permissions": []
    }
},
{
    "model": "core.user",
    "pk": 74,
    "fields": {
        "password": "",
        "last_login": null,
        "is_superuser": false,
        "first_name": "",
        "last_name": "",
        "is_staff": false,
        "is_active": true,
        "date_joined": "2022-01-01T05:00:00Z",
        "old_sk_id": null,
        "inserted": "2022-01-01T05:00:00Z",
        "inserted_by": null,
        "updated": "2022-01-01T05:00:00Z",
        "updated_by": null,
        "username": "2023-2024-rep-u10-a-subdivision@domain.com",
        "email": "2023-2024-rep-u10-a-subdivision@domain.com",
        "groups": [],
        "user_permissions": []
    }
},
{
    "model": "core.user",
    "pk": 75,
    "fields": {
        "password": "",
        "last_login": null,
        "is_superuser": false,
        "first_name": "",
        "last_name": "",
        "is_staff": false,
        "is_active": true,
        "date_joined": "2022-01-01T05:00:00Z",
        "old_sk_id": null,
        "inserted": "2022-01-01T05:00:00Z",
        "inserted_by": null,
        "updated": "2022-01-01T05:00:00Z",
        "updated_by": null,
        "username": "2023-2024-rep-u10-a-graham-coach@domain.com",
        "email": "2023-2024-rep-u10-a-graham-coach@domain.com",
        "groups": [],
        "user_permissions": []
    }
},
{
    "model": "core.user",
    "pk": 76,
    "fields": {
        "password": "",
        "last_login": null,
        "is_superuser": false,
        "first_name": "",
        "last_name": "",
        "is_staff": false,
        "is_active": true,
        "date_joined": "2022-01-01T05:00:00Z",
        "old_sk_id": null,
        "inserted": "2022-01-01T05:00:00Z",
        "inserted_by": null,
        "updated": "2022-01-01T05:00:00Z",
        "updated_by": null,
        "username": "2023-2024-rep-u10-a-graham-manager@domain.com",
        "email": "2023-2024-rep-u10-a-graham-manager@domain.com",
        "groups": [],
        "user_permissions": []
    }
},
{
    "model": "core.user",
    "pk": 77,
    "fields": {
        "password": "",
        "last_login": null,
        "is_superuser": false,
        "first_name": "",
        "last_name": "",
        "is_staff": false,
        "is_active": true,
        "date_joined": "2022-01-01T05:00:00Z",
        "old_sk_id": null,
        "inserted": "2022-01-01T05:00:00Z",
        "inserted_by": null,
        "updated": "2022-01-01T05:00:00Z",
        "updated_by": null,
        "username": "2023-2024-rep-u10-a-henry-coach@domain.com",
        "email": "2023-2024-rep-u10-a-henry-coach@domain.com",
        "groups": [],
        "user_permissions": []
    }
},
{
    "model": "core.user",
    "pk": 78,
    "fields": {
        "password": "",
        "last_login": null,
        "is_superuser": false,
        "first_name": "",
        "last_name": "",
        "is_staff": false,
        "is_active": true,
        "date_joined": "2022-01-01T05:00:00Z",
        "old_sk_id": null,
        "inserted": "2022-01-01T05:00:00Z",
        "inserted_by": null,
        "updated": "2022-01-01T05:00:00Z",
        "updated_by": null,
        "username": "2023-2024-rep-u10-a-henry-manager@domain.com",
        "email": "2023-2024-rep-u10-a-henry-manager@domain.com",
        "groups": [],
        "user_permissions": []
    }
},
{
    "model": "core.user",
    "pk": 79,
    "fields": {
        "password": "",
        "last_login": null,
        "is_superuser": false,
        "first_name": "",
        "last_name": "",
        "is_staff": false,
        "is_active": true,
        "date_joined": "2022-01-01T05:00:00Z",
        "old_sk_id": null,
        "inserted": "2022-01-01T05:00:00Z",
        "inserted_by": null,
        "updated": "2022-01-01T05:00:00Z",
        "updated_by": null,
        "username": "2023-2024-rep-u10-aa-subdivision@domain.com",
        "email": "2023-2024-rep-u10-aa-subdivision@domain.com",
        "groups": [],
        "user_permissions": []
    }
},
{
    "model": "core.user",
    "pk": 80,
    "fields": {
        "password": "",
        "last_login": null,
        "is_superuser": false,
        "first_name": "",
        "last_name": "",
        "is_staff": false,
        "is_active": true,
        "date_joined": "2022-01-01T05:00:00Z",
        "old_sk_id": null,
        "inserted": "2022-01-01T05:00:00Z",
        "inserted_by": null,
        "updated": "2022-01-01T05:00:00Z",
        "updated_by": null,
        "username": "2023-2024-rep-u10-aa-graham-coach@domain.com",
        "email": "2023-2024-rep-u10-aa-graham-coach@domain.com",
        "groups": [],
        "user_permissions": []
    }
},
{
    "model": "core.user",
    "pk": 81,
    "fields": {
        "password": "",
        "last_login": null,
        "is_superuser": false,
        "first_name": "",
        "last_name": "",
        "is_staff": false,
        "is_active": true,
        "date_joined": "2022-01-01T05:00:00Z",
        "old_sk_id": null,
        "inserted": "2022-01-01T05:00:00Z",
        "inserted_by": null,
        "updated": "2022-01-01T05:00:00Z",
        "updated_by": null,
        "username": "2023-2024-rep-u10-aa-graham-manager@domain.com",
        "email": "2023-2024-rep-u10-aa-graham-manager@domain.com",
        "groups": [],
        "user_permissions": []
    }
},
{
    "model": "core.user",
    "pk": 82,
    "fields": {
        "password": "",
        "last_login": null,
        "is_superuser": false,
        "first_name": "",
        "last_name": "",
        "is_staff": false,
        "is_active": true,
        "date_joined": "2022-01-01T05:00:00Z",
        "old_sk_id": null,
        "inserted": "2022-01-01T05:00:00Z",
        "inserted_by": null,
        "updated": "2022-01-01T05:00:00Z",
        "updated_by": null,
        "username": "2023-2024-rep-u10-aa-henry-coach@domain.com",
        "email": "2023-2024-rep-u10-aa-henry-coach@domain.com",
        "groups": [],
        "user_permissions": []
    }
},
{
    "model": "core.user",
    "pk": 83,
    "fields": {
        "password": "",
        "last_login": null,
        "is_superuser": false,
        "first_name": "",
        "last_name": "",
        "is_staff": false,
        "is_active": true,
        "date_joined": "2022-01-01T05:00:00Z",
        "old_sk_id": null,
        "inserted": "2022-01-01T05:00:00Z",
        "inserted_by": null,
        "updated": "2022-01-01T05:00:00Z",
        "updated_by": null,
        "username": "2023-2024-rep-u10-aa-henry-manager@domain.com",
        "email": "2023-2024-rep-u10-aa-henry-manager@domain.com",
        "groups": [],
        "user_permissions": []
    }
},
{
    "model": "core.user",
    "pk": 84,
    "fields": {
        "password": "",
        "last_login": null,
        "is_superuser": false,
        "first_name": "",
        "last_name": "",
        "is_staff": false,
        "is_active": true,
        "date_joined": "2022-01-01T05:00:00Z",
        "old_sk_id": null,
        "inserted": "2022-01-01T05:00:00Z",
        "inserted_by": null,
        "updated": "2022-01-01T05:00:00Z",
        "updated_by": null,
        "username": "2023-2024-rep-u11-division@domain.com",
        "email": "2023-2024-rep-u11-division@domain.com",
        "groups": [],
        "user_permissions": []
    }
},
{
    "model": "core.user",
    "pk": 85,
    "fields": {
        "password": "",
        "last_login": null,
        "is_superuser": false,
        "first_name": "",
        "last_name": "",
        "is_staff": false,
        "is_active": true,
        "date_joined": "2022-01-01T05:00:00Z",
        "old_sk_id": null,
        "inserted": "2022-01-01T05:00:00Z",
        "inserted_by": null,
        "updated": "2022-01-01T05:00:00Z",
        "updated_by": null,
        "username": "2023-2024-rep-u11-a-subdivision@domain.com",
        "email": "2023-2024-rep-u11-a-subdivision@domain.com",
        "groups": [],
        "user_permissions": []
    }
},
{
    "model": "core.user",
    "pk": 86,
    "fields": {
        "password": "",
        "last_login": null,
        "is_superuser": false,
        "first_name": "",
        "last_name": "",
        "is_staff": false,
        "is_active": true,
        "date_joined": "2022-01-01T05:00:00Z",
        "old_sk_id": null,
        "inserted": "2022-01-01T05:00:00Z",
        "inserted_by": null,
        "updated": "2022-01-01T05:00:00Z",
        "updated_by": null,
        "username": "2023-2024-rep-u11-a-graham-coach@domain.com",
        "email": "2023-2024-rep-u11-a-graham-coach@domain.com",
        "groups": [],
        "user_permissions": []
    }
},
{
    "model": "core.user",
    "pk": 87,
    "fields": {
        "password": "",
        "last_login": null,
        "is_superuser": false,
        "first_name": "",
        "last_name": "",
        "is_staff": false,
        "is_active": true,
        "date_joined": "2022-01-01T05:00:00Z",
        "old_sk_id": null,
        "inserted": "2022-01-01T05:00:00Z",
        "inserted_by": null,
        "updated": "2022-01-01T05:00:00Z",
        "updated_by": null,
        "username": "2023-2024-rep-u11-a-graham-manager@domain.com",
        "email": "2023-2024-rep-u11-a-graham-manager@domain.com",
        "groups": [],
        "user_permissions": []
    }
},
{
    "model": "core.user",
    "pk": 88,
    "fields": {
        "password": "",
        "last_login": null,
        "is_superuser": false,
        "first_name": "",
        "last_name": "",
        "is_staff": false,
        "is_active": true,
        "date_joined": "2022-01-01T05:00:00Z",
        "old_sk_id": null,
        "inserted": "2022-01-01T05:00:00Z",
        "inserted_by": null,
        "updated": "2022-01-01T05:00:00Z",
        "updated_by": null,
        "username": "2023-2024-rep-u11-a-henry-coach@domain.com",
        "email": "2023-2024-rep-u11-a-henry-coach@domain.com",
        "groups": [],
        "user_permissions": []
    }
},
{
    "model": "core.user",
    "pk": 89,
    "fields": {
        "password": "",
        "last_login": null,
        "is_superuser": false,
        "first_name": "",
        "last_name": "",
        "is_staff": false,
        "is_active": true,
        "date_joined": "2022-01-01T05:00:00Z",
        "old_sk_id": null,
        "inserted": "2022-01-01T05:00:00Z",
        "inserted_by": null,
        "updated": "2022-01-01T05:00:00Z",
        "updated_by": null,
        "username": "2023-2024-rep-u11-a-henry-manager@domain.com",
        "email": "2023-2024-rep-u11-a-henry-manager@domain.com",
        "groups": [],
        "user_permissions": []
    }
},
{
    "model": "core.user",
    "pk": 90,
    "fields": {
        "password": "",
        "last_login": null,
        "is_superuser": false,
        "first_name": "",
        "last_name": "",
        "is_staff": false,
        "is_active": true,
        "date_joined": "2022-01-01T05:00:00Z",
        "old_sk_id": null,
        "inserted": "2022-01-01T05:00:00Z",
        "inserted_by": null,
        "updated": "2022-01-01T05:00:00Z",
        "updated_by": null,
        "username": "2023-2024-rep-u11-aa-subdivision@domain.com",
        "email": "2023-2024-rep-u11-aa-subdivision@domain.com",
        "groups": [],
        "user_permissions": []
    }
},
{
    "model": "core.user",
    "pk": 91,
    "fields": {
        "password": "",
        "last_login": null,
        "is_superuser": false,
        "first_name": "",
        "last_name": "",
        "is_staff": false,
        "is_active": true,
        "date_joined": "2022-01-01T05:00:00Z",
        "old_sk_id": null,
        "inserted": "2022-01-01T05:00:00Z",
        "inserted_by": null,
        "updated": "2022-01-01T05:00:00Z",
        "updated_by": null,
        "username": "2023-2024-rep-u11-aa-graham-coach@domain.com",
        "email": "2023-2024-rep-u11-aa-graham-coach@domain.com",
        "groups": [],
        "user_permissions": []
    }
},
{
    "model": "core.user",
    "pk": 92,
    "fields": {
        "password": "",
        "last_login": null,
        "is_superuser": false,
        "first_name": "",
        "last_name": "",
        "is_staff": false,
        "is_active": true,
        "date_joined": "2022-01-01T05:00:00Z",
        "old_sk_id": null,
        "inserted": "2022-01-01T05:00:00Z",
        "inserted_by": null,
        "updated": "2022-01-01T05:00:00Z",
        "updated_by": null,
        "username": "2023-2024-rep-u11-aa-graham-manager@domain.com",
        "email": "2023-2024-rep-u11-aa-graham-manager@domain.com",
        "groups": [],
        "user_permissions": []
    }
},
{
    "model": "core.user",
    "pk": 93,
    "fields": {
        "password": "",
        "last_login": null,
        "is_superuser": false,
        "first_name": "",
        "last_name": "",
        "is_staff": false,
        "is_active": true,
        "date_joined": "2022-01-01T05:00:00Z",
        "old_sk_id": null,
        "inserted": "2022-01-01T05:00:00Z",
        "inserted_by": null,
        "updated": "2022-01-01T05:00:00Z",
        "updated_by": null,
        "username": "2023-2024-rep-u11-aa-henry-coach@domain.com",
        "email": "2023-2024-rep-u11-aa-henry-coach@domain.com",
        "groups": [],
        "user_permissions": []
    }
},
{
    "model": "core.user",
    "pk": 94,
    "fields": {
        "password": "",
        "last_login": null,
        "is_superuser": false,
        "first_name": "",
        "last_name": "",
        "is_staff": false,
        "is_active": true,
        "date_joined": "2022-01-01T05:00:00Z",
        "old_sk_id": null,
        "inserted": "2022-01-01T05:00:00Z",
        "inserted_by": null,
        "updated": "2022-01-01T05:00:00Z",
        "updated_by": null,
        "username": "2023-2024-rep-u11-aa-henry-manager@domain.com",
        "email": "2023-2024-rep-u11-aa-henry-manager@domain.com",
        "groups": [],
        "user_permissions": []
    }
},
{
    "model": "core.season",
    "pk": 1,
    "fields": {
        "old_sk_id": null,
        "inserted": "2022-01-01T05:00:00Z",
        "inserted_by": null,
        "updated": "2022-01-01T05:00:00Z",
        "updated_by": null,
        "hockey_canada_id": null,
        "hockey_canada_system_id": null,
        "name": "2022-2023",
        "start": "2022-09-01",
        "end": "2023-08-31",
        "mbs_id": 0,
        "gsi_id": 0
    }
},
{
    "model": "core.season",
    "pk": 2,
    "fields": {
        "old_sk_id": null,
        "inserted": "2022-01-01T05:00:00Z",
        "inserted_by": null,
        "updated": "2022-01-01T05:00:00Z",
        "updated_by": null,
        "hockey_canada_id": null,
        "hockey_canada_system_id": null,
        "name": "2023-2024",
        "start": "2023-09-01",
        "end": "2024-08-31",
        "mbs_id": 0,
        "gsi_id": 0
    }
},
{
    "model": "core.league",
    "pk": 1,
    "fields": {
        "old_sk_id": null,
        "inserted": "2022-01-01T05:00:00Z",
        "inserted_by": null,
        "updated": "2022-01-01T05:00:00Z",
        "updated_by": null,
        "hockey_canada_id": null,
        "hockey_canada_system_id": null,
        "season": 1,
        "name": "HL",
        "weight": 0
    }
},
{
    "model": "core.league",
    "pk": 2,
    "fields": {
        "old_sk_id": null,
        "inserted": "2022-01-01T05:00:00Z",
        "inserted_by": null,
        "updated": "2022-01-01T05:00:00Z",
        "updated_by": null,
        "hockey_canada_id": null,
        "hockey_canada_system_id": null,
        "season": 1,
        "name": "REP",
        "weight": 1
    }
},
{
    "model": "core.league",
    "pk": 3,
    "fields": {
        "old_sk_id": null,
        "inserted": "2022-01-01T05:00:00Z",
        "inserted_by": null,
        "updated": "2022-01-01T05:00:00Z",
        "updated_by": null,
        "hockey_canada_id": null,
        "hockey_canada_system_id": null,
        "season": 2,
        "name": "HL",
        "weight": 0
    }
},
{
    "model": "core.league",
    "pk": 4,
    "fields": {
        "old_sk_id": null,
        "inserted": "2022-01-01T05:00:00Z",
        "inserted_by": null,
        "updated": "2022-01-01T05:00:00Z",
        "updated_by": null,
        "hockey_canada_id": null,
        "hockey_canada_system_id": null,
        "season": 2,
        "name": "REP",
        "weight": 1
    }
},
{
    "model": "core.division",
    "pk": 1,
    "fields": {
        "old_sk_id": null,
        "inserted": "2022-01-01T05:00:00Z",
        "inserted_by": null,
        "updated": "2022-01-01T05:00:00Z",
        "updated_by": null,
        "hockey_canada_id": null,
        "hockey_canada_system_id": null,
        "season": 1,
        "league": 1,
        "name": "U10",
        "age_from": 0,
        "age_to": 0,
        "weight": 0,
        "player_rating_factor": 100,
        "assign_first_slot_as_goalie": true
    }
},
{
    "model": "core.division",
    "pk": 2,
    "fields": {
        "old_sk_id": null,
        "inserted": "2022-01-01T05:00:00Z",
        "inserted_by": null,
        "updated": "2022-01-01T05:00:00Z",
        "updated_by": null,
        "hockey_canada_id": null,
        "hockey_canada_system_id": null,
        "season": 1,
        "league": 1,
        "name": "U11",
        "age_from": 0,
        "age_to": 0,
        "weight": 1,
        "player_rating_factor": 100,
        "assign_first_slot_as_goalie": true
    }
},
{
    "model": "core.division",
    "pk": 3,
    "fields": {
        "old_sk_id": null,
        "inserted": "2022-01-01T05:00:00Z",
        "inserted_by": null,
        "updated": "2022-01-01T05:00:00Z",
        "updated_by": null,
        "hockey_canada_id": null,
        "hockey_canada_system_id": null,
        "season": 1,
        "league": 2,
        "name": "U10",
        "age_from": 0,
        "age_to": 0,
        "weight": 2,
        "player_rating_factor": 100,
        "assign_first_slot_as_goalie": true
    }
},
{
    "model": "core.division",
    "pk": 4,
    "fields": {
        "old_sk_id": null,
        "inserted": "2022-01-01T05:00:00Z",
        "inserted_by": null,
        "updated": "2022-01-01T05:00:00Z",
        "updated_by": null,
        "hockey_canada_id": null,
        "hockey_canada_system_id": null,
        "season": 1,
        "league": 2,
        "name": "U11",
        "age_from": 0,
        "age_to": 0,
        "weight": 3,
        "player_rating_factor": 100,
        "assign_first_slot_as_goalie": true
    }
},
{
    "model": "core.division",
    "pk": 5,
    "fields": {
        "old_sk_id": null,
        "inserted": "2022-01-01T05:00:00Z",
        "inserted_by": null,
        "updated": "2022-01-01T05:00:00Z",
        "updated_by": null,
        "hockey_canada_id": null,
        "hockey_canada_system_id": null,
        "season": 2,
        "league": 3,
        "name": "U10",
        "age_from": 0,
        "age_to": 0,
        "weight": 0,
        "player_rating_factor": 100,
        "assign_first_slot_as_goalie": true
    }
},
{
    "model": "core.division",
    "pk": 6,
    "fields": {
        "old_sk_id": null,
        "inserted": "2022-01-01T05:00:00Z",
        "inserted_by": null,
        "updated": "2022-01-01T05:00:00Z",
        "updated_by": null,
        "hockey_canada_id": null,
        "hockey_canada_system_id": null,
        "season": 2,
        "league": 3,
        "name": "U11",
        "age_from": 0,
        "age_to": 0,
        "weight": 1,
        "player_rating_factor": 100,
        "assign_first_slot_as_goalie": true
    }
},
{
    "model": "core.division",
    "pk": 7,
    "fields": {
        "old_sk_id": null,
        "inserted": "2022-01-01T05:00:00Z",
        "inserted_by": null,
        "updated": "2022-01-01T05:00:00Z",
        "updated_by": null,
        "hockey_canada_id": null,
        "hockey_canada_system_id": null,
        "season": 2,
        "league": 4,
        "name": "U10",
        "age_from": 0,
        "age_to": 0,
        "weight": 2,
        "player_rating_factor": 100,
        "assign_first_slot_as_goalie": true
    }
},
{
    "model": "core.division",
    "pk": 8,
    "fields": {
        "old_sk_id": null,
        "inserted": "2022-01-01T05:00:00Z",
        "inserted_by": null,
        "updated": "2022-01-01T05:00:00Z",
        "updated_by": null,
        "hockey_canada_id": null,
        "hockey_canada_system_id": null,
        "season": 2,
        "league": 4,
        "name": "U11",
        "age_from": 0,
        "age_to": 0,
        "weight": 3,
        "player_rating_factor": 100,
        "assign_first_slot_as_goalie": true
    }
},
{
    "model": "core.subdivision",
    "pk": 1,
    "fields": {
        "old_sk_id": null,
        "inserted": "2022-01-01T05:00:00Z",
        "inserted_by": null,
        "updated": "2022-01-01T05:00:00Z",
        "updated_by": null,
        "hockey_canada_id": null,
        "hockey_canada_system_id": null,
        "season": 1,
        "league": 1,
        "division": 1,
        "name": "Blue",
        "weight": 0,
        "body_checking": false,
        "player_rating_factor": 100,
        "default_number_of_teams": 4,
        "inactive": false
    }
},
{
    "model": "core.subdivision",
    "pk": 2,
    "fields": {
        "old_sk_id": null,
        "inserted": "2022-01-01T05:00:00Z",
        "inserted_by": null,
        "updated": "2022-01-01T05:00:00Z",
        "updated_by": null,
        "hockey_canada_id": null,
        "hockey_canada_system_id": null,
        "season": 1,
        "league": 1,
        "division": 1,
        "name": "White",
        "weight": 1,
        "body_checking": false,
        "player_rating_factor": 100,
        "default_number_of_teams": 4,
        "inactive": false
    }
},
{
    "model": "core.subdivision",
    "pk": 3,
    "fields": {
        "old_sk_id": null,
        "inserted": "2022-01-01T05:00:00Z",
        "inserted_by": null,
        "updated": "2022-01-01T05:00:00Z",
        "updated_by": null,
        "hockey_canada_id": null,
        "hockey_canada_system_id": null,
        "season": 1,
        "league": 1,
        "division": 2,
        "name": "Blue",
        "weight": 2,
        "body_checking": false,
        "player_rating_factor": 100,
        "default_number_of_teams": 4,
        "inactive": false
    }
},
{
    "model": "core.subdivision",
    "pk": 4,
    "fields": {
        "old_sk_id": null,
        "inserted": "2022-01-01T05:00:00Z",
        "inserted_by": null,
        "updated": "2022-01-01T05:00:00Z",
        "updated_by": null,
        "hockey_canada_id": null,
        "hockey_canada_system_id": null,
        "season": 1,
        "league": 1,
        "division": 2,
        "name": "White",
        "weight": 3,
        "body_checking": false,
        "player_rating_factor": 100,
        "default_number_of_teams": 4,
        "inactive": false
    }
},
{
    "model": "core.subdivision",
    "pk": 5,
    "fields": {
        "old_sk_id": null,
        "inserted": "2022-01-01T05:00:00Z",
        "inserted_by": null,
        "updated": "2022-01-01T05:00:00Z",
        "updated_by": null,
        "hockey_canada_id": null,
        "hockey_canada_system_id": null,
        "season": 1,
        "league": 2,
        "division": 3,
        "name": "A",
        "weight": 4,
        "body_checking": false,
        "player_rating_factor": 100,
        "default_number_of_teams": 4,
        "inactive": false
    }
},
{
    "model": "core.subdivision",
    "pk": 6,
    "fields": {
        "old_sk_id": null,
        "inserted": "2022-01-01T05:00:00Z",
        "inserted_by": null,
        "updated": "2022-01-01T05:00:00Z",
        "updated_by": null,
        "hockey_canada_id": null,
        "hockey_canada_system_id": null,
        "season": 1,
        "league": 2,
        "division": 3,
        "name": "AA",
        "weight": 5,
        "body_checking": false,
        "player_rating_factor": 100,
        "default_number_of_teams": 4,
        "inactive": false
    }
},
{
    "model": "core.subdivision",
    "pk": 7,
    "fields": {
        "old_sk_id": null,
        "inserted": "2022-01-01T05:00:00Z",
        "inserted_by": null,
        "updated": "2022-01-01T05:00:00Z",
        "updated_by": null,
        "hockey_canada_id": null,
        "hockey_canada_system_id": null,
        "season": 1,
        "league": 2,
        "division": 4,
        "name": "A",
        "weight": 6,
        "body_checking": false,
        "player_rating_factor": 100,
        "default_number_of_teams": 4,
        "inactive": false
    }
},
{
    "model": "core.subdivision",
    "pk": 8,
    "fields": {
        "old_sk_id": null,
        "inserted": "2022-01-01T05:00:00Z",
        "inserted_by": null,
        "updated": "2022-01-01T05:00:00Z",
        "updated_by": null,
        "hockey_canada_id": null,
        "hockey_canada_system_id": null,
        "season": 1,
        "league": 2,
        "division": 4,
        "name": "AA",
        "weight": 7,
        "body_checking": false,
        "player_rating_factor": 100,
        "default_number_of_teams": 4,
        "inactive": false
    }
},
{
    "model": "core.subdivision",
    "pk": 9,
    "fields": {
        "old_sk_id": null,
        "inserted": "2022-01-01T05:00:00Z",
        "inserted_by": null,
        "updated": "2022-01-01T05:00:00Z",
        "updated_by": null,
        "hockey_canada_id": null,
        "hockey_canada_system_id": null,
        "season": 2,
        "league": 3,
        "division": 5,
        "name": "Blue",
        "weight": 0,
        "body_checking": false,
        "player_rating_factor": 100,
        "default_number_of_teams": 4,
        "inactive": false
    }
},
{
    "model": "core.subdivision",
    "pk": 10,
    "fields": {
        "old_sk_id": null,
        "inserted": "2022-01-01T05:00:00Z",
        "inserted_by": null,
        "updated": "2022-01-01T05:00:00Z",
        "updated_by": null,
        "hockey_canada_id": null,
        "hockey_canada_system_id": null,
        "season": 2,
        "league": 3,
        "division": 5,
        "name": "White",
        "weight": 1,
        "body_checking": false,
        "player_rating_factor": 100,
        "default_number_of_teams": 4,
        "inactive": false
    }
},
{
    "model": "core.subdivision",
    "pk": 11,
    "fields": {
        "old_sk_id": null,
        "inserted": "2022-01-01T05:00:00Z",
        "inserted_by": null,
        "updated": "2022-01-01T05:00:00Z",
        "updated_by": null,
        "hockey_canada_id": null,
        "hockey_canada_system_id": null,
        "season": 2,
        "league": 3,
        "division": 6,
        "name": "Blue",
        "weight": 2,
        "body_checking": false,
        "player_rating_factor": 100,
        "default_number_of_teams": 4,
        "inactive": false
    }
},
{
    "model": "core.subdivision",
    "pk": 12,
    "fields": {
        "old_sk_id": null,
        "inserted": "2022-01-01T05:00:00Z",
        "inserted_by": null,
        "updated": "2022-01-01T05:00:00Z",
        "updated_by": null,
        "hockey_canada_id": null,
        "hockey_canada_system_id": null,
        "season": 2,
        "league": 3,
        "division": 6,
        "name": "White",
        "weight": 3,
        "body_checking": false,
        "player_rating_factor": 100,
        "default_number_of_teams": 4,
        "inactive": false
    }
},
{
    "model": "core.subdivision",
    "pk": 13,
    "fields": {
        "old_sk_id": null,
        "inserted": "2022-01-01T05:00:00Z",
        "inserted_by": null,
        "updated": "2022-01-01T05:00:00Z",
        "updated_by": null,
        "hockey_canada_id": null,
        "hockey_canada_system_id": null,
        "season": 2,
        "league": 4,
        "division": 7,
        "name": "A",
        "weight": 4,
        "body_checking": false,
        "player_rating_factor": 100,
        "default_number_of_teams": 4,
        "inactive": false
    }
},
{
    "model": "core.subdivision",
    "pk": 14,
    "fields": {
        "old_sk_id": null,
        "inserted": "2022-01-01T05:00:00Z",
        "inserted_by": null,
        "updated": "2022-01-01T05:00:00Z",
        "updated_by": null,
        "hockey_canada_id": null,
        "hockey_canada_system_id": null,
        "season": 2,
        "league": 4,
        "division": 7,
        "name": "AA",
        "weight": 5,
        "body_checking": false,
        "player_rating_factor": 100,
        "default_number_of_teams": 4,
        "inactive": false
    }
},
{
    "model": "core.subdivision",
    "pk": 15,
    "fields": {
        "old_sk_id": null,
        "inserted": "2022-01-01T05:00:00Z",
        "inserted_by": null,
        "updated": "2022-01-01T05:00:00Z",
        "updated_by": null,
        "hockey_canada_id": null,
        "hockey_canada_system_id": null,
        "season": 2,
        "league": 4,
        "division": 8,
        "name": "A",
        "weight": 6,
        "body_checking": false,
        "player_rating_factor": 100,
        "default_number_of_teams": 4,
        "inactive": false
    }
},
{
    "model": "core.subdivision",
    "pk": 16,
    "fields": {
        "old_sk_id": null,
        "inserted": "2022-01-01T05:00:00Z",
        "inserted_by": null,
        "updated": "2022-01-01T05:00:00Z",
        "updated_by": null,
        "hockey_canada_id": null,
        "hockey_canada_system_id": null,
        "season": 2,
        "league": 4,
        "division": 8,
        "name": "AA",
        "weight": 7,
        "body_checking": false,
        "player_rating_factor": 100,
        "default_number_of_teams": 4,
        "inactive": false
    }
}
]
