[
{
    "model": "core.user",
    "pk": 1,
    "fields": {
        "password": "pbkdf2_sha256$320000$2b8dfOpuv6ijYqIucRisbX$0DGNjUDmvAMb+P8hL884u7cI/MLCtAV0iPM2VPLK7ro=",
        "last_login": null,
        "is_superuser": false,
        "first_name": "",
        "last_name": "",
        "is_staff": false,
        "is_active": true,
        "date_joined": "2022-03-10T00:15:04.841Z",
        "username": "2022-2023-admin@domain.com",
        "email": "2022-2023-admin@domain.com",
        "inserted": "2022-03-10T00:15:04.843Z",
        "updated": "2022-03-10T00:15:04.843Z",
        "groups": [],
        "user_permissions": []
    }
},
{
    "model": "core.user",
    "pk": 2,
    "fields": {
        "password": "pbkdf2_sha256$320000$2b8dfOpuv6ijYqIucRisbX$0DGNjUDmvAMb+P8hL884u7cI/MLCtAV0iPM2VPLK7ro=",
        "last_login": null,
        "is_superuser": false,
        "first_name": "",
        "last_name": "",
        "is_staff": false,
        "is_active": true,
        "date_joined": "2022-03-10T00:15:04.900Z",
        "username": "2022-2023-hl-vp@domain.com",
        "email": "2022-2023-hl-vp@domain.com",
        "inserted": "2022-03-10T00:15:04.901Z",
        "updated": "2022-03-10T00:15:04.901Z",
        "groups": [],
        "user_permissions": []
    }
},
{
    "model": "core.user",
    "pk": 3,
    "fields": {
        "password": "pbkdf2_sha256$320000$2b8dfOpuv6ijYqIucRisbX$0DGNjUDmvAMb+P8hL884u7cI/MLCtAV0iPM2VPLK7ro=",
        "last_login": null,
        "is_superuser": false,
        "first_name": "",
        "last_name": "",
        "is_staff": false,
        "is_active": true,
        "date_joined": "2022-03-10T00:15:04.954Z",
        "username": "2022-2023-hl-u10-division@domain.com",
        "email": "2022-2023-hl-u10-division@domain.com",
        "inserted": "2022-03-10T00:15:04.955Z",
        "updated": "2022-03-10T00:15:04.955Z",
        "groups": [],
        "user_permissions": []
    }
},
{
    "model": "core.user",
    "pk": 4,
    "fields": {
        "password": "pbkdf2_sha256$320000$2b8dfOpuv6ijYqIucRisbX$0DGNjUDmvAMb+P8hL884u7cI/MLCtAV0iPM2VPLK7ro=",
        "last_login": null,
        "is_superuser": false,
        "first_name": "",
        "last_name": "",
        "is_staff": false,
        "is_active": true,
        "date_joined": "2022-03-10T00:15:05.011Z",
        "username": "2022-2023-hl-u10-blue-subdivision@domain.com",
        "email": "2022-2023-hl-u10-blue-subdivision@domain.com",
        "inserted": "2022-03-10T00:15:05.013Z",
        "updated": "2022-03-10T00:15:05.013Z",
        "groups": [],
        "user_permissions": []
    }
},
{
    "model": "core.user",
    "pk": 5,
    "fields": {
        "password": "pbkdf2_sha256$320000$2b8dfOpuv6ijYqIucRisbX$0DGNjUDmvAMb+P8hL884u7cI/MLCtAV0iPM2VPLK7ro=",
        "last_login": null,
        "is_superuser": false,
        "first_name": "",
        "last_name": "",
        "is_staff": false,
        "is_active": true,
        "date_joined": "2022-03-10T00:15:05.066Z",
        "username": "2022-2023-hl-u10-blue-graham-coach@domain.com",
        "email": "2022-2023-hl-u10-blue-graham-coach@domain.com",
        "inserted": "2022-03-10T00:15:05.067Z",
        "updated": "2022-03-10T00:15:05.067Z",
        "groups": [],
        "user_permissions": []
    }
},
{
    "model": "core.user",
    "pk": 6,
    "fields": {
        "password": "pbkdf2_sha256$320000$2b8dfOpuv6ijYqIucRisbX$0DGNjUDmvAMb+P8hL884u7cI/MLCtAV0iPM2VPLK7ro=",
        "last_login": null,
        "is_superuser": false,
        "first_name": "",
        "last_name": "",
        "is_staff": false,
        "is_active": true,
        "date_joined": "2022-03-10T00:15:05.120Z",
        "username": "2022-2023-hl-u10-blue-henry-coach@domain.com",
        "email": "2022-2023-hl-u10-blue-henry-coach@domain.com",
        "inserted": "2022-03-10T00:15:05.121Z",
        "updated": "2022-03-10T00:15:05.121Z",
        "groups": [],
        "user_permissions": []
    }
},
{
    "model": "core.user",
    "pk": 7,
    "fields": {
        "password": "pbkdf2_sha256$320000$2b8dfOpuv6ijYqIucRisbX$0DGNjUDmvAMb+P8hL884u7cI/MLCtAV0iPM2VPLK7ro=",
        "last_login": null,
        "is_superuser": false,
        "first_name": "",
        "last_name": "",
        "is_staff": false,
        "is_active": true,
        "date_joined": "2022-03-10T00:15:05.172Z",
        "username": "2022-2023-hl-u10-white-subdivision@domain.com",
        "email": "2022-2023-hl-u10-white-subdivision@domain.com",
        "inserted": "2022-03-10T00:15:05.173Z",
        "updated": "2022-03-10T00:15:05.173Z",
        "groups": [],
        "user_permissions": []
    }
},
{
    "model": "core.user",
    "pk": 8,
    "fields": {
        "password": "pbkdf2_sha256$320000$2b8dfOpuv6ijYqIucRisbX$0DGNjUDmvAMb+P8hL884u7cI/MLCtAV0iPM2VPLK7ro=",
        "last_login": null,
        "is_superuser": false,
        "first_name": "",
        "last_name": "",
        "is_staff": false,
        "is_active": true,
        "date_joined": "2022-03-10T00:15:05.226Z",
        "username": "2022-2023-hl-u10-white-graham-coach@domain.com",
        "email": "2022-2023-hl-u10-white-graham-coach@domain.com",
        "inserted": "2022-03-10T00:15:05.227Z",
        "updated": "2022-03-10T00:15:05.227Z",
        "groups": [],
        "user_permissions": []
    }
},
{
    "model": "core.user",
    "pk": 9,
    "fields": {
        "password": "pbkdf2_sha256$320000$2b8dfOpuv6ijYqIucRisbX$0DGNjUDmvAMb+P8hL884u7cI/MLCtAV0iPM2VPLK7ro=",
        "last_login": null,
        "is_superuser": false,
        "first_name": "",
        "last_name": "",
        "is_staff": false,
        "is_active": true,
        "date_joined": "2022-03-10T00:15:05.280Z",
        "username": "2022-2023-hl-u10-white-henry-coach@domain.com",
        "email": "2022-2023-hl-u10-white-henry-coach@domain.com",
        "inserted": "2022-03-10T00:15:05.281Z",
        "updated": "2022-03-10T00:15:05.281Z",
        "groups": [],
        "user_permissions": []
    }
},
{
    "model": "core.user",
    "pk": 10,
    "fields": {
        "password": "pbkdf2_sha256$320000$2b8dfOpuv6ijYqIucRisbX$0DGNjUDmvAMb+P8hL884u7cI/MLCtAV0iPM2VPLK7ro=",
        "last_login": null,
        "is_superuser": false,
        "first_name": "",
        "last_name": "",
        "is_staff": false,
        "is_active": true,
        "date_joined": "2022-03-10T00:15:05.332Z",
        "username": "2022-2023-hl-u11-division@domain.com",
        "email": "2022-2023-hl-u11-division@domain.com",
        "inserted": "2022-03-10T00:15:05.333Z",
        "updated": "2022-03-10T00:15:05.333Z",
        "groups": [],
        "user_permissions": []
    }
},
{
    "model": "core.user",
    "pk": 11,
    "fields": {
        "password": "pbkdf2_sha256$320000$2b8dfOpuv6ijYqIucRisbX$0DGNjUDmvAMb+P8hL884u7cI/MLCtAV0iPM2VPLK7ro=",
        "last_login": null,
        "is_superuser": false,
        "first_name": "",
        "last_name": "",
        "is_staff": false,
        "is_active": true,
        "date_joined": "2022-03-10T00:15:05.385Z",
        "username": "2022-2023-hl-u11-blue-subdivision@domain.com",
        "email": "2022-2023-hl-u11-blue-subdivision@domain.com",
        "inserted": "2022-03-10T00:15:05.386Z",
        "updated": "2022-03-10T00:15:05.387Z",
        "groups": [],
        "user_permissions": []
    }
},
{
    "model": "core.user",
    "pk": 12,
    "fields": {
        "password": "pbkdf2_sha256$320000$2b8dfOpuv6ijYqIucRisbX$0DGNjUDmvAMb+P8hL884u7cI/MLCtAV0iPM2VPLK7ro=",
        "last_login": null,
        "is_superuser": false,
        "first_name": "",
        "last_name": "",
        "is_staff": false,
        "is_active": true,
        "date_joined": "2022-03-10T00:15:05.442Z",
        "username": "2022-2023-hl-u11-blue-graham-coach@domain.com",
        "email": "2022-2023-hl-u11-blue-graham-coach@domain.com",
        "inserted": "2022-03-10T00:15:05.442Z",
        "updated": "2022-03-10T00:15:05.442Z",
        "groups": [],
        "user_permissions": []
    }
},
{
    "model": "core.user",
    "pk": 13,
    "fields": {
        "password": "pbkdf2_sha256$320000$2b8dfOpuv6ijYqIucRisbX$0DGNjUDmvAMb+P8hL884u7cI/MLCtAV0iPM2VPLK7ro=",
        "last_login": null,
        "is_superuser": false,
        "first_name": "",
        "last_name": "",
        "is_staff": false,
        "is_active": true,
        "date_joined": "2022-03-10T00:15:05.499Z",
        "username": "2022-2023-hl-u11-blue-henry-coach@domain.com",
        "email": "2022-2023-hl-u11-blue-henry-coach@domain.com",
        "inserted": "2022-03-10T00:15:05.500Z",
        "updated": "2022-03-10T00:15:05.500Z",
        "groups": [],
        "user_permissions": []
    }
},
{
    "model": "core.user",
    "pk": 14,
    "fields": {
        "password": "pbkdf2_sha256$320000$2b8dfOpuv6ijYqIucRisbX$0DGNjUDmvAMb+P8hL884u7cI/MLCtAV0iPM2VPLK7ro=",
        "last_login": null,
        "is_superuser": false,
        "first_name": "",
        "last_name": "",
        "is_staff": false,
        "is_active": true,
        "date_joined": "2022-03-10T00:15:05.560Z",
        "username": "2022-2023-hl-u11-white-subdivision@domain.com",
        "email": "2022-2023-hl-u11-white-subdivision@domain.com",
        "inserted": "2022-03-10T00:15:05.561Z",
        "updated": "2022-03-10T00:15:05.561Z",
        "groups": [],
        "user_permissions": []
    }
},
{
    "model": "core.user",
    "pk": 15,
    "fields": {
        "password": "pbkdf2_sha256$320000$2b8dfOpuv6ijYqIucRisbX$0DGNjUDmvAMb+P8hL884u7cI/MLCtAV0iPM2VPLK7ro=",
        "last_login": null,
        "is_superuser": false,
        "first_name": "",
        "last_name": "",
        "is_staff": false,
        "is_active": true,
        "date_joined": "2022-03-10T00:15:05.622Z",
        "username": "2022-2023-hl-u11-white-graham-coach@domain.com",
        "email": "2022-2023-hl-u11-white-graham-coach@domain.com",
        "inserted": "2022-03-10T00:15:05.623Z",
        "updated": "2022-03-10T00:15:05.623Z",
        "groups": [],
        "user_permissions": []
    }
},
{
    "model": "core.user",
    "pk": 16,
    "fields": {
        "password": "pbkdf2_sha256$320000$2b8dfOpuv6ijYqIucRisbX$0DGNjUDmvAMb+P8hL884u7cI/MLCtAV0iPM2VPLK7ro=",
        "last_login": null,
        "is_superuser": false,
        "first_name": "",
        "last_name": "",
        "is_staff": false,
        "is_active": true,
        "date_joined": "2022-03-10T00:15:05.682Z",
        "username": "2022-2023-hl-u11-white-henry-coach@domain.com",
        "email": "2022-2023-hl-u11-white-henry-coach@domain.com",
        "inserted": "2022-03-10T00:15:05.683Z",
        "updated": "2022-03-10T00:15:05.683Z",
        "groups": [],
        "user_permissions": []
    }
},
{
    "model": "core.user",
    "pk": 17,
    "fields": {
        "password": "pbkdf2_sha256$320000$2b8dfOpuv6ijYqIucRisbX$0DGNjUDmvAMb+P8hL884u7cI/MLCtAV0iPM2VPLK7ro=",
        "last_login": null,
        "is_superuser": false,
        "first_name": "",
        "last_name": "",
        "is_staff": false,
        "is_active": true,
        "date_joined": "2022-03-10T00:15:05.742Z",
        "username": "2022-2023-rep-vp@domain.com",
        "email": "2022-2023-rep-vp@domain.com",
        "inserted": "2022-03-10T00:15:05.743Z",
        "updated": "2022-03-10T00:15:05.743Z",
        "groups": [],
        "user_permissions": []
    }
},
{
    "model": "core.user",
    "pk": 18,
    "fields": {
        "password": "pbkdf2_sha256$320000$2b8dfOpuv6ijYqIucRisbX$0DGNjUDmvAMb+P8hL884u7cI/MLCtAV0iPM2VPLK7ro=",
        "last_login": null,
        "is_superuser": false,
        "first_name": "",
        "last_name": "",
        "is_staff": false,
        "is_active": true,
        "date_joined": "2022-03-10T00:15:05.796Z",
        "username": "2022-2023-rep-u10-division@domain.com",
        "email": "2022-2023-rep-u10-division@domain.com",
        "inserted": "2022-03-10T00:15:05.797Z",
        "updated": "2022-03-10T00:15:05.797Z",
        "groups": [],
        "user_permissions": []
    }
},
{
    "model": "core.user",
    "pk": 19,
    "fields": {
        "password": "pbkdf2_sha256$320000$2b8dfOpuv6ijYqIucRisbX$0DGNjUDmvAMb+P8hL884u7cI/MLCtAV0iPM2VPLK7ro=",
        "last_login": null,
        "is_superuser": false,
        "first_name": "",
        "last_name": "",
        "is_staff": false,
        "is_active": true,
        "date_joined": "2022-03-10T00:15:05.866Z",
        "username": "2022-2023-rep-u10-a-subdivision@domain.com",
        "email": "2022-2023-rep-u10-a-subdivision@domain.com",
        "inserted": "2022-03-10T00:15:05.867Z",
        "updated": "2022-03-10T00:15:05.867Z",
        "groups": [],
        "user_permissions": []
    }
},
{
    "model": "core.user",
    "pk": 20,
    "fields": {
        "password": "pbkdf2_sha256$320000$2b8dfOpuv6ijYqIucRisbX$0DGNjUDmvAMb+P8hL884u7cI/MLCtAV0iPM2VPLK7ro=",
        "last_login": null,
        "is_superuser": false,
        "first_name": "",
        "last_name": "",
        "is_staff": false,
        "is_active": true,
        "date_joined": "2022-03-10T00:15:05.931Z",
        "username": "2022-2023-rep-u10-a-graham-coach@domain.com",
        "email": "2022-2023-rep-u10-a-graham-coach@domain.com",
        "inserted": "2022-03-10T00:15:05.932Z",
        "updated": "2022-03-10T00:15:05.932Z",
        "groups": [],
        "user_permissions": []
    }
},
{
    "model": "core.user",
    "pk": 21,
    "fields": {
        "password": "pbkdf2_sha256$320000$2b8dfOpuv6ijYqIucRisbX$0DGNjUDmvAMb+P8hL884u7cI/MLCtAV0iPM2VPLK7ro=",
        "last_login": null,
        "is_superuser": false,
        "first_name": "",
        "last_name": "",
        "is_staff": false,
        "is_active": true,
        "date_joined": "2022-03-10T00:15:05.991Z",
        "username": "2022-2023-rep-u10-a-henry-coach@domain.com",
        "email": "2022-2023-rep-u10-a-henry-coach@domain.com",
        "inserted": "2022-03-10T00:15:05.992Z",
        "updated": "2022-03-10T00:15:05.992Z",
        "groups": [],
        "user_permissions": []
    }
},
{
    "model": "core.user",
    "pk": 22,
    "fields": {
        "password": "pbkdf2_sha256$320000$2b8dfOpuv6ijYqIucRisbX$0DGNjUDmvAMb+P8hL884u7cI/MLCtAV0iPM2VPLK7ro=",
        "last_login": null,
        "is_superuser": false,
        "first_name": "",
        "last_name": "",
        "is_staff": false,
        "is_active": true,
        "date_joined": "2022-03-10T00:15:06.048Z",
        "username": "2022-2023-rep-u10-aa-subdivision@domain.com",
        "email": "2022-2023-rep-u10-aa-subdivision@domain.com",
        "inserted": "2022-03-10T00:15:06.049Z",
        "updated": "2022-03-10T00:15:06.049Z",
        "groups": [],
        "user_permissions": []
    }
},
{
    "model": "core.user",
    "pk": 23,
    "fields": {
        "password": "pbkdf2_sha256$320000$2b8dfOpuv6ijYqIucRisbX$0DGNjUDmvAMb+P8hL884u7cI/MLCtAV0iPM2VPLK7ro=",
        "last_login": null,
        "is_superuser": false,
        "first_name": "",
        "last_name": "",
        "is_staff": false,
        "is_active": true,
        "date_joined": "2022-03-10T00:15:06.101Z",
        "username": "2022-2023-rep-u10-aa-graham-coach@domain.com",
        "email": "2022-2023-rep-u10-aa-graham-coach@domain.com",
        "inserted": "2022-03-10T00:15:06.102Z",
        "updated": "2022-03-10T00:15:06.102Z",
        "groups": [],
        "user_permissions": []
    }
},
{
    "model": "core.user",
    "pk": 24,
    "fields": {
        "password": "pbkdf2_sha256$320000$2b8dfOpuv6ijYqIucRisbX$0DGNjUDmvAMb+P8hL884u7cI/MLCtAV0iPM2VPLK7ro=",
        "last_login": null,
        "is_superuser": false,
        "first_name": "",
        "last_name": "",
        "is_staff": false,
        "is_active": true,
        "date_joined": "2022-03-10T00:15:06.161Z",
        "username": "2022-2023-rep-u10-aa-henry-coach@domain.com",
        "email": "2022-2023-rep-u10-aa-henry-coach@domain.com",
        "inserted": "2022-03-10T00:15:06.163Z",
        "updated": "2022-03-10T00:15:06.163Z",
        "groups": [],
        "user_permissions": []
    }
},
{
    "model": "core.user",
    "pk": 25,
    "fields": {
        "password": "pbkdf2_sha256$320000$2b8dfOpuv6ijYqIucRisbX$0DGNjUDmvAMb+P8hL884u7cI/MLCtAV0iPM2VPLK7ro=",
        "last_login": null,
        "is_superuser": false,
        "first_name": "",
        "last_name": "",
        "is_staff": false,
        "is_active": true,
        "date_joined": "2022-03-10T00:15:06.217Z",
        "username": "2022-2023-rep-u11-division@domain.com",
        "email": "2022-2023-rep-u11-division@domain.com",
        "inserted": "2022-03-10T00:15:06.218Z",
        "updated": "2022-03-10T00:15:06.218Z",
        "groups": [],
        "user_permissions": []
    }
},
{
    "model": "core.user",
    "pk": 26,
    "fields": {
        "password": "pbkdf2_sha256$320000$2b8dfOpuv6ijYqIucRisbX$0DGNjUDmvAMb+P8hL884u7cI/MLCtAV0iPM2VPLK7ro=",
        "last_login": null,
        "is_superuser": false,
        "first_name": "",
        "last_name": "",
        "is_staff": false,
        "is_active": true,
        "date_joined": "2022-03-10T00:15:06.278Z",
        "username": "2022-2023-rep-u11-a-subdivision@domain.com",
        "email": "2022-2023-rep-u11-a-subdivision@domain.com",
        "inserted": "2022-03-10T00:15:06.279Z",
        "updated": "2022-03-10T00:15:06.279Z",
        "groups": [],
        "user_permissions": []
    }
},
{
    "model": "core.user",
    "pk": 27,
    "fields": {
        "password": "pbkdf2_sha256$320000$2b8dfOpuv6ijYqIucRisbX$0DGNjUDmvAMb+P8hL884u7cI/MLCtAV0iPM2VPLK7ro=",
        "last_login": null,
        "is_superuser": false,
        "first_name": "",
        "last_name": "",
        "is_staff": false,
        "is_active": true,
        "date_joined": "2022-03-10T00:15:06.332Z",
        "username": "2022-2023-rep-u11-a-graham-coach@domain.com",
        "email": "2022-2023-rep-u11-a-graham-coach@domain.com",
        "inserted": "2022-03-10T00:15:06.333Z",
        "updated": "2022-03-10T00:15:06.333Z",
        "groups": [],
        "user_permissions": []
    }
},
{
    "model": "core.user",
    "pk": 28,
    "fields": {
        "password": "pbkdf2_sha256$320000$2b8dfOpuv6ijYqIucRisbX$0DGNjUDmvAMb+P8hL884u7cI/MLCtAV0iPM2VPLK7ro=",
        "last_login": null,
        "is_superuser": false,
        "first_name": "",
        "last_name": "",
        "is_staff": false,
        "is_active": true,
        "date_joined": "2022-03-10T00:15:06.389Z",
        "username": "2022-2023-rep-u11-a-henry-coach@domain.com",
        "email": "2022-2023-rep-u11-a-henry-coach@domain.com",
        "inserted": "2022-03-10T00:15:06.389Z",
        "updated": "2022-03-10T00:15:06.389Z",
        "groups": [],
        "user_permissions": []
    }
},
{
    "model": "core.user",
    "pk": 29,
    "fields": {
        "password": "pbkdf2_sha256$320000$2b8dfOpuv6ijYqIucRisbX$0DGNjUDmvAMb+P8hL884u7cI/MLCtAV0iPM2VPLK7ro=",
        "last_login": null,
        "is_superuser": false,
        "first_name": "",
        "last_name": "",
        "is_staff": false,
        "is_active": true,
        "date_joined": "2022-03-10T00:15:06.443Z",
        "username": "2022-2023-rep-u11-aa-subdivision@domain.com",
        "email": "2022-2023-rep-u11-aa-subdivision@domain.com",
        "inserted": "2022-03-10T00:15:06.444Z",
        "updated": "2022-03-10T00:15:06.444Z",
        "groups": [],
        "user_permissions": []
    }
},
{
    "model": "core.user",
    "pk": 30,
    "fields": {
        "password": "pbkdf2_sha256$320000$2b8dfOpuv6ijYqIucRisbX$0DGNjUDmvAMb+P8hL884u7cI/MLCtAV0iPM2VPLK7ro=",
        "last_login": null,
        "is_superuser": false,
        "first_name": "",
        "last_name": "",
        "is_staff": false,
        "is_active": true,
        "date_joined": "2022-03-10T00:15:06.497Z",
        "username": "2022-2023-rep-u11-aa-graham-coach@domain.com",
        "email": "2022-2023-rep-u11-aa-graham-coach@domain.com",
        "inserted": "2022-03-10T00:15:06.498Z",
        "updated": "2022-03-10T00:15:06.498Z",
        "groups": [],
        "user_permissions": []
    }
},
{
    "model": "core.user",
    "pk": 31,
    "fields": {
        "password": "pbkdf2_sha256$320000$2b8dfOpuv6ijYqIucRisbX$0DGNjUDmvAMb+P8hL884u7cI/MLCtAV0iPM2VPLK7ro=",
        "last_login": null,
        "is_superuser": false,
        "first_name": "",
        "last_name": "",
        "is_staff": false,
        "is_active": true,
        "date_joined": "2022-03-10T00:15:06.555Z",
        "username": "2022-2023-rep-u11-aa-henry-coach@domain.com",
        "email": "2022-2023-rep-u11-aa-henry-coach@domain.com",
        "inserted": "2022-03-10T00:15:06.556Z",
        "updated": "2022-03-10T00:15:06.556Z",
        "groups": [],
        "user_permissions": []
    }
},
{
    "model": "core.user",
    "pk": 32,
    "fields": {
        "password": "pbkdf2_sha256$320000$2b8dfOpuv6ijYqIucRisbX$0DGNjUDmvAMb+P8hL884u7cI/MLCtAV0iPM2VPLK7ro=",
        "last_login": null,
        "is_superuser": false,
        "first_name": "",
        "last_name": "",
        "is_staff": false,
        "is_active": true,
        "date_joined": "2022-03-10T00:15:06.613Z",
        "username": "2023-2024-admin@domain.com",
        "email": "2023-2024-admin@domain.com",
        "inserted": "2022-03-10T00:15:06.613Z",
        "updated": "2022-03-10T00:15:06.613Z",
        "groups": [],
        "user_permissions": []
    }
},
{
    "model": "core.user",
    "pk": 33,
    "fields": {
        "password": "pbkdf2_sha256$320000$2b8dfOpuv6ijYqIucRisbX$0DGNjUDmvAMb+P8hL884u7cI/MLCtAV0iPM2VPLK7ro=",
        "last_login": null,
        "is_superuser": false,
        "first_name": "",
        "last_name": "",
        "is_staff": false,
        "is_active": true,
        "date_joined": "2022-03-10T00:15:06.666Z",
        "username": "2023-2024-hl-vp@domain.com",
        "email": "2023-2024-hl-vp@domain.com",
        "inserted": "2022-03-10T00:15:06.667Z",
        "updated": "2022-03-10T00:15:06.667Z",
        "groups": [],
        "user_permissions": []
    }
},
{
    "model": "core.user",
    "pk": 34,
    "fields": {
        "password": "pbkdf2_sha256$320000$2b8dfOpuv6ijYqIucRisbX$0DGNjUDmvAMb+P8hL884u7cI/MLCtAV0iPM2VPLK7ro=",
        "last_login": null,
        "is_superuser": false,
        "first_name": "",
        "last_name": "",
        "is_staff": false,
        "is_active": true,
        "date_joined": "2022-03-10T00:15:06.721Z",
        "username": "2023-2024-hl-u10-division@domain.com",
        "email": "2023-2024-hl-u10-division@domain.com",
        "inserted": "2022-03-10T00:15:06.722Z",
        "updated": "2022-03-10T00:15:06.722Z",
        "groups": [],
        "user_permissions": []
    }
},
{
    "model": "core.user",
    "pk": 35,
    "fields": {
        "password": "pbkdf2_sha256$320000$2b8dfOpuv6ijYqIucRisbX$0DGNjUDmvAMb+P8hL884u7cI/MLCtAV0iPM2VPLK7ro=",
        "last_login": null,
        "is_superuser": false,
        "first_name": "",
        "last_name": "",
        "is_staff": false,
        "is_active": true,
        "date_joined": "2022-03-10T00:15:06.785Z",
        "username": "2023-2024-hl-u10-blue-subdivision@domain.com",
        "email": "2023-2024-hl-u10-blue-subdivision@domain.com",
        "inserted": "2022-03-10T00:15:06.787Z",
        "updated": "2022-03-10T00:15:06.787Z",
        "groups": [],
        "user_permissions": []
    }
},
{
    "model": "core.user",
    "pk": 36,
    "fields": {
        "password": "pbkdf2_sha256$320000$2b8dfOpuv6ijYqIucRisbX$0DGNjUDmvAMb+P8hL884u7cI/MLCtAV0iPM2VPLK7ro=",
        "last_login": null,
        "is_superuser": false,
        "first_name": "",
        "last_name": "",
        "is_staff": false,
        "is_active": true,
        "date_joined": "2022-03-10T00:15:06.846Z",
        "username": "2023-2024-hl-u10-blue-graham-coach@domain.com",
        "email": "2023-2024-hl-u10-blue-graham-coach@domain.com",
        "inserted": "2022-03-10T00:15:06.847Z",
        "updated": "2022-03-10T00:15:06.847Z",
        "groups": [],
        "user_permissions": []
    }
},
{
    "model": "core.user",
    "pk": 37,
    "fields": {
        "password": "pbkdf2_sha256$320000$2b8dfOpuv6ijYqIucRisbX$0DGNjUDmvAMb+P8hL884u7cI/MLCtAV0iPM2VPLK7ro=",
        "last_login": null,
        "is_superuser": false,
        "first_name": "",
        "last_name": "",
        "is_staff": false,
        "is_active": true,
        "date_joined": "2022-03-10T00:15:06.903Z",
        "username": "2023-2024-hl-u10-blue-henry-coach@domain.com",
        "email": "2023-2024-hl-u10-blue-henry-coach@domain.com",
        "inserted": "2022-03-10T00:15:06.904Z",
        "updated": "2022-03-10T00:15:06.904Z",
        "groups": [],
        "user_permissions": []
    }
},
{
    "model": "core.user",
    "pk": 38,
    "fields": {
        "password": "pbkdf2_sha256$320000$2b8dfOpuv6ijYqIucRisbX$0DGNjUDmvAMb+P8hL884u7cI/MLCtAV0iPM2VPLK7ro=",
        "last_login": null,
        "is_superuser": false,
        "first_name": "",
        "last_name": "",
        "is_staff": false,
        "is_active": true,
        "date_joined": "2022-03-10T00:15:06.962Z",
        "username": "2023-2024-hl-u10-white-subdivision@domain.com",
        "email": "2023-2024-hl-u10-white-subdivision@domain.com",
        "inserted": "2022-03-10T00:15:06.963Z",
        "updated": "2022-03-10T00:15:06.963Z",
        "groups": [],
        "user_permissions": []
    }
},
{
    "model": "core.user",
    "pk": 39,
    "fields": {
        "password": "pbkdf2_sha256$320000$2b8dfOpuv6ijYqIucRisbX$0DGNjUDmvAMb+P8hL884u7cI/MLCtAV0iPM2VPLK7ro=",
        "last_login": null,
        "is_superuser": false,
        "first_name": "",
        "last_name": "",
        "is_staff": false,
        "is_active": true,
        "date_joined": "2022-03-10T00:15:07.016Z",
        "username": "2023-2024-hl-u10-white-graham-coach@domain.com",
        "email": "2023-2024-hl-u10-white-graham-coach@domain.com",
        "inserted": "2022-03-10T00:15:07.016Z",
        "updated": "2022-03-10T00:15:07.017Z",
        "groups": [],
        "user_permissions": []
    }
},
{
    "model": "core.user",
    "pk": 40,
    "fields": {
        "password": "pbkdf2_sha256$320000$2b8dfOpuv6ijYqIucRisbX$0DGNjUDmvAMb+P8hL884u7cI/MLCtAV0iPM2VPLK7ro=",
        "last_login": null,
        "is_superuser": false,
        "first_name": "",
        "last_name": "",
        "is_staff": false,
        "is_active": true,
        "date_joined": "2022-03-10T00:15:07.071Z",
        "username": "2023-2024-hl-u10-white-henry-coach@domain.com",
        "email": "2023-2024-hl-u10-white-henry-coach@domain.com",
        "inserted": "2022-03-10T00:15:07.073Z",
        "updated": "2022-03-10T00:15:07.073Z",
        "groups": [],
        "user_permissions": []
    }
},
{
    "model": "core.user",
    "pk": 41,
    "fields": {
        "password": "pbkdf2_sha256$320000$2b8dfOpuv6ijYqIucRisbX$0DGNjUDmvAMb+P8hL884u7cI/MLCtAV0iPM2VPLK7ro=",
        "last_login": null,
        "is_superuser": false,
        "first_name": "",
        "last_name": "",
        "is_staff": false,
        "is_active": true,
        "date_joined": "2022-03-10T00:15:07.129Z",
        "username": "2023-2024-hl-u11-division@domain.com",
        "email": "2023-2024-hl-u11-division@domain.com",
        "inserted": "2022-03-10T00:15:07.130Z",
        "updated": "2022-03-10T00:15:07.130Z",
        "groups": [],
        "user_permissions": []
    }
},
{
    "model": "core.user",
    "pk": 42,
    "fields": {
        "password": "pbkdf2_sha256$320000$2b8dfOpuv6ijYqIucRisbX$0DGNjUDmvAMb+P8hL884u7cI/MLCtAV0iPM2VPLK7ro=",
        "last_login": null,
        "is_superuser": false,
        "first_name": "",
        "last_name": "",
        "is_staff": false,
        "is_active": true,
        "date_joined": "2022-03-10T00:15:07.186Z",
        "username": "2023-2024-hl-u11-blue-subdivision@domain.com",
        "email": "2023-2024-hl-u11-blue-subdivision@domain.com",
        "inserted": "2022-03-10T00:15:07.187Z",
        "updated": "2022-03-10T00:15:07.187Z",
        "groups": [],
        "user_permissions": []
    }
},
{
    "model": "core.user",
    "pk": 43,
    "fields": {
        "password": "pbkdf2_sha256$320000$2b8dfOpuv6ijYqIucRisbX$0DGNjUDmvAMb+P8hL884u7cI/MLCtAV0iPM2VPLK7ro=",
        "last_login": null,
        "is_superuser": false,
        "first_name": "",
        "last_name": "",
        "is_staff": false,
        "is_active": true,
        "date_joined": "2022-03-10T00:15:07.245Z",
        "username": "2023-2024-hl-u11-blue-graham-coach@domain.com",
        "email": "2023-2024-hl-u11-blue-graham-coach@domain.com",
        "inserted": "2022-03-10T00:15:07.245Z",
        "updated": "2022-03-10T00:15:07.245Z",
        "groups": [],
        "user_permissions": []
    }
},
{
    "model": "core.user",
    "pk": 44,
    "fields": {
        "password": "pbkdf2_sha256$320000$2b8dfOpuv6ijYqIucRisbX$0DGNjUDmvAMb+P8hL884u7cI/MLCtAV0iPM2VPLK7ro=",
        "last_login": null,
        "is_superuser": false,
        "first_name": "",
        "last_name": "",
        "is_staff": false,
        "is_active": true,
        "date_joined": "2022-03-10T00:15:07.301Z",
        "username": "2023-2024-hl-u11-blue-henry-coach@domain.com",
        "email": "2023-2024-hl-u11-blue-henry-coach@domain.com",
        "inserted": "2022-03-10T00:15:07.303Z",
        "updated": "2022-03-10T00:15:07.303Z",
        "groups": [],
        "user_permissions": []
    }
},
{
    "model": "core.user",
    "pk": 45,
    "fields": {
        "password": "pbkdf2_sha256$320000$2b8dfOpuv6ijYqIucRisbX$0DGNjUDmvAMb+P8hL884u7cI/MLCtAV0iPM2VPLK7ro=",
        "last_login": null,
        "is_superuser": false,
        "first_name": "",
        "last_name": "",
        "is_staff": false,
        "is_active": true,
        "date_joined": "2022-03-10T00:15:07.357Z",
        "username": "2023-2024-hl-u11-white-subdivision@domain.com",
        "email": "2023-2024-hl-u11-white-subdivision@domain.com",
        "inserted": "2022-03-10T00:15:07.359Z",
        "updated": "2022-03-10T00:15:07.359Z",
        "groups": [],
        "user_permissions": []
    }
},
{
    "model": "core.user",
    "pk": 46,
    "fields": {
        "password": "pbkdf2_sha256$320000$2b8dfOpuv6ijYqIucRisbX$0DGNjUDmvAMb+P8hL884u7cI/MLCtAV0iPM2VPLK7ro=",
        "last_login": null,
        "is_superuser": false,
        "first_name": "",
        "last_name": "",
        "is_staff": false,
        "is_active": true,
        "date_joined": "2022-03-10T00:15:07.412Z",
        "username": "2023-2024-hl-u11-white-graham-coach@domain.com",
        "email": "2023-2024-hl-u11-white-graham-coach@domain.com",
        "inserted": "2022-03-10T00:15:07.414Z",
        "updated": "2022-03-10T00:15:07.414Z",
        "groups": [],
        "user_permissions": []
    }
},
{
    "model": "core.user",
    "pk": 47,
    "fields": {
        "password": "pbkdf2_sha256$320000$2b8dfOpuv6ijYqIucRisbX$0DGNjUDmvAMb+P8hL884u7cI/MLCtAV0iPM2VPLK7ro=",
        "last_login": null,
        "is_superuser": false,
        "first_name": "",
        "last_name": "",
        "is_staff": false,
        "is_active": true,
        "date_joined": "2022-03-10T00:15:07.478Z",
        "username": "2023-2024-hl-u11-white-henry-coach@domain.com",
        "email": "2023-2024-hl-u11-white-henry-coach@domain.com",
        "inserted": "2022-03-10T00:15:07.480Z",
        "updated": "2022-03-10T00:15:07.480Z",
        "groups": [],
        "user_permissions": []
    }
},
{
    "model": "core.user",
    "pk": 48,
    "fields": {
        "password": "pbkdf2_sha256$320000$2b8dfOpuv6ijYqIucRisbX$0DGNjUDmvAMb+P8hL884u7cI/MLCtAV0iPM2VPLK7ro=",
        "last_login": null,
        "is_superuser": false,
        "first_name": "",
        "last_name": "",
        "is_staff": false,
        "is_active": true,
        "date_joined": "2022-03-10T00:15:07.532Z",
        "username": "2023-2024-rep-vp@domain.com",
        "email": "2023-2024-rep-vp@domain.com",
        "inserted": "2022-03-10T00:15:07.533Z",
        "updated": "2022-03-10T00:15:07.533Z",
        "groups": [],
        "user_permissions": []
    }
},
{
    "model": "core.user",
    "pk": 49,
    "fields": {
        "password": "pbkdf2_sha256$320000$2b8dfOpuv6ijYqIucRisbX$0DGNjUDmvAMb+P8hL884u7cI/MLCtAV0iPM2VPLK7ro=",
        "last_login": null,
        "is_superuser": false,
        "first_name": "",
        "last_name": "",
        "is_staff": false,
        "is_active": true,
        "date_joined": "2022-03-10T00:15:07.585Z",
        "username": "2023-2024-rep-u10-division@domain.com",
        "email": "2023-2024-rep-u10-division@domain.com",
        "inserted": "2022-03-10T00:15:07.586Z",
        "updated": "2022-03-10T00:15:07.586Z",
        "groups": [],
        "user_permissions": []
    }
},
{
    "model": "core.user",
    "pk": 50,
    "fields": {
        "password": "pbkdf2_sha256$320000$2b8dfOpuv6ijYqIucRisbX$0DGNjUDmvAMb+P8hL884u7cI/MLCtAV0iPM2VPLK7ro=",
        "last_login": null,
        "is_superuser": false,
        "first_name": "",
        "last_name": "",
        "is_staff": false,
        "is_active": true,
        "date_joined": "2022-03-10T00:15:07.640Z",
        "username": "2023-2024-rep-u10-a-subdivision@domain.com",
        "email": "2023-2024-rep-u10-a-subdivision@domain.com",
        "inserted": "2022-03-10T00:15:07.641Z",
        "updated": "2022-03-10T00:15:07.641Z",
        "groups": [],
        "user_permissions": []
    }
},
{
    "model": "core.user",
    "pk": 51,
    "fields": {
        "password": "pbkdf2_sha256$320000$2b8dfOpuv6ijYqIucRisbX$0DGNjUDmvAMb+P8hL884u7cI/MLCtAV0iPM2VPLK7ro=",
        "last_login": null,
        "is_superuser": false,
        "first_name": "",
        "last_name": "",
        "is_staff": false,
        "is_active": true,
        "date_joined": "2022-03-10T00:15:07.695Z",
        "username": "2023-2024-rep-u10-a-graham-coach@domain.com",
        "email": "2023-2024-rep-u10-a-graham-coach@domain.com",
        "inserted": "2022-03-10T00:15:07.696Z",
        "updated": "2022-03-10T00:15:07.696Z",
        "groups": [],
        "user_permissions": []
    }
},
{
    "model": "core.user",
    "pk": 52,
    "fields": {
        "password": "pbkdf2_sha256$320000$2b8dfOpuv6ijYqIucRisbX$0DGNjUDmvAMb+P8hL884u7cI/MLCtAV0iPM2VPLK7ro=",
        "last_login": null,
        "is_superuser": false,
        "first_name": "",
        "last_name": "",
        "is_staff": false,
        "is_active": true,
        "date_joined": "2022-03-10T00:15:07.736Z",
        "username": "2023-2024-rep-u10-a-henry-coach@domain.com",
        "email": "2023-2024-rep-u10-a-henry-coach@domain.com",
        "inserted": "2022-03-10T00:15:07.737Z",
        "updated": "2022-03-10T00:15:07.737Z",
        "groups": [],
        "user_permissions": []
    }
},
{
    "model": "core.user",
    "pk": 53,
    "fields": {
        "password": "pbkdf2_sha256$320000$2b8dfOpuv6ijYqIucRisbX$0DGNjUDmvAMb+P8hL884u7cI/MLCtAV0iPM2VPLK7ro=",
        "last_login": null,
        "is_superuser": false,
        "first_name": "",
        "last_name": "",
        "is_staff": false,
        "is_active": true,
        "date_joined": "2022-03-10T00:15:07.764Z",
        "username": "2023-2024-rep-u10-aa-subdivision@domain.com",
        "email": "2023-2024-rep-u10-aa-subdivision@domain.com",
        "inserted": "2022-03-10T00:15:07.765Z",
        "updated": "2022-03-10T00:15:07.765Z",
        "groups": [],
        "user_permissions": []
    }
},
{
    "model": "core.user",
    "pk": 54,
    "fields": {
        "password": "pbkdf2_sha256$320000$2b8dfOpuv6ijYqIucRisbX$0DGNjUDmvAMb+P8hL884u7cI/MLCtAV0iPM2VPLK7ro=",
        "last_login": null,
        "is_superuser": false,
        "first_name": "",
        "last_name": "",
        "is_staff": false,
        "is_active": true,
        "date_joined": "2022-03-10T00:15:07.809Z",
        "username": "2023-2024-rep-u10-aa-graham-coach@domain.com",
        "email": "2023-2024-rep-u10-aa-graham-coach@domain.com",
        "inserted": "2022-03-10T00:15:07.810Z",
        "updated": "2022-03-10T00:15:07.810Z",
        "groups": [],
        "user_permissions": []
    }
},
{
    "model": "core.user",
    "pk": 55,
    "fields": {
        "password": "pbkdf2_sha256$320000$2b8dfOpuv6ijYqIucRisbX$0DGNjUDmvAMb+P8hL884u7cI/MLCtAV0iPM2VPLK7ro=",
        "last_login": null,
        "is_superuser": false,
        "first_name": "",
        "last_name": "",
        "is_staff": false,
        "is_active": true,
        "date_joined": "2022-03-10T00:15:07.862Z",
        "username": "2023-2024-rep-u10-aa-henry-coach@domain.com",
        "email": "2023-2024-rep-u10-aa-henry-coach@domain.com",
        "inserted": "2022-03-10T00:15:07.863Z",
        "updated": "2022-03-10T00:15:07.863Z",
        "groups": [],
        "user_permissions": []
    }
},
{
    "model": "core.user",
    "pk": 56,
    "fields": {
        "password": "pbkdf2_sha256$320000$2b8dfOpuv6ijYqIucRisbX$0DGNjUDmvAMb+P8hL884u7cI/MLCtAV0iPM2VPLK7ro=",
        "last_login": null,
        "is_superuser": false,
        "first_name": "",
        "last_name": "",
        "is_staff": false,
        "is_active": true,
        "date_joined": "2022-03-10T00:15:07.917Z",
        "username": "2023-2024-rep-u11-division@domain.com",
        "email": "2023-2024-rep-u11-division@domain.com",
        "inserted": "2022-03-10T00:15:07.919Z",
        "updated": "2022-03-10T00:15:07.919Z",
        "groups": [],
        "user_permissions": []
    }
},
{
    "model": "core.user",
    "pk": 57,
    "fields": {
        "password": "pbkdf2_sha256$320000$2b8dfOpuv6ijYqIucRisbX$0DGNjUDmvAMb+P8hL884u7cI/MLCtAV0iPM2VPLK7ro=",
        "last_login": null,
        "is_superuser": false,
        "first_name": "",
        "last_name": "",
        "is_staff": false,
        "is_active": true,
        "date_joined": "2022-03-10T00:15:07.973Z",
        "username": "2023-2024-rep-u11-a-subdivision@domain.com",
        "email": "2023-2024-rep-u11-a-subdivision@domain.com",
        "inserted": "2022-03-10T00:15:07.974Z",
        "updated": "2022-03-10T00:15:07.974Z",
        "groups": [],
        "user_permissions": []
    }
},
{
    "model": "core.user",
    "pk": 58,
    "fields": {
        "password": "pbkdf2_sha256$320000$2b8dfOpuv6ijYqIucRisbX$0DGNjUDmvAMb+P8hL884u7cI/MLCtAV0iPM2VPLK7ro=",
        "last_login": null,
        "is_superuser": false,
        "first_name": "",
        "last_name": "",
        "is_staff": false,
        "is_active": true,
        "date_joined": "2022-03-10T00:15:08.033Z",
        "username": "2023-2024-rep-u11-a-graham-coach@domain.com",
        "email": "2023-2024-rep-u11-a-graham-coach@domain.com",
        "inserted": "2022-03-10T00:15:08.033Z",
        "updated": "2022-03-10T00:15:08.034Z",
        "groups": [],
        "user_permissions": []
    }
},
{
    "model": "core.user",
    "pk": 59,
    "fields": {
        "password": "pbkdf2_sha256$320000$2b8dfOpuv6ijYqIucRisbX$0DGNjUDmvAMb+P8hL884u7cI/MLCtAV0iPM2VPLK7ro=",
        "last_login": null,
        "is_superuser": false,
        "first_name": "",
        "last_name": "",
        "is_staff": false,
        "is_active": true,
        "date_joined": "2022-03-10T00:15:08.090Z",
        "username": "2023-2024-rep-u11-a-henry-coach@domain.com",
        "email": "2023-2024-rep-u11-a-henry-coach@domain.com",
        "inserted": "2022-03-10T00:15:08.090Z",
        "updated": "2022-03-10T00:15:08.091Z",
        "groups": [],
        "user_permissions": []
    }
},
{
    "model": "core.user",
    "pk": 60,
    "fields": {
        "password": "pbkdf2_sha256$320000$2b8dfOpuv6ijYqIucRisbX$0DGNjUDmvAMb+P8hL884u7cI/MLCtAV0iPM2VPLK7ro=",
        "last_login": null,
        "is_superuser": false,
        "first_name": "",
        "last_name": "",
        "is_staff": false,
        "is_active": true,
        "date_joined": "2022-03-10T00:15:08.144Z",
        "username": "2023-2024-rep-u11-aa-subdivision@domain.com",
        "email": "2023-2024-rep-u11-aa-subdivision@domain.com",
        "inserted": "2022-03-10T00:15:08.145Z",
        "updated": "2022-03-10T00:15:08.145Z",
        "groups": [],
        "user_permissions": []
    }
},
{
    "model": "core.user",
    "pk": 61,
    "fields": {
        "password": "pbkdf2_sha256$320000$2b8dfOpuv6ijYqIucRisbX$0DGNjUDmvAMb+P8hL884u7cI/MLCtAV0iPM2VPLK7ro=",
        "last_login": null,
        "is_superuser": false,
        "first_name": "",
        "last_name": "",
        "is_staff": false,
        "is_active": true,
        "date_joined": "2022-03-10T00:15:08.200Z",
        "username": "2023-2024-rep-u11-aa-graham-coach@domain.com",
        "email": "2023-2024-rep-u11-aa-graham-coach@domain.com",
        "inserted": "2022-03-10T00:15:08.202Z",
        "updated": "2022-03-10T00:15:08.202Z",
        "groups": [],
        "user_permissions": []
    }
},
{
    "model": "core.user",
    "pk": 62,
    "fields": {
        "password": "pbkdf2_sha256$320000$2b8dfOpuv6ijYqIucRisbX$0DGNjUDmvAMb+P8hL884u7cI/MLCtAV0iPM2VPLK7ro=",
        "last_login": null,
        "is_superuser": false,
        "first_name": "",
        "last_name": "",
        "is_staff": false,
        "is_active": true,
        "date_joined": "2022-03-10T00:15:08.261Z",
        "username": "2023-2024-rep-u11-aa-henry-coach@domain.com",
        "email": "2023-2024-rep-u11-aa-henry-coach@domain.com",
        "inserted": "2022-03-10T00:15:08.262Z",
        "updated": "2022-03-10T00:15:08.262Z",
        "groups": [],
        "user_permissions": []
    }
},
{
    "model": "core.season",
    "pk": 1,
    "fields": {
        "old_sk_id": null,
        "inserted": "2022-03-10T00:15:04.823Z",
        "inserted_by": null,
        "updated": "2022-03-10T00:15:04.823Z",
        "updated_by": null,
        "hockey_canada_id": null,
        "hockey_canada_system_id": null,
        "name": "2022-2023",
        "start": "2022-09-01",
        "end": "2023-08-31",
        "mbs_id": 0,
        "gsi_id": 0
    }
},
{
    "model": "core.season",
    "pk": 2,
    "fields": {
        "old_sk_id": null,
        "inserted": "2022-03-10T00:15:06.596Z",
        "inserted_by": null,
        "updated": "2022-03-10T00:15:06.596Z",
        "updated_by": null,
        "hockey_canada_id": null,
        "hockey_canada_system_id": null,
        "name": "2023-2024",
        "start": "2023-09-01",
        "end": "2024-08-31",
        "mbs_id": 0,
        "gsi_id": 0
    }
},
{
    "model": "core.league",
    "pk": 1,
    "fields": {
        "old_sk_id": null,
        "inserted": "2022-03-10T00:15:04.882Z",
        "inserted_by": null,
        "updated": "2022-03-10T00:15:04.882Z",
        "updated_by": null,
        "hockey_canada_id": null,
        "hockey_canada_system_id": null,
        "season": 1,
        "name": "HL",
        "weight": 0
    }
},
{
    "model": "core.league",
    "pk": 2,
    "fields": {
        "old_sk_id": null,
        "inserted": "2022-03-10T00:15:05.723Z",
        "inserted_by": null,
        "updated": "2022-03-10T00:15:05.723Z",
        "updated_by": null,
        "hockey_canada_id": null,
        "hockey_canada_system_id": null,
        "season": 1,
        "name": "REP",
        "weight": 1
    }
},
{
    "model": "core.league",
    "pk": 3,
    "fields": {
        "old_sk_id": null,
        "inserted": "2022-03-10T00:15:06.648Z",
        "inserted_by": null,
        "updated": "2022-03-10T00:15:06.648Z",
        "updated_by": null,
        "hockey_canada_id": null,
        "hockey_canada_system_id": null,
        "season": 2,
        "name": "HL",
        "weight": 0
    }
},
{
    "model": "core.league",
    "pk": 4,
    "fields": {
        "old_sk_id": null,
        "inserted": "2022-03-10T00:15:07.514Z",
        "inserted_by": null,
        "updated": "2022-03-10T00:15:07.514Z",
        "updated_by": null,
        "hockey_canada_id": null,
        "hockey_canada_system_id": null,
        "season": 2,
        "name": "REP",
        "weight": 1
    }
},
{
    "model": "core.division",
    "pk": 1,
    "fields": {
        "old_sk_id": null,
        "inserted": "2022-03-10T00:15:04.936Z",
        "inserted_by": null,
        "updated": "2022-03-10T00:15:04.936Z",
        "updated_by": null,
        "hockey_canada_id": null,
        "hockey_canada_system_id": null,
        "season": 1,
        "league": 1,
        "name": "U10",
        "age_from": 0,
        "age_to": 0,
        "weight": 0
    }
},
{
    "model": "core.division",
    "pk": 2,
    "fields": {
        "old_sk_id": null,
        "inserted": "2022-03-10T00:15:05.314Z",
        "inserted_by": null,
        "updated": "2022-03-10T00:15:05.315Z",
        "updated_by": null,
        "hockey_canada_id": null,
        "hockey_canada_system_id": null,
        "season": 1,
        "league": 1,
        "name": "U11",
        "age_from": 0,
        "age_to": 0,
        "weight": 1
    }
},
{
    "model": "core.division",
    "pk": 3,
    "fields": {
        "old_sk_id": null,
        "inserted": "2022-03-10T00:15:05.779Z",
        "inserted_by": null,
        "updated": "2022-03-10T00:15:05.779Z",
        "updated_by": null,
        "hockey_canada_id": null,
        "hockey_canada_system_id": null,
        "season": 1,
        "league": 2,
        "name": "U10",
        "age_from": 0,
        "age_to": 0,
        "weight": 2
    }
},
{
    "model": "core.division",
    "pk": 4,
    "fields": {
        "old_sk_id": null,
        "inserted": "2022-03-10T00:15:06.197Z",
        "inserted_by": null,
        "updated": "2022-03-10T00:15:06.197Z",
        "updated_by": null,
        "hockey_canada_id": null,
        "hockey_canada_system_id": null,
        "season": 1,
        "league": 2,
        "name": "U11",
        "age_from": 0,
        "age_to": 0,
        "weight": 3
    }
},
{
    "model": "core.division",
    "pk": 5,
    "fields": {
        "old_sk_id": null,
        "inserted": "2022-03-10T00:15:06.702Z",
        "inserted_by": null,
        "updated": "2022-03-10T00:15:06.702Z",
        "updated_by": null,
        "hockey_canada_id": null,
        "hockey_canada_system_id": null,
        "season": 2,
        "league": 3,
        "name": "U10",
        "age_from": 0,
        "age_to": 0,
        "weight": 0
    }
},
{
    "model": "core.division",
    "pk": 6,
    "fields": {
        "old_sk_id": null,
        "inserted": "2022-03-10T00:15:07.108Z",
        "inserted_by": null,
        "updated": "2022-03-10T00:15:07.109Z",
        "updated_by": null,
        "hockey_canada_id": null,
        "hockey_canada_system_id": null,
        "season": 2,
        "league": 3,
        "name": "U11",
        "age_from": 0,
        "age_to": 0,
        "weight": 1
    }
},
{
    "model": "core.division",
    "pk": 7,
    "fields": {
        "old_sk_id": null,
        "inserted": "2022-03-10T00:15:07.566Z",
        "inserted_by": null,
        "updated": "2022-03-10T00:15:07.566Z",
        "updated_by": null,
        "hockey_canada_id": null,
        "hockey_canada_system_id": null,
        "season": 2,
        "league": 4,
        "name": "U10",
        "age_from": 0,
        "age_to": 0,
        "weight": 2
    }
},
{
    "model": "core.division",
    "pk": 8,
    "fields": {
        "old_sk_id": null,
        "inserted": "2022-03-10T00:15:07.898Z",
        "inserted_by": null,
        "updated": "2022-03-10T00:15:07.898Z",
        "updated_by": null,
        "hockey_canada_id": null,
        "hockey_canada_system_id": null,
        "season": 2,
        "league": 4,
        "name": "U11",
        "age_from": 0,
        "age_to": 0,
        "weight": 3
    }
},
{
    "model": "core.subdivision",
    "pk": 1,
    "fields": {
        "old_sk_id": null,
        "inserted": "2022-03-10T00:15:04.989Z",
        "inserted_by": null,
        "updated": "2022-03-10T00:15:04.989Z",
        "updated_by": null,
        "hockey_canada_id": null,
        "hockey_canada_system_id": null,
        "season": 1,
        "league": 1,
        "division": 1,
        "name": "Blue",
        "weight": 0,
        "body_checking": false
    }
},
{
    "model": "core.subdivision",
    "pk": 2,
    "fields": {
        "old_sk_id": null,
        "inserted": "2022-03-10T00:15:05.155Z",
        "inserted_by": null,
        "updated": "2022-03-10T00:15:05.155Z",
        "updated_by": null,
        "hockey_canada_id": null,
        "hockey_canada_system_id": null,
        "season": 1,
        "league": 1,
        "division": 1,
        "name": "White",
        "weight": 1,
        "body_checking": false
    }
},
{
    "model": "core.subdivision",
    "pk": 3,
    "fields": {
        "old_sk_id": null,
        "inserted": "2022-03-10T00:15:05.366Z",
        "inserted_by": null,
        "updated": "2022-03-10T00:15:05.366Z",
        "updated_by": null,
        "hockey_canada_id": null,
        "hockey_canada_system_id": null,
        "season": 1,
        "league": 1,
        "division": 2,
        "name": "Blue",
        "weight": 2,
        "body_checking": false
    }
},
{
    "model": "core.subdivision",
    "pk": 4,
    "fields": {
        "old_sk_id": null,
        "inserted": "2022-03-10T00:15:05.537Z",
        "inserted_by": null,
        "updated": "2022-03-10T00:15:05.537Z",
        "updated_by": null,
        "hockey_canada_id": null,
        "hockey_canada_system_id": null,
        "season": 1,
        "league": 1,
        "division": 2,
        "name": "White",
        "weight": 3,
        "body_checking": false
    }
},
{
    "model": "core.subdivision",
    "pk": 5,
    "fields": {
        "old_sk_id": null,
        "inserted": "2022-03-10T00:15:05.841Z",
        "inserted_by": null,
        "updated": "2022-03-10T00:15:05.841Z",
        "updated_by": null,
        "hockey_canada_id": null,
        "hockey_canada_system_id": null,
        "season": 1,
        "league": 2,
        "division": 3,
        "name": "A",
        "weight": 4,
        "body_checking": false
    }
},
{
    "model": "core.subdivision",
    "pk": 6,
    "fields": {
        "old_sk_id": null,
        "inserted": "2022-03-10T00:15:06.027Z",
        "inserted_by": null,
        "updated": "2022-03-10T00:15:06.027Z",
        "updated_by": null,
        "hockey_canada_id": null,
        "hockey_canada_system_id": null,
        "season": 1,
        "league": 2,
        "division": 3,
        "name": "AA",
        "weight": 5,
        "body_checking": false
    }
},
{
    "model": "core.subdivision",
    "pk": 7,
    "fields": {
        "old_sk_id": null,
        "inserted": "2022-03-10T00:15:06.252Z",
        "inserted_by": null,
        "updated": "2022-03-10T00:15:06.253Z",
        "updated_by": null,
        "hockey_canada_id": null,
        "hockey_canada_system_id": null,
        "season": 1,
        "league": 2,
        "division": 4,
        "name": "A",
        "weight": 6,
        "body_checking": false
    }
},
{
    "model": "core.subdivision",
    "pk": 8,
    "fields": {
        "old_sk_id": null,
        "inserted": "2022-03-10T00:15:06.423Z",
        "inserted_by": null,
        "updated": "2022-03-10T00:15:06.423Z",
        "updated_by": null,
        "hockey_canada_id": null,
        "hockey_canada_system_id": null,
        "season": 1,
        "league": 2,
        "division": 4,
        "name": "AA",
        "weight": 7,
        "body_checking": false
    }
},
{
    "model": "core.subdivision",
    "pk": 9,
    "fields": {
        "old_sk_id": null,
        "inserted": "2022-03-10T00:15:06.764Z",
        "inserted_by": null,
        "updated": "2022-03-10T00:15:06.764Z",
        "updated_by": null,
        "hockey_canada_id": null,
        "hockey_canada_system_id": null,
        "season": 2,
        "league": 3,
        "division": 5,
        "name": "Blue",
        "weight": 0,
        "body_checking": false
    }
},
{
    "model": "core.subdivision",
    "pk": 10,
    "fields": {
        "old_sk_id": null,
        "inserted": "2022-03-10T00:15:06.943Z",
        "inserted_by": null,
        "updated": "2022-03-10T00:15:06.943Z",
        "updated_by": null,
        "hockey_canada_id": null,
        "hockey_canada_system_id": null,
        "season": 2,
        "league": 3,
        "division": 5,
        "name": "White",
        "weight": 1,
        "body_checking": false
    }
},
{
    "model": "core.subdivision",
    "pk": 11,
    "fields": {
        "old_sk_id": null,
        "inserted": "2022-03-10T00:15:07.166Z",
        "inserted_by": null,
        "updated": "2022-03-10T00:15:07.166Z",
        "updated_by": null,
        "hockey_canada_id": null,
        "hockey_canada_system_id": null,
        "season": 2,
        "league": 3,
        "division": 6,
        "name": "Blue",
        "weight": 2,
        "body_checking": false
    }
},
{
    "model": "core.subdivision",
    "pk": 12,
    "fields": {
        "old_sk_id": null,
        "inserted": "2022-03-10T00:15:07.338Z",
        "inserted_by": null,
        "updated": "2022-03-10T00:15:07.338Z",
        "updated_by": null,
        "hockey_canada_id": null,
        "hockey_canada_system_id": null,
        "season": 2,
        "league": 3,
        "division": 6,
        "name": "White",
        "weight": 3,
        "body_checking": false
    }
},
{
    "model": "core.subdivision",
    "pk": 13,
    "fields": {
        "old_sk_id": null,
        "inserted": "2022-03-10T00:15:07.622Z",
        "inserted_by": null,
        "updated": "2022-03-10T00:15:07.622Z",
        "updated_by": null,
        "hockey_canada_id": null,
        "hockey_canada_system_id": null,
        "season": 2,
        "league": 4,
        "division": 7,
        "name": "A",
        "weight": 4,
        "body_checking": false
    }
},
{
    "model": "core.subdivision",
    "pk": 14,
    "fields": {
        "old_sk_id": null,
        "inserted": "2022-03-10T00:15:07.754Z",
        "inserted_by": null,
        "updated": "2022-03-10T00:15:07.754Z",
        "updated_by": null,
        "hockey_canada_id": null,
        "hockey_canada_system_id": null,
        "season": 2,
        "league": 4,
        "division": 7,
        "name": "AA",
        "weight": 5,
        "body_checking": false
    }
},
{
    "model": "core.subdivision",
    "pk": 15,
    "fields": {
        "old_sk_id": null,
        "inserted": "2022-03-10T00:15:07.954Z",
        "inserted_by": null,
        "updated": "2022-03-10T00:15:07.954Z",
        "updated_by": null,
        "hockey_canada_id": null,
        "hockey_canada_system_id": null,
        "season": 2,
        "league": 4,
        "division": 8,
        "name": "A",
        "weight": 6,
        "body_checking": false
    }
},
{
    "model": "core.subdivision",
    "pk": 16,
    "fields": {
        "old_sk_id": null,
        "inserted": "2022-03-10T00:15:08.126Z",
        "inserted_by": null,
        "updated": "2022-03-10T00:15:08.126Z",
        "updated_by": null,
        "hockey_canada_id": null,
        "hockey_canada_system_id": null,
        "season": 2,
        "league": 4,
        "division": 8,
        "name": "AA",
        "weight": 7,
        "body_checking": false
    }
}
]
