[
{
    "model": "core.user",
    "pk": 1,
    "fields": {
        "password": "pbkdf2_sha256$320000$3vtQQ7y6j26DFV8hAK0Czu$xJdhzK8jHnbb8SBXsr7g3mPst/sD2motWkWcv9GmXjE=",
        "last_login": null,
        "is_superuser": false,
        "first_name": "",
        "last_name": "",
        "is_staff": false,
        "is_active": true,
        "date_joined": "2022-03-10T14:26:27.536Z",
        "username": "2022-2023-admin@domain.com",
        "email": "2022-2023-admin@domain.com",
        "inserted": "2022-03-10T14:26:27.536Z",
        "updated": "2022-03-10T14:26:27.536Z",
        "groups": [],
        "user_permissions": []
    }
},
{
    "model": "core.user",
    "pk": 2,
    "fields": {
        "password": "pbkdf2_sha256$320000$3vtQQ7y6j26DFV8hAK0Czu$xJdhzK8jHnbb8SBXsr7g3mPst/sD2motWkWcv9GmXjE=",
        "last_login": null,
        "is_superuser": false,
        "first_name": "",
        "last_name": "",
        "is_staff": false,
        "is_active": true,
        "date_joined": "2022-03-10T14:26:27.546Z",
        "username": "2022-2023-hl-vp@domain.com",
        "email": "2022-2023-hl-vp@domain.com",
        "inserted": "2022-03-10T14:26:27.546Z",
        "updated": "2022-03-10T14:26:27.546Z",
        "groups": [],
        "user_permissions": []
    }
},
{
    "model": "core.user",
    "pk": 3,
    "fields": {
        "password": "pbkdf2_sha256$320000$3vtQQ7y6j26DFV8hAK0Czu$xJdhzK8jHnbb8SBXsr7g3mPst/sD2motWkWcv9GmXjE=",
        "last_login": null,
        "is_superuser": false,
        "first_name": "",
        "last_name": "",
        "is_staff": false,
        "is_active": true,
        "date_joined": "2022-03-10T14:26:27.557Z",
        "username": "2022-2023-hl-u10-division@domain.com",
        "email": "2022-2023-hl-u10-division@domain.com",
        "inserted": "2022-03-10T14:26:27.558Z",
        "updated": "2022-03-10T14:26:27.558Z",
        "groups": [],
        "user_permissions": []
    }
},
{
    "model": "core.user",
    "pk": 4,
    "fields": {
        "password": "pbkdf2_sha256$320000$3vtQQ7y6j26DFV8hAK0Czu$xJdhzK8jHnbb8SBXsr7g3mPst/sD2motWkWcv9GmXjE=",
        "last_login": null,
        "is_superuser": false,
        "first_name": "",
        "last_name": "",
        "is_staff": false,
        "is_active": true,
        "date_joined": "2022-03-10T14:26:27.569Z",
        "username": "2022-2023-hl-u10-blue-subdivision@domain.com",
        "email": "2022-2023-hl-u10-blue-subdivision@domain.com",
        "inserted": "2022-03-10T14:26:27.569Z",
        "updated": "2022-03-10T14:26:27.569Z",
        "groups": [],
        "user_permissions": []
    }
},
{
    "model": "core.user",
    "pk": 5,
    "fields": {
        "password": "pbkdf2_sha256$320000$3vtQQ7y6j26DFV8hAK0Czu$xJdhzK8jHnbb8SBXsr7g3mPst/sD2motWkWcv9GmXjE=",
        "last_login": null,
        "is_superuser": false,
        "first_name": "",
        "last_name": "",
        "is_staff": false,
        "is_active": true,
        "date_joined": "2022-03-10T14:26:27.581Z",
        "username": "2022-2023-hl-u10-blue-graham-coach@domain.com",
        "email": "2022-2023-hl-u10-blue-graham-coach@domain.com",
        "inserted": "2022-03-10T14:26:27.581Z",
        "updated": "2022-03-10T14:26:27.581Z",
        "groups": [],
        "user_permissions": []
    }
},
{
    "model": "core.user",
    "pk": 6,
    "fields": {
        "password": "pbkdf2_sha256$320000$3vtQQ7y6j26DFV8hAK0Czu$xJdhzK8jHnbb8SBXsr7g3mPst/sD2motWkWcv9GmXjE=",
        "last_login": null,
        "is_superuser": false,
        "first_name": "",
        "last_name": "",
        "is_staff": false,
        "is_active": true,
        "date_joined": "2022-03-10T14:26:27.598Z",
        "username": "2022-2023-hl-u10-blue-graham-manager@domain.com",
        "email": "2022-2023-hl-u10-blue-graham-manager@domain.com",
        "inserted": "2022-03-10T14:26:27.599Z",
        "updated": "2022-03-10T14:26:27.599Z",
        "groups": [],
        "user_permissions": []
    }
},
{
    "model": "core.user",
    "pk": 7,
    "fields": {
        "password": "pbkdf2_sha256$320000$3vtQQ7y6j26DFV8hAK0Czu$xJdhzK8jHnbb8SBXsr7g3mPst/sD2motWkWcv9GmXjE=",
        "last_login": null,
        "is_superuser": false,
        "first_name": "",
        "last_name": "",
        "is_staff": false,
        "is_active": true,
        "date_joined": "2022-03-10T14:26:27.620Z",
        "username": "2022-2023-hl-u10-blue-henry-coach@domain.com",
        "email": "2022-2023-hl-u10-blue-henry-coach@domain.com",
        "inserted": "2022-03-10T14:26:27.620Z",
        "updated": "2022-03-10T14:26:27.620Z",
        "groups": [],
        "user_permissions": []
    }
},
{
    "model": "core.user",
    "pk": 8,
    "fields": {
        "password": "pbkdf2_sha256$320000$3vtQQ7y6j26DFV8hAK0Czu$xJdhzK8jHnbb8SBXsr7g3mPst/sD2motWkWcv9GmXjE=",
        "last_login": null,
        "is_superuser": false,
        "first_name": "",
        "last_name": "",
        "is_staff": false,
        "is_active": true,
        "date_joined": "2022-03-10T14:26:27.653Z",
        "username": "2022-2023-hl-u10-blue-henry-manager@domain.com",
        "email": "2022-2023-hl-u10-blue-henry-manager@domain.com",
        "inserted": "2022-03-10T14:26:27.653Z",
        "updated": "2022-03-10T14:26:27.653Z",
        "groups": [],
        "user_permissions": []
    }
},
{
    "model": "core.user",
    "pk": 9,
    "fields": {
        "password": "pbkdf2_sha256$320000$3vtQQ7y6j26DFV8hAK0Czu$xJdhzK8jHnbb8SBXsr7g3mPst/sD2motWkWcv9GmXjE=",
        "last_login": null,
        "is_superuser": false,
        "first_name": "",
        "last_name": "",
        "is_staff": false,
        "is_active": true,
        "date_joined": "2022-03-10T14:26:27.683Z",
        "username": "2022-2023-hl-u10-white-subdivision@domain.com",
        "email": "2022-2023-hl-u10-white-subdivision@domain.com",
        "inserted": "2022-03-10T14:26:27.684Z",
        "updated": "2022-03-10T14:26:27.684Z",
        "groups": [],
        "user_permissions": []
    }
},
{
    "model": "core.user",
    "pk": 10,
    "fields": {
        "password": "pbkdf2_sha256$320000$3vtQQ7y6j26DFV8hAK0Czu$xJdhzK8jHnbb8SBXsr7g3mPst/sD2motWkWcv9GmXjE=",
        "last_login": null,
        "is_superuser": false,
        "first_name": "",
        "last_name": "",
        "is_staff": false,
        "is_active": true,
        "date_joined": "2022-03-10T14:26:27.695Z",
        "username": "2022-2023-hl-u10-white-graham-coach@domain.com",
        "email": "2022-2023-hl-u10-white-graham-coach@domain.com",
        "inserted": "2022-03-10T14:26:27.695Z",
        "updated": "2022-03-10T14:26:27.695Z",
        "groups": [],
        "user_permissions": []
    }
},
{
    "model": "core.user",
    "pk": 11,
    "fields": {
        "password": "pbkdf2_sha256$320000$3vtQQ7y6j26DFV8hAK0Czu$xJdhzK8jHnbb8SBXsr7g3mPst/sD2motWkWcv9GmXjE=",
        "last_login": null,
        "is_superuser": false,
        "first_name": "",
        "last_name": "",
        "is_staff": false,
        "is_active": true,
        "date_joined": "2022-03-10T14:26:27.711Z",
        "username": "2022-2023-hl-u10-white-graham-manager@domain.com",
        "email": "2022-2023-hl-u10-white-graham-manager@domain.com",
        "inserted": "2022-03-10T14:26:27.711Z",
        "updated": "2022-03-10T14:26:27.711Z",
        "groups": [],
        "user_permissions": []
    }
},
{
    "model": "core.user",
    "pk": 12,
    "fields": {
        "password": "pbkdf2_sha256$320000$3vtQQ7y6j26DFV8hAK0Czu$xJdhzK8jHnbb8SBXsr7g3mPst/sD2motWkWcv9GmXjE=",
        "last_login": null,
        "is_superuser": false,
        "first_name": "",
        "last_name": "",
        "is_staff": false,
        "is_active": true,
        "date_joined": "2022-03-10T14:26:27.733Z",
        "username": "2022-2023-hl-u10-white-henry-coach@domain.com",
        "email": "2022-2023-hl-u10-white-henry-coach@domain.com",
        "inserted": "2022-03-10T14:26:27.734Z",
        "updated": "2022-03-10T14:26:27.734Z",
        "groups": [],
        "user_permissions": []
    }
},
{
    "model": "core.user",
    "pk": 13,
    "fields": {
        "password": "pbkdf2_sha256$320000$3vtQQ7y6j26DFV8hAK0Czu$xJdhzK8jHnbb8SBXsr7g3mPst/sD2motWkWcv9GmXjE=",
        "last_login": null,
        "is_superuser": false,
        "first_name": "",
        "last_name": "",
        "is_staff": false,
        "is_active": true,
        "date_joined": "2022-03-10T14:26:27.747Z",
        "username": "2022-2023-hl-u10-white-henry-manager@domain.com",
        "email": "2022-2023-hl-u10-white-henry-manager@domain.com",
        "inserted": "2022-03-10T14:26:27.747Z",
        "updated": "2022-03-10T14:26:27.747Z",
        "groups": [],
        "user_permissions": []
    }
},
{
    "model": "core.user",
    "pk": 14,
    "fields": {
        "password": "pbkdf2_sha256$320000$3vtQQ7y6j26DFV8hAK0Czu$xJdhzK8jHnbb8SBXsr7g3mPst/sD2motWkWcv9GmXjE=",
        "last_login": null,
        "is_superuser": false,
        "first_name": "",
        "last_name": "",
        "is_staff": false,
        "is_active": true,
        "date_joined": "2022-03-10T14:26:27.766Z",
        "username": "2022-2023-hl-u11-division@domain.com",
        "email": "2022-2023-hl-u11-division@domain.com",
        "inserted": "2022-03-10T14:26:27.766Z",
        "updated": "2022-03-10T14:26:27.766Z",
        "groups": [],
        "user_permissions": []
    }
},
{
    "model": "core.user",
    "pk": 15,
    "fields": {
        "password": "pbkdf2_sha256$320000$3vtQQ7y6j26DFV8hAK0Czu$xJdhzK8jHnbb8SBXsr7g3mPst/sD2motWkWcv9GmXjE=",
        "last_login": null,
        "is_superuser": false,
        "first_name": "",
        "last_name": "",
        "is_staff": false,
        "is_active": true,
        "date_joined": "2022-03-10T14:26:27.777Z",
        "username": "2022-2023-hl-u11-blue-subdivision@domain.com",
        "email": "2022-2023-hl-u11-blue-subdivision@domain.com",
        "inserted": "2022-03-10T14:26:27.777Z",
        "updated": "2022-03-10T14:26:27.777Z",
        "groups": [],
        "user_permissions": []
    }
},
{
    "model": "core.user",
    "pk": 16,
    "fields": {
        "password": "pbkdf2_sha256$320000$3vtQQ7y6j26DFV8hAK0Czu$xJdhzK8jHnbb8SBXsr7g3mPst/sD2motWkWcv9GmXjE=",
        "last_login": null,
        "is_superuser": false,
        "first_name": "",
        "last_name": "",
        "is_staff": false,
        "is_active": true,
        "date_joined": "2022-03-10T14:26:27.787Z",
        "username": "2022-2023-hl-u11-blue-graham-coach@domain.com",
        "email": "2022-2023-hl-u11-blue-graham-coach@domain.com",
        "inserted": "2022-03-10T14:26:27.788Z",
        "updated": "2022-03-10T14:26:27.788Z",
        "groups": [],
        "user_permissions": []
    }
},
{
    "model": "core.user",
    "pk": 17,
    "fields": {
        "password": "pbkdf2_sha256$320000$3vtQQ7y6j26DFV8hAK0Czu$xJdhzK8jHnbb8SBXsr7g3mPst/sD2motWkWcv9GmXjE=",
        "last_login": null,
        "is_superuser": false,
        "first_name": "",
        "last_name": "",
        "is_staff": false,
        "is_active": true,
        "date_joined": "2022-03-10T14:26:27.801Z",
        "username": "2022-2023-hl-u11-blue-graham-manager@domain.com",
        "email": "2022-2023-hl-u11-blue-graham-manager@domain.com",
        "inserted": "2022-03-10T14:26:27.801Z",
        "updated": "2022-03-10T14:26:27.801Z",
        "groups": [],
        "user_permissions": []
    }
},
{
    "model": "core.user",
    "pk": 18,
    "fields": {
        "password": "pbkdf2_sha256$320000$3vtQQ7y6j26DFV8hAK0Czu$xJdhzK8jHnbb8SBXsr7g3mPst/sD2motWkWcv9GmXjE=",
        "last_login": null,
        "is_superuser": false,
        "first_name": "",
        "last_name": "",
        "is_staff": false,
        "is_active": true,
        "date_joined": "2022-03-10T14:26:27.818Z",
        "username": "2022-2023-hl-u11-blue-henry-coach@domain.com",
        "email": "2022-2023-hl-u11-blue-henry-coach@domain.com",
        "inserted": "2022-03-10T14:26:27.818Z",
        "updated": "2022-03-10T14:26:27.818Z",
        "groups": [],
        "user_permissions": []
    }
},
{
    "model": "core.user",
    "pk": 19,
    "fields": {
        "password": "pbkdf2_sha256$320000$3vtQQ7y6j26DFV8hAK0Czu$xJdhzK8jHnbb8SBXsr7g3mPst/sD2motWkWcv9GmXjE=",
        "last_login": null,
        "is_superuser": false,
        "first_name": "",
        "last_name": "",
        "is_staff": false,
        "is_active": true,
        "date_joined": "2022-03-10T14:26:27.832Z",
        "username": "2022-2023-hl-u11-blue-henry-manager@domain.com",
        "email": "2022-2023-hl-u11-blue-henry-manager@domain.com",
        "inserted": "2022-03-10T14:26:27.832Z",
        "updated": "2022-03-10T14:26:27.832Z",
        "groups": [],
        "user_permissions": []
    }
},
{
    "model": "core.user",
    "pk": 20,
    "fields": {
        "password": "pbkdf2_sha256$320000$3vtQQ7y6j26DFV8hAK0Czu$xJdhzK8jHnbb8SBXsr7g3mPst/sD2motWkWcv9GmXjE=",
        "last_login": null,
        "is_superuser": false,
        "first_name": "",
        "last_name": "",
        "is_staff": false,
        "is_active": true,
        "date_joined": "2022-03-10T14:26:27.849Z",
        "username": "2022-2023-hl-u11-white-subdivision@domain.com",
        "email": "2022-2023-hl-u11-white-subdivision@domain.com",
        "inserted": "2022-03-10T14:26:27.849Z",
        "updated": "2022-03-10T14:26:27.849Z",
        "groups": [],
        "user_permissions": []
    }
},
{
    "model": "core.user",
    "pk": 21,
    "fields": {
        "password": "pbkdf2_sha256$320000$3vtQQ7y6j26DFV8hAK0Czu$xJdhzK8jHnbb8SBXsr7g3mPst/sD2motWkWcv9GmXjE=",
        "last_login": null,
        "is_superuser": false,
        "first_name": "",
        "last_name": "",
        "is_staff": false,
        "is_active": true,
        "date_joined": "2022-03-10T14:26:27.859Z",
        "username": "2022-2023-hl-u11-white-graham-coach@domain.com",
        "email": "2022-2023-hl-u11-white-graham-coach@domain.com",
        "inserted": "2022-03-10T14:26:27.859Z",
        "updated": "2022-03-10T14:26:27.859Z",
        "groups": [],
        "user_permissions": []
    }
},
{
    "model": "core.user",
    "pk": 22,
    "fields": {
        "password": "pbkdf2_sha256$320000$3vtQQ7y6j26DFV8hAK0Czu$xJdhzK8jHnbb8SBXsr7g3mPst/sD2motWkWcv9GmXjE=",
        "last_login": null,
        "is_superuser": false,
        "first_name": "",
        "last_name": "",
        "is_staff": false,
        "is_active": true,
        "date_joined": "2022-03-10T14:26:27.872Z",
        "username": "2022-2023-hl-u11-white-graham-manager@domain.com",
        "email": "2022-2023-hl-u11-white-graham-manager@domain.com",
        "inserted": "2022-03-10T14:26:27.872Z",
        "updated": "2022-03-10T14:26:27.872Z",
        "groups": [],
        "user_permissions": []
    }
},
{
    "model": "core.user",
    "pk": 23,
    "fields": {
        "password": "pbkdf2_sha256$320000$3vtQQ7y6j26DFV8hAK0Czu$xJdhzK8jHnbb8SBXsr7g3mPst/sD2motWkWcv9GmXjE=",
        "last_login": null,
        "is_superuser": false,
        "first_name": "",
        "last_name": "",
        "is_staff": false,
        "is_active": true,
        "date_joined": "2022-03-10T14:26:27.889Z",
        "username": "2022-2023-hl-u11-white-henry-coach@domain.com",
        "email": "2022-2023-hl-u11-white-henry-coach@domain.com",
        "inserted": "2022-03-10T14:26:27.889Z",
        "updated": "2022-03-10T14:26:27.889Z",
        "groups": [],
        "user_permissions": []
    }
},
{
    "model": "core.user",
    "pk": 24,
    "fields": {
        "password": "pbkdf2_sha256$320000$3vtQQ7y6j26DFV8hAK0Czu$xJdhzK8jHnbb8SBXsr7g3mPst/sD2motWkWcv9GmXjE=",
        "last_login": null,
        "is_superuser": false,
        "first_name": "",
        "last_name": "",
        "is_staff": false,
        "is_active": true,
        "date_joined": "2022-03-10T14:26:27.901Z",
        "username": "2022-2023-hl-u11-white-henry-manager@domain.com",
        "email": "2022-2023-hl-u11-white-henry-manager@domain.com",
        "inserted": "2022-03-10T14:26:27.901Z",
        "updated": "2022-03-10T14:26:27.901Z",
        "groups": [],
        "user_permissions": []
    }
},
{
    "model": "core.user",
    "pk": 25,
    "fields": {
        "password": "pbkdf2_sha256$320000$3vtQQ7y6j26DFV8hAK0Czu$xJdhzK8jHnbb8SBXsr7g3mPst/sD2motWkWcv9GmXjE=",
        "last_login": null,
        "is_superuser": false,
        "first_name": "",
        "last_name": "",
        "is_staff": false,
        "is_active": true,
        "date_joined": "2022-03-10T14:26:27.918Z",
        "username": "2022-2023-rep-vp@domain.com",
        "email": "2022-2023-rep-vp@domain.com",
        "inserted": "2022-03-10T14:26:27.918Z",
        "updated": "2022-03-10T14:26:27.918Z",
        "groups": [],
        "user_permissions": []
    }
},
{
    "model": "core.user",
    "pk": 26,
    "fields": {
        "password": "pbkdf2_sha256$320000$3vtQQ7y6j26DFV8hAK0Czu$xJdhzK8jHnbb8SBXsr7g3mPst/sD2motWkWcv9GmXjE=",
        "last_login": null,
        "is_superuser": false,
        "first_name": "",
        "last_name": "",
        "is_staff": false,
        "is_active": true,
        "date_joined": "2022-03-10T14:26:27.926Z",
        "username": "2022-2023-rep-u10-division@domain.com",
        "email": "2022-2023-rep-u10-division@domain.com",
        "inserted": "2022-03-10T14:26:27.927Z",
        "updated": "2022-03-10T14:26:27.927Z",
        "groups": [],
        "user_permissions": []
    }
},
{
    "model": "core.user",
    "pk": 27,
    "fields": {
        "password": "pbkdf2_sha256$320000$3vtQQ7y6j26DFV8hAK0Czu$xJdhzK8jHnbb8SBXsr7g3mPst/sD2motWkWcv9GmXjE=",
        "last_login": null,
        "is_superuser": false,
        "first_name": "",
        "last_name": "",
        "is_staff": false,
        "is_active": true,
        "date_joined": "2022-03-10T14:26:27.935Z",
        "username": "2022-2023-rep-u10-a-subdivision@domain.com",
        "email": "2022-2023-rep-u10-a-subdivision@domain.com",
        "inserted": "2022-03-10T14:26:27.936Z",
        "updated": "2022-03-10T14:26:27.936Z",
        "groups": [],
        "user_permissions": []
    }
},
{
    "model": "core.user",
    "pk": 28,
    "fields": {
        "password": "pbkdf2_sha256$320000$3vtQQ7y6j26DFV8hAK0Czu$xJdhzK8jHnbb8SBXsr7g3mPst/sD2motWkWcv9GmXjE=",
        "last_login": null,
        "is_superuser": false,
        "first_name": "",
        "last_name": "",
        "is_staff": false,
        "is_active": true,
        "date_joined": "2022-03-10T14:26:27.944Z",
        "username": "2022-2023-rep-u10-a-graham-coach@domain.com",
        "email": "2022-2023-rep-u10-a-graham-coach@domain.com",
        "inserted": "2022-03-10T14:26:27.944Z",
        "updated": "2022-03-10T14:26:27.944Z",
        "groups": [],
        "user_permissions": []
    }
},
{
    "model": "core.user",
    "pk": 29,
    "fields": {
        "password": "pbkdf2_sha256$320000$3vtQQ7y6j26DFV8hAK0Czu$xJdhzK8jHnbb8SBXsr7g3mPst/sD2motWkWcv9GmXjE=",
        "last_login": null,
        "is_superuser": false,
        "first_name": "",
        "last_name": "",
        "is_staff": false,
        "is_active": true,
        "date_joined": "2022-03-10T14:26:27.957Z",
        "username": "2022-2023-rep-u10-a-graham-manager@domain.com",
        "email": "2022-2023-rep-u10-a-graham-manager@domain.com",
        "inserted": "2022-03-10T14:26:27.957Z",
        "updated": "2022-03-10T14:26:27.957Z",
        "groups": [],
        "user_permissions": []
    }
},
{
    "model": "core.user",
    "pk": 30,
    "fields": {
        "password": "pbkdf2_sha256$320000$3vtQQ7y6j26DFV8hAK0Czu$xJdhzK8jHnbb8SBXsr7g3mPst/sD2motWkWcv9GmXjE=",
        "last_login": null,
        "is_superuser": false,
        "first_name": "",
        "last_name": "",
        "is_staff": false,
        "is_active": true,
        "date_joined": "2022-03-10T14:26:27.973Z",
        "username": "2022-2023-rep-u10-a-henry-coach@domain.com",
        "email": "2022-2023-rep-u10-a-henry-coach@domain.com",
        "inserted": "2022-03-10T14:26:27.974Z",
        "updated": "2022-03-10T14:26:27.974Z",
        "groups": [],
        "user_permissions": []
    }
},
{
    "model": "core.user",
    "pk": 31,
    "fields": {
        "password": "pbkdf2_sha256$320000$3vtQQ7y6j26DFV8hAK0Czu$xJdhzK8jHnbb8SBXsr7g3mPst/sD2motWkWcv9GmXjE=",
        "last_login": null,
        "is_superuser": false,
        "first_name": "",
        "last_name": "",
        "is_staff": false,
        "is_active": true,
        "date_joined": "2022-03-10T14:26:27.986Z",
        "username": "2022-2023-rep-u10-a-henry-manager@domain.com",
        "email": "2022-2023-rep-u10-a-henry-manager@domain.com",
        "inserted": "2022-03-10T14:26:27.986Z",
        "updated": "2022-03-10T14:26:27.986Z",
        "groups": [],
        "user_permissions": []
    }
},
{
    "model": "core.user",
    "pk": 32,
    "fields": {
        "password": "pbkdf2_sha256$320000$3vtQQ7y6j26DFV8hAK0Czu$xJdhzK8jHnbb8SBXsr7g3mPst/sD2motWkWcv9GmXjE=",
        "last_login": null,
        "is_superuser": false,
        "first_name": "",
        "last_name": "",
        "is_staff": false,
        "is_active": true,
        "date_joined": "2022-03-10T14:26:28.003Z",
        "username": "2022-2023-rep-u10-aa-subdivision@domain.com",
        "email": "2022-2023-rep-u10-aa-subdivision@domain.com",
        "inserted": "2022-03-10T14:26:28.004Z",
        "updated": "2022-03-10T14:26:28.004Z",
        "groups": [],
        "user_permissions": []
    }
},
{
    "model": "core.user",
    "pk": 33,
    "fields": {
        "password": "pbkdf2_sha256$320000$3vtQQ7y6j26DFV8hAK0Czu$xJdhzK8jHnbb8SBXsr7g3mPst/sD2motWkWcv9GmXjE=",
        "last_login": null,
        "is_superuser": false,
        "first_name": "",
        "last_name": "",
        "is_staff": false,
        "is_active": true,
        "date_joined": "2022-03-10T14:26:28.013Z",
        "username": "2022-2023-rep-u10-aa-graham-coach@domain.com",
        "email": "2022-2023-rep-u10-aa-graham-coach@domain.com",
        "inserted": "2022-03-10T14:26:28.013Z",
        "updated": "2022-03-10T14:26:28.013Z",
        "groups": [],
        "user_permissions": []
    }
},
{
    "model": "core.user",
    "pk": 34,
    "fields": {
        "password": "pbkdf2_sha256$320000$3vtQQ7y6j26DFV8hAK0Czu$xJdhzK8jHnbb8SBXsr7g3mPst/sD2motWkWcv9GmXjE=",
        "last_login": null,
        "is_superuser": false,
        "first_name": "",
        "last_name": "",
        "is_staff": false,
        "is_active": true,
        "date_joined": "2022-03-10T14:26:28.026Z",
        "username": "2022-2023-rep-u10-aa-graham-manager@domain.com",
        "email": "2022-2023-rep-u10-aa-graham-manager@domain.com",
        "inserted": "2022-03-10T14:26:28.026Z",
        "updated": "2022-03-10T14:26:28.026Z",
        "groups": [],
        "user_permissions": []
    }
},
{
    "model": "core.user",
    "pk": 35,
    "fields": {
        "password": "pbkdf2_sha256$320000$3vtQQ7y6j26DFV8hAK0Czu$xJdhzK8jHnbb8SBXsr7g3mPst/sD2motWkWcv9GmXjE=",
        "last_login": null,
        "is_superuser": false,
        "first_name": "",
        "last_name": "",
        "is_staff": false,
        "is_active": true,
        "date_joined": "2022-03-10T14:26:28.042Z",
        "username": "2022-2023-rep-u10-aa-henry-coach@domain.com",
        "email": "2022-2023-rep-u10-aa-henry-coach@domain.com",
        "inserted": "2022-03-10T14:26:28.042Z",
        "updated": "2022-03-10T14:26:28.042Z",
        "groups": [],
        "user_permissions": []
    }
},
{
    "model": "core.user",
    "pk": 36,
    "fields": {
        "password": "pbkdf2_sha256$320000$3vtQQ7y6j26DFV8hAK0Czu$xJdhzK8jHnbb8SBXsr7g3mPst/sD2motWkWcv9GmXjE=",
        "last_login": null,
        "is_superuser": false,
        "first_name": "",
        "last_name": "",
        "is_staff": false,
        "is_active": true,
        "date_joined": "2022-03-10T14:26:28.055Z",
        "username": "2022-2023-rep-u10-aa-henry-manager@domain.com",
        "email": "2022-2023-rep-u10-aa-henry-manager@domain.com",
        "inserted": "2022-03-10T14:26:28.055Z",
        "updated": "2022-03-10T14:26:28.055Z",
        "groups": [],
        "user_permissions": []
    }
},
{
    "model": "core.user",
    "pk": 37,
    "fields": {
        "password": "pbkdf2_sha256$320000$3vtQQ7y6j26DFV8hAK0Czu$xJdhzK8jHnbb8SBXsr7g3mPst/sD2motWkWcv9GmXjE=",
        "last_login": null,
        "is_superuser": false,
        "first_name": "",
        "last_name": "",
        "is_staff": false,
        "is_active": true,
        "date_joined": "2022-03-10T14:26:28.072Z",
        "username": "2022-2023-rep-u11-division@domain.com",
        "email": "2022-2023-rep-u11-division@domain.com",
        "inserted": "2022-03-10T14:26:28.073Z",
        "updated": "2022-03-10T14:26:28.073Z",
        "groups": [],
        "user_permissions": []
    }
},
{
    "model": "core.user",
    "pk": 38,
    "fields": {
        "password": "pbkdf2_sha256$320000$3vtQQ7y6j26DFV8hAK0Czu$xJdhzK8jHnbb8SBXsr7g3mPst/sD2motWkWcv9GmXjE=",
        "last_login": null,
        "is_superuser": false,
        "first_name": "",
        "last_name": "",
        "is_staff": false,
        "is_active": true,
        "date_joined": "2022-03-10T14:26:28.082Z",
        "username": "2022-2023-rep-u11-a-subdivision@domain.com",
        "email": "2022-2023-rep-u11-a-subdivision@domain.com",
        "inserted": "2022-03-10T14:26:28.082Z",
        "updated": "2022-03-10T14:26:28.082Z",
        "groups": [],
        "user_permissions": []
    }
},
{
    "model": "core.user",
    "pk": 39,
    "fields": {
        "password": "pbkdf2_sha256$320000$3vtQQ7y6j26DFV8hAK0Czu$xJdhzK8jHnbb8SBXsr7g3mPst/sD2motWkWcv9GmXjE=",
        "last_login": null,
        "is_superuser": false,
        "first_name": "",
        "last_name": "",
        "is_staff": false,
        "is_active": true,
        "date_joined": "2022-03-10T14:26:28.091Z",
        "username": "2022-2023-rep-u11-a-graham-coach@domain.com",
        "email": "2022-2023-rep-u11-a-graham-coach@domain.com",
        "inserted": "2022-03-10T14:26:28.092Z",
        "updated": "2022-03-10T14:26:28.092Z",
        "groups": [],
        "user_permissions": []
    }
},
{
    "model": "core.user",
    "pk": 40,
    "fields": {
        "password": "pbkdf2_sha256$320000$3vtQQ7y6j26DFV8hAK0Czu$xJdhzK8jHnbb8SBXsr7g3mPst/sD2motWkWcv9GmXjE=",
        "last_login": null,
        "is_superuser": false,
        "first_name": "",
        "last_name": "",
        "is_staff": false,
        "is_active": true,
        "date_joined": "2022-03-10T14:26:28.104Z",
        "username": "2022-2023-rep-u11-a-graham-manager@domain.com",
        "email": "2022-2023-rep-u11-a-graham-manager@domain.com",
        "inserted": "2022-03-10T14:26:28.104Z",
        "updated": "2022-03-10T14:26:28.104Z",
        "groups": [],
        "user_permissions": []
    }
},
{
    "model": "core.user",
    "pk": 41,
    "fields": {
        "password": "pbkdf2_sha256$320000$3vtQQ7y6j26DFV8hAK0Czu$xJdhzK8jHnbb8SBXsr7g3mPst/sD2motWkWcv9GmXjE=",
        "last_login": null,
        "is_superuser": false,
        "first_name": "",
        "last_name": "",
        "is_staff": false,
        "is_active": true,
        "date_joined": "2022-03-10T14:26:28.121Z",
        "username": "2022-2023-rep-u11-a-henry-coach@domain.com",
        "email": "2022-2023-rep-u11-a-henry-coach@domain.com",
        "inserted": "2022-03-10T14:26:28.121Z",
        "updated": "2022-03-10T14:26:28.122Z",
        "groups": [],
        "user_permissions": []
    }
},
{
    "model": "core.user",
    "pk": 42,
    "fields": {
        "password": "pbkdf2_sha256$320000$3vtQQ7y6j26DFV8hAK0Czu$xJdhzK8jHnbb8SBXsr7g3mPst/sD2motWkWcv9GmXjE=",
        "last_login": null,
        "is_superuser": false,
        "first_name": "",
        "last_name": "",
        "is_staff": false,
        "is_active": true,
        "date_joined": "2022-03-10T14:26:28.134Z",
        "username": "2022-2023-rep-u11-a-henry-manager@domain.com",
        "email": "2022-2023-rep-u11-a-henry-manager@domain.com",
        "inserted": "2022-03-10T14:26:28.134Z",
        "updated": "2022-03-10T14:26:28.134Z",
        "groups": [],
        "user_permissions": []
    }
},
{
    "model": "core.user",
    "pk": 43,
    "fields": {
        "password": "pbkdf2_sha256$320000$3vtQQ7y6j26DFV8hAK0Czu$xJdhzK8jHnbb8SBXsr7g3mPst/sD2motWkWcv9GmXjE=",
        "last_login": null,
        "is_superuser": false,
        "first_name": "",
        "last_name": "",
        "is_staff": false,
        "is_active": true,
        "date_joined": "2022-03-10T14:26:28.150Z",
        "username": "2022-2023-rep-u11-aa-subdivision@domain.com",
        "email": "2022-2023-rep-u11-aa-subdivision@domain.com",
        "inserted": "2022-03-10T14:26:28.151Z",
        "updated": "2022-03-10T14:26:28.151Z",
        "groups": [],
        "user_permissions": []
    }
},
{
    "model": "core.user",
    "pk": 44,
    "fields": {
        "password": "pbkdf2_sha256$320000$3vtQQ7y6j26DFV8hAK0Czu$xJdhzK8jHnbb8SBXsr7g3mPst/sD2motWkWcv9GmXjE=",
        "last_login": null,
        "is_superuser": false,
        "first_name": "",
        "last_name": "",
        "is_staff": false,
        "is_active": true,
        "date_joined": "2022-03-10T14:26:28.160Z",
        "username": "2022-2023-rep-u11-aa-graham-coach@domain.com",
        "email": "2022-2023-rep-u11-aa-graham-coach@domain.com",
        "inserted": "2022-03-10T14:26:28.160Z",
        "updated": "2022-03-10T14:26:28.160Z",
        "groups": [],
        "user_permissions": []
    }
},
{
    "model": "core.user",
    "pk": 45,
    "fields": {
        "password": "pbkdf2_sha256$320000$3vtQQ7y6j26DFV8hAK0Czu$xJdhzK8jHnbb8SBXsr7g3mPst/sD2motWkWcv9GmXjE=",
        "last_login": null,
        "is_superuser": false,
        "first_name": "",
        "last_name": "",
        "is_staff": false,
        "is_active": true,
        "date_joined": "2022-03-10T14:26:28.172Z",
        "username": "2022-2023-rep-u11-aa-graham-manager@domain.com",
        "email": "2022-2023-rep-u11-aa-graham-manager@domain.com",
        "inserted": "2022-03-10T14:26:28.172Z",
        "updated": "2022-03-10T14:26:28.172Z",
        "groups": [],
        "user_permissions": []
    }
},
{
    "model": "core.user",
    "pk": 46,
    "fields": {
        "password": "pbkdf2_sha256$320000$3vtQQ7y6j26DFV8hAK0Czu$xJdhzK8jHnbb8SBXsr7g3mPst/sD2motWkWcv9GmXjE=",
        "last_login": null,
        "is_superuser": false,
        "first_name": "",
        "last_name": "",
        "is_staff": false,
        "is_active": true,
        "date_joined": "2022-03-10T14:26:28.189Z",
        "username": "2022-2023-rep-u11-aa-henry-coach@domain.com",
        "email": "2022-2023-rep-u11-aa-henry-coach@domain.com",
        "inserted": "2022-03-10T14:26:28.189Z",
        "updated": "2022-03-10T14:26:28.189Z",
        "groups": [],
        "user_permissions": []
    }
},
{
    "model": "core.user",
    "pk": 47,
    "fields": {
        "password": "pbkdf2_sha256$320000$3vtQQ7y6j26DFV8hAK0Czu$xJdhzK8jHnbb8SBXsr7g3mPst/sD2motWkWcv9GmXjE=",
        "last_login": null,
        "is_superuser": false,
        "first_name": "",
        "last_name": "",
        "is_staff": false,
        "is_active": true,
        "date_joined": "2022-03-10T14:26:28.201Z",
        "username": "2022-2023-rep-u11-aa-henry-manager@domain.com",
        "email": "2022-2023-rep-u11-aa-henry-manager@domain.com",
        "inserted": "2022-03-10T14:26:28.201Z",
        "updated": "2022-03-10T14:26:28.201Z",
        "groups": [],
        "user_permissions": []
    }
},
{
    "model": "core.user",
    "pk": 48,
    "fields": {
        "password": "pbkdf2_sha256$320000$3vtQQ7y6j26DFV8hAK0Czu$xJdhzK8jHnbb8SBXsr7g3mPst/sD2motWkWcv9GmXjE=",
        "last_login": null,
        "is_superuser": false,
        "first_name": "",
        "last_name": "",
        "is_staff": false,
        "is_active": true,
        "date_joined": "2022-03-10T14:26:28.217Z",
        "username": "2023-2024-admin@domain.com",
        "email": "2023-2024-admin@domain.com",
        "inserted": "2022-03-10T14:26:28.217Z",
        "updated": "2022-03-10T14:26:28.217Z",
        "groups": [],
        "user_permissions": []
    }
},
{
    "model": "core.user",
    "pk": 49,
    "fields": {
        "password": "pbkdf2_sha256$320000$3vtQQ7y6j26DFV8hAK0Czu$xJdhzK8jHnbb8SBXsr7g3mPst/sD2motWkWcv9GmXjE=",
        "last_login": null,
        "is_superuser": false,
        "first_name": "",
        "last_name": "",
        "is_staff": false,
        "is_active": true,
        "date_joined": "2022-03-10T14:26:28.226Z",
        "username": "2023-2024-hl-vp@domain.com",
        "email": "2023-2024-hl-vp@domain.com",
        "inserted": "2022-03-10T14:26:28.226Z",
        "updated": "2022-03-10T14:26:28.226Z",
        "groups": [],
        "user_permissions": []
    }
},
{
    "model": "core.user",
    "pk": 50,
    "fields": {
        "password": "pbkdf2_sha256$320000$3vtQQ7y6j26DFV8hAK0Czu$xJdhzK8jHnbb8SBXsr7g3mPst/sD2motWkWcv9GmXjE=",
        "last_login": null,
        "is_superuser": false,
        "first_name": "",
        "last_name": "",
        "is_staff": false,
        "is_active": true,
        "date_joined": "2022-03-10T14:26:28.235Z",
        "username": "2023-2024-hl-u10-division@domain.com",
        "email": "2023-2024-hl-u10-division@domain.com",
        "inserted": "2022-03-10T14:26:28.235Z",
        "updated": "2022-03-10T14:26:28.235Z",
        "groups": [],
        "user_permissions": []
    }
},
{
    "model": "core.user",
    "pk": 51,
    "fields": {
        "password": "pbkdf2_sha256$320000$3vtQQ7y6j26DFV8hAK0Czu$xJdhzK8jHnbb8SBXsr7g3mPst/sD2motWkWcv9GmXjE=",
        "last_login": null,
        "is_superuser": false,
        "first_name": "",
        "last_name": "",
        "is_staff": false,
        "is_active": true,
        "date_joined": "2022-03-10T14:26:28.243Z",
        "username": "2023-2024-hl-u10-blue-subdivision@domain.com",
        "email": "2023-2024-hl-u10-blue-subdivision@domain.com",
        "inserted": "2022-03-10T14:26:28.243Z",
        "updated": "2022-03-10T14:26:28.243Z",
        "groups": [],
        "user_permissions": []
    }
},
{
    "model": "core.user",
    "pk": 52,
    "fields": {
        "password": "pbkdf2_sha256$320000$3vtQQ7y6j26DFV8hAK0Czu$xJdhzK8jHnbb8SBXsr7g3mPst/sD2motWkWcv9GmXjE=",
        "last_login": null,
        "is_superuser": false,
        "first_name": "",
        "last_name": "",
        "is_staff": false,
        "is_active": true,
        "date_joined": "2022-03-10T14:26:28.252Z",
        "username": "2023-2024-hl-u10-blue-graham-coach@domain.com",
        "email": "2023-2024-hl-u10-blue-graham-coach@domain.com",
        "inserted": "2022-03-10T14:26:28.252Z",
        "updated": "2022-03-10T14:26:28.252Z",
        "groups": [],
        "user_permissions": []
    }
},
{
    "model": "core.user",
    "pk": 53,
    "fields": {
        "password": "pbkdf2_sha256$320000$3vtQQ7y6j26DFV8hAK0Czu$xJdhzK8jHnbb8SBXsr7g3mPst/sD2motWkWcv9GmXjE=",
        "last_login": null,
        "is_superuser": false,
        "first_name": "",
        "last_name": "",
        "is_staff": false,
        "is_active": true,
        "date_joined": "2022-03-10T14:26:28.264Z",
        "username": "2023-2024-hl-u10-blue-graham-manager@domain.com",
        "email": "2023-2024-hl-u10-blue-graham-manager@domain.com",
        "inserted": "2022-03-10T14:26:28.264Z",
        "updated": "2022-03-10T14:26:28.264Z",
        "groups": [],
        "user_permissions": []
    }
},
{
    "model": "core.user",
    "pk": 54,
    "fields": {
        "password": "pbkdf2_sha256$320000$3vtQQ7y6j26DFV8hAK0Czu$xJdhzK8jHnbb8SBXsr7g3mPst/sD2motWkWcv9GmXjE=",
        "last_login": null,
        "is_superuser": false,
        "first_name": "",
        "last_name": "",
        "is_staff": false,
        "is_active": true,
        "date_joined": "2022-03-10T14:26:28.280Z",
        "username": "2023-2024-hl-u10-blue-henry-coach@domain.com",
        "email": "2023-2024-hl-u10-blue-henry-coach@domain.com",
        "inserted": "2022-03-10T14:26:28.281Z",
        "updated": "2022-03-10T14:26:28.281Z",
        "groups": [],
        "user_permissions": []
    }
},
{
    "model": "core.user",
    "pk": 55,
    "fields": {
        "password": "pbkdf2_sha256$320000$3vtQQ7y6j26DFV8hAK0Czu$xJdhzK8jHnbb8SBXsr7g3mPst/sD2motWkWcv9GmXjE=",
        "last_login": null,
        "is_superuser": false,
        "first_name": "",
        "last_name": "",
        "is_staff": false,
        "is_active": true,
        "date_joined": "2022-03-10T14:26:28.293Z",
        "username": "2023-2024-hl-u10-blue-henry-manager@domain.com",
        "email": "2023-2024-hl-u10-blue-henry-manager@domain.com",
        "inserted": "2022-03-10T14:26:28.293Z",
        "updated": "2022-03-10T14:26:28.293Z",
        "groups": [],
        "user_permissions": []
    }
},
{
    "model": "core.user",
    "pk": 56,
    "fields": {
        "password": "pbkdf2_sha256$320000$3vtQQ7y6j26DFV8hAK0Czu$xJdhzK8jHnbb8SBXsr7g3mPst/sD2motWkWcv9GmXjE=",
        "last_login": null,
        "is_superuser": false,
        "first_name": "",
        "last_name": "",
        "is_staff": false,
        "is_active": true,
        "date_joined": "2022-03-10T14:26:28.310Z",
        "username": "2023-2024-hl-u10-white-subdivision@domain.com",
        "email": "2023-2024-hl-u10-white-subdivision@domain.com",
        "inserted": "2022-03-10T14:26:28.310Z",
        "updated": "2022-03-10T14:26:28.310Z",
        "groups": [],
        "user_permissions": []
    }
},
{
    "model": "core.user",
    "pk": 57,
    "fields": {
        "password": "pbkdf2_sha256$320000$3vtQQ7y6j26DFV8hAK0Czu$xJdhzK8jHnbb8SBXsr7g3mPst/sD2motWkWcv9GmXjE=",
        "last_login": null,
        "is_superuser": false,
        "first_name": "",
        "last_name": "",
        "is_staff": false,
        "is_active": true,
        "date_joined": "2022-03-10T14:26:28.319Z",
        "username": "2023-2024-hl-u10-white-graham-coach@domain.com",
        "email": "2023-2024-hl-u10-white-graham-coach@domain.com",
        "inserted": "2022-03-10T14:26:28.319Z",
        "updated": "2022-03-10T14:26:28.319Z",
        "groups": [],
        "user_permissions": []
    }
},
{
    "model": "core.user",
    "pk": 58,
    "fields": {
        "password": "pbkdf2_sha256$320000$3vtQQ7y6j26DFV8hAK0Czu$xJdhzK8jHnbb8SBXsr7g3mPst/sD2motWkWcv9GmXjE=",
        "last_login": null,
        "is_superuser": false,
        "first_name": "",
        "last_name": "",
        "is_staff": false,
        "is_active": true,
        "date_joined": "2022-03-10T14:26:28.332Z",
        "username": "2023-2024-hl-u10-white-graham-manager@domain.com",
        "email": "2023-2024-hl-u10-white-graham-manager@domain.com",
        "inserted": "2022-03-10T14:26:28.333Z",
        "updated": "2022-03-10T14:26:28.333Z",
        "groups": [],
        "user_permissions": []
    }
},
{
    "model": "core.user",
    "pk": 59,
    "fields": {
        "password": "pbkdf2_sha256$320000$3vtQQ7y6j26DFV8hAK0Czu$xJdhzK8jHnbb8SBXsr7g3mPst/sD2motWkWcv9GmXjE=",
        "last_login": null,
        "is_superuser": false,
        "first_name": "",
        "last_name": "",
        "is_staff": false,
        "is_active": true,
        "date_joined": "2022-03-10T14:26:28.349Z",
        "username": "2023-2024-hl-u10-white-henry-coach@domain.com",
        "email": "2023-2024-hl-u10-white-henry-coach@domain.com",
        "inserted": "2022-03-10T14:26:28.349Z",
        "updated": "2022-03-10T14:26:28.349Z",
        "groups": [],
        "user_permissions": []
    }
},
{
    "model": "core.user",
    "pk": 60,
    "fields": {
        "password": "pbkdf2_sha256$320000$3vtQQ7y6j26DFV8hAK0Czu$xJdhzK8jHnbb8SBXsr7g3mPst/sD2motWkWcv9GmXjE=",
        "last_login": null,
        "is_superuser": false,
        "first_name": "",
        "last_name": "",
        "is_staff": false,
        "is_active": true,
        "date_joined": "2022-03-10T14:26:28.361Z",
        "username": "2023-2024-hl-u10-white-henry-manager@domain.com",
        "email": "2023-2024-hl-u10-white-henry-manager@domain.com",
        "inserted": "2022-03-10T14:26:28.362Z",
        "updated": "2022-03-10T14:26:28.362Z",
        "groups": [],
        "user_permissions": []
    }
},
{
    "model": "core.user",
    "pk": 61,
    "fields": {
        "password": "pbkdf2_sha256$320000$3vtQQ7y6j26DFV8hAK0Czu$xJdhzK8jHnbb8SBXsr7g3mPst/sD2motWkWcv9GmXjE=",
        "last_login": null,
        "is_superuser": false,
        "first_name": "",
        "last_name": "",
        "is_staff": false,
        "is_active": true,
        "date_joined": "2022-03-10T14:26:28.378Z",
        "username": "2023-2024-hl-u11-division@domain.com",
        "email": "2023-2024-hl-u11-division@domain.com",
        "inserted": "2022-03-10T14:26:28.378Z",
        "updated": "2022-03-10T14:26:28.378Z",
        "groups": [],
        "user_permissions": []
    }
},
{
    "model": "core.user",
    "pk": 62,
    "fields": {
        "password": "pbkdf2_sha256$320000$3vtQQ7y6j26DFV8hAK0Czu$xJdhzK8jHnbb8SBXsr7g3mPst/sD2motWkWcv9GmXjE=",
        "last_login": null,
        "is_superuser": false,
        "first_name": "",
        "last_name": "",
        "is_staff": false,
        "is_active": true,
        "date_joined": "2022-03-10T14:26:28.386Z",
        "username": "2023-2024-hl-u11-blue-subdivision@domain.com",
        "email": "2023-2024-hl-u11-blue-subdivision@domain.com",
        "inserted": "2022-03-10T14:26:28.386Z",
        "updated": "2022-03-10T14:26:28.386Z",
        "groups": [],
        "user_permissions": []
    }
},
{
    "model": "core.user",
    "pk": 63,
    "fields": {
        "password": "pbkdf2_sha256$320000$3vtQQ7y6j26DFV8hAK0Czu$xJdhzK8jHnbb8SBXsr7g3mPst/sD2motWkWcv9GmXjE=",
        "last_login": null,
        "is_superuser": false,
        "first_name": "",
        "last_name": "",
        "is_staff": false,
        "is_active": true,
        "date_joined": "2022-03-10T14:26:28.396Z",
        "username": "2023-2024-hl-u11-blue-graham-coach@domain.com",
        "email": "2023-2024-hl-u11-blue-graham-coach@domain.com",
        "inserted": "2022-03-10T14:26:28.396Z",
        "updated": "2022-03-10T14:26:28.396Z",
        "groups": [],
        "user_permissions": []
    }
},
{
    "model": "core.user",
    "pk": 64,
    "fields": {
        "password": "pbkdf2_sha256$320000$3vtQQ7y6j26DFV8hAK0Czu$xJdhzK8jHnbb8SBXsr7g3mPst/sD2motWkWcv9GmXjE=",
        "last_login": null,
        "is_superuser": false,
        "first_name": "",
        "last_name": "",
        "is_staff": false,
        "is_active": true,
        "date_joined": "2022-03-10T14:26:28.408Z",
        "username": "2023-2024-hl-u11-blue-graham-manager@domain.com",
        "email": "2023-2024-hl-u11-blue-graham-manager@domain.com",
        "inserted": "2022-03-10T14:26:28.408Z",
        "updated": "2022-03-10T14:26:28.408Z",
        "groups": [],
        "user_permissions": []
    }
},
{
    "model": "core.user",
    "pk": 65,
    "fields": {
        "password": "pbkdf2_sha256$320000$3vtQQ7y6j26DFV8hAK0Czu$xJdhzK8jHnbb8SBXsr7g3mPst/sD2motWkWcv9GmXjE=",
        "last_login": null,
        "is_superuser": false,
        "first_name": "",
        "last_name": "",
        "is_staff": false,
        "is_active": true,
        "date_joined": "2022-03-10T14:26:28.424Z",
        "username": "2023-2024-hl-u11-blue-henry-coach@domain.com",
        "email": "2023-2024-hl-u11-blue-henry-coach@domain.com",
        "inserted": "2022-03-10T14:26:28.424Z",
        "updated": "2022-03-10T14:26:28.424Z",
        "groups": [],
        "user_permissions": []
    }
},
{
    "model": "core.user",
    "pk": 66,
    "fields": {
        "password": "pbkdf2_sha256$320000$3vtQQ7y6j26DFV8hAK0Czu$xJdhzK8jHnbb8SBXsr7g3mPst/sD2motWkWcv9GmXjE=",
        "last_login": null,
        "is_superuser": false,
        "first_name": "",
        "last_name": "",
        "is_staff": false,
        "is_active": true,
        "date_joined": "2022-03-10T14:26:28.436Z",
        "username": "2023-2024-hl-u11-blue-henry-manager@domain.com",
        "email": "2023-2024-hl-u11-blue-henry-manager@domain.com",
        "inserted": "2022-03-10T14:26:28.436Z",
        "updated": "2022-03-10T14:26:28.436Z",
        "groups": [],
        "user_permissions": []
    }
},
{
    "model": "core.user",
    "pk": 67,
    "fields": {
        "password": "pbkdf2_sha256$320000$3vtQQ7y6j26DFV8hAK0Czu$xJdhzK8jHnbb8SBXsr7g3mPst/sD2motWkWcv9GmXjE=",
        "last_login": null,
        "is_superuser": false,
        "first_name": "",
        "last_name": "",
        "is_staff": false,
        "is_active": true,
        "date_joined": "2022-03-10T14:26:28.452Z",
        "username": "2023-2024-hl-u11-white-subdivision@domain.com",
        "email": "2023-2024-hl-u11-white-subdivision@domain.com",
        "inserted": "2022-03-10T14:26:28.452Z",
        "updated": "2022-03-10T14:26:28.452Z",
        "groups": [],
        "user_permissions": []
    }
},
{
    "model": "core.user",
    "pk": 68,
    "fields": {
        "password": "pbkdf2_sha256$320000$3vtQQ7y6j26DFV8hAK0Czu$xJdhzK8jHnbb8SBXsr7g3mPst/sD2motWkWcv9GmXjE=",
        "last_login": null,
        "is_superuser": false,
        "first_name": "",
        "last_name": "",
        "is_staff": false,
        "is_active": true,
        "date_joined": "2022-03-10T14:26:28.461Z",
        "username": "2023-2024-hl-u11-white-graham-coach@domain.com",
        "email": "2023-2024-hl-u11-white-graham-coach@domain.com",
        "inserted": "2022-03-10T14:26:28.461Z",
        "updated": "2022-03-10T14:26:28.461Z",
        "groups": [],
        "user_permissions": []
    }
},
{
    "model": "core.user",
    "pk": 69,
    "fields": {
        "password": "pbkdf2_sha256$320000$3vtQQ7y6j26DFV8hAK0Czu$xJdhzK8jHnbb8SBXsr7g3mPst/sD2motWkWcv9GmXjE=",
        "last_login": null,
        "is_superuser": false,
        "first_name": "",
        "last_name": "",
        "is_staff": false,
        "is_active": true,
        "date_joined": "2022-03-10T14:26:28.472Z",
        "username": "2023-2024-hl-u11-white-graham-manager@domain.com",
        "email": "2023-2024-hl-u11-white-graham-manager@domain.com",
        "inserted": "2022-03-10T14:26:28.473Z",
        "updated": "2022-03-10T14:26:28.473Z",
        "groups": [],
        "user_permissions": []
    }
},
{
    "model": "core.user",
    "pk": 70,
    "fields": {
        "password": "pbkdf2_sha256$320000$3vtQQ7y6j26DFV8hAK0Czu$xJdhzK8jHnbb8SBXsr7g3mPst/sD2motWkWcv9GmXjE=",
        "last_login": null,
        "is_superuser": false,
        "first_name": "",
        "last_name": "",
        "is_staff": false,
        "is_active": true,
        "date_joined": "2022-03-10T14:26:28.489Z",
        "username": "2023-2024-hl-u11-white-henry-coach@domain.com",
        "email": "2023-2024-hl-u11-white-henry-coach@domain.com",
        "inserted": "2022-03-10T14:26:28.489Z",
        "updated": "2022-03-10T14:26:28.489Z",
        "groups": [],
        "user_permissions": []
    }
},
{
    "model": "core.user",
    "pk": 71,
    "fields": {
        "password": "pbkdf2_sha256$320000$3vtQQ7y6j26DFV8hAK0Czu$xJdhzK8jHnbb8SBXsr7g3mPst/sD2motWkWcv9GmXjE=",
        "last_login": null,
        "is_superuser": false,
        "first_name": "",
        "last_name": "",
        "is_staff": false,
        "is_active": true,
        "date_joined": "2022-03-10T14:26:28.502Z",
        "username": "2023-2024-hl-u11-white-henry-manager@domain.com",
        "email": "2023-2024-hl-u11-white-henry-manager@domain.com",
        "inserted": "2022-03-10T14:26:28.502Z",
        "updated": "2022-03-10T14:26:28.502Z",
        "groups": [],
        "user_permissions": []
    }
},
{
    "model": "core.user",
    "pk": 72,
    "fields": {
        "password": "pbkdf2_sha256$320000$3vtQQ7y6j26DFV8hAK0Czu$xJdhzK8jHnbb8SBXsr7g3mPst/sD2motWkWcv9GmXjE=",
        "last_login": null,
        "is_superuser": false,
        "first_name": "",
        "last_name": "",
        "is_staff": false,
        "is_active": true,
        "date_joined": "2022-03-10T14:26:28.518Z",
        "username": "2023-2024-rep-vp@domain.com",
        "email": "2023-2024-rep-vp@domain.com",
        "inserted": "2022-03-10T14:26:28.519Z",
        "updated": "2022-03-10T14:26:28.519Z",
        "groups": [],
        "user_permissions": []
    }
},
{
    "model": "core.user",
    "pk": 73,
    "fields": {
        "password": "pbkdf2_sha256$320000$3vtQQ7y6j26DFV8hAK0Czu$xJdhzK8jHnbb8SBXsr7g3mPst/sD2motWkWcv9GmXjE=",
        "last_login": null,
        "is_superuser": false,
        "first_name": "",
        "last_name": "",
        "is_staff": false,
        "is_active": true,
        "date_joined": "2022-03-10T14:26:28.527Z",
        "username": "2023-2024-rep-u10-division@domain.com",
        "email": "2023-2024-rep-u10-division@domain.com",
        "inserted": "2022-03-10T14:26:28.527Z",
        "updated": "2022-03-10T14:26:28.527Z",
        "groups": [],
        "user_permissions": []
    }
},
{
    "model": "core.user",
    "pk": 74,
    "fields": {
        "password": "pbkdf2_sha256$320000$3vtQQ7y6j26DFV8hAK0Czu$xJdhzK8jHnbb8SBXsr7g3mPst/sD2motWkWcv9GmXjE=",
        "last_login": null,
        "is_superuser": false,
        "first_name": "",
        "last_name": "",
        "is_staff": false,
        "is_active": true,
        "date_joined": "2022-03-10T14:26:28.535Z",
        "username": "2023-2024-rep-u10-a-subdivision@domain.com",
        "email": "2023-2024-rep-u10-a-subdivision@domain.com",
        "inserted": "2022-03-10T14:26:28.536Z",
        "updated": "2022-03-10T14:26:28.536Z",
        "groups": [],
        "user_permissions": []
    }
},
{
    "model": "core.user",
    "pk": 75,
    "fields": {
        "password": "pbkdf2_sha256$320000$3vtQQ7y6j26DFV8hAK0Czu$xJdhzK8jHnbb8SBXsr7g3mPst/sD2motWkWcv9GmXjE=",
        "last_login": null,
        "is_superuser": false,
        "first_name": "",
        "last_name": "",
        "is_staff": false,
        "is_active": true,
        "date_joined": "2022-03-10T14:26:28.545Z",
        "username": "2023-2024-rep-u10-a-graham-coach@domain.com",
        "email": "2023-2024-rep-u10-a-graham-coach@domain.com",
        "inserted": "2022-03-10T14:26:28.545Z",
        "updated": "2022-03-10T14:26:28.545Z",
        "groups": [],
        "user_permissions": []
    }
},
{
    "model": "core.user",
    "pk": 76,
    "fields": {
        "password": "pbkdf2_sha256$320000$3vtQQ7y6j26DFV8hAK0Czu$xJdhzK8jHnbb8SBXsr7g3mPst/sD2motWkWcv9GmXjE=",
        "last_login": null,
        "is_superuser": false,
        "first_name": "",
        "last_name": "",
        "is_staff": false,
        "is_active": true,
        "date_joined": "2022-03-10T14:26:28.557Z",
        "username": "2023-2024-rep-u10-a-graham-manager@domain.com",
        "email": "2023-2024-rep-u10-a-graham-manager@domain.com",
        "inserted": "2022-03-10T14:26:28.557Z",
        "updated": "2022-03-10T14:26:28.557Z",
        "groups": [],
        "user_permissions": []
    }
},
{
    "model": "core.user",
    "pk": 77,
    "fields": {
        "password": "pbkdf2_sha256$320000$3vtQQ7y6j26DFV8hAK0Czu$xJdhzK8jHnbb8SBXsr7g3mPst/sD2motWkWcv9GmXjE=",
        "last_login": null,
        "is_superuser": false,
        "first_name": "",
        "last_name": "",
        "is_staff": false,
        "is_active": true,
        "date_joined": "2022-03-10T14:26:28.574Z",
        "username": "2023-2024-rep-u10-a-henry-coach@domain.com",
        "email": "2023-2024-rep-u10-a-henry-coach@domain.com",
        "inserted": "2022-03-10T14:26:28.574Z",
        "updated": "2022-03-10T14:26:28.574Z",
        "groups": [],
        "user_permissions": []
    }
},
{
    "model": "core.user",
    "pk": 78,
    "fields": {
        "password": "pbkdf2_sha256$320000$3vtQQ7y6j26DFV8hAK0Czu$xJdhzK8jHnbb8SBXsr7g3mPst/sD2motWkWcv9GmXjE=",
        "last_login": null,
        "is_superuser": false,
        "first_name": "",
        "last_name": "",
        "is_staff": false,
        "is_active": true,
        "date_joined": "2022-03-10T14:26:28.586Z",
        "username": "2023-2024-rep-u10-a-henry-manager@domain.com",
        "email": "2023-2024-rep-u10-a-henry-manager@domain.com",
        "inserted": "2022-03-10T14:26:28.587Z",
        "updated": "2022-03-10T14:26:28.587Z",
        "groups": [],
        "user_permissions": []
    }
},
{
    "model": "core.user",
    "pk": 79,
    "fields": {
        "password": "pbkdf2_sha256$320000$3vtQQ7y6j26DFV8hAK0Czu$xJdhzK8jHnbb8SBXsr7g3mPst/sD2motWkWcv9GmXjE=",
        "last_login": null,
        "is_superuser": false,
        "first_name": "",
        "last_name": "",
        "is_staff": false,
        "is_active": true,
        "date_joined": "2022-03-10T14:26:28.603Z",
        "username": "2023-2024-rep-u10-aa-subdivision@domain.com",
        "email": "2023-2024-rep-u10-aa-subdivision@domain.com",
        "inserted": "2022-03-10T14:26:28.604Z",
        "updated": "2022-03-10T14:26:28.604Z",
        "groups": [],
        "user_permissions": []
    }
},
{
    "model": "core.user",
    "pk": 80,
    "fields": {
        "password": "pbkdf2_sha256$320000$3vtQQ7y6j26DFV8hAK0Czu$xJdhzK8jHnbb8SBXsr7g3mPst/sD2motWkWcv9GmXjE=",
        "last_login": null,
        "is_superuser": false,
        "first_name": "",
        "last_name": "",
        "is_staff": false,
        "is_active": true,
        "date_joined": "2022-03-10T14:26:28.613Z",
        "username": "2023-2024-rep-u10-aa-graham-coach@domain.com",
        "email": "2023-2024-rep-u10-aa-graham-coach@domain.com",
        "inserted": "2022-03-10T14:26:28.613Z",
        "updated": "2022-03-10T14:26:28.613Z",
        "groups": [],
        "user_permissions": []
    }
},
{
    "model": "core.user",
    "pk": 81,
    "fields": {
        "password": "pbkdf2_sha256$320000$3vtQQ7y6j26DFV8hAK0Czu$xJdhzK8jHnbb8SBXsr7g3mPst/sD2motWkWcv9GmXjE=",
        "last_login": null,
        "is_superuser": false,
        "first_name": "",
        "last_name": "",
        "is_staff": false,
        "is_active": true,
        "date_joined": "2022-03-10T14:26:28.626Z",
        "username": "2023-2024-rep-u10-aa-graham-manager@domain.com",
        "email": "2023-2024-rep-u10-aa-graham-manager@domain.com",
        "inserted": "2022-03-10T14:26:28.626Z",
        "updated": "2022-03-10T14:26:28.626Z",
        "groups": [],
        "user_permissions": []
    }
},
{
    "model": "core.user",
    "pk": 82,
    "fields": {
        "password": "pbkdf2_sha256$320000$3vtQQ7y6j26DFV8hAK0Czu$xJdhzK8jHnbb8SBXsr7g3mPst/sD2motWkWcv9GmXjE=",
        "last_login": null,
        "is_superuser": false,
        "first_name": "",
        "last_name": "",
        "is_staff": false,
        "is_active": true,
        "date_joined": "2022-03-10T14:26:28.641Z",
        "username": "2023-2024-rep-u10-aa-henry-coach@domain.com",
        "email": "2023-2024-rep-u10-aa-henry-coach@domain.com",
        "inserted": "2022-03-10T14:26:28.642Z",
        "updated": "2022-03-10T14:26:28.642Z",
        "groups": [],
        "user_permissions": []
    }
},
{
    "model": "core.user",
    "pk": 83,
    "fields": {
        "password": "pbkdf2_sha256$320000$3vtQQ7y6j26DFV8hAK0Czu$xJdhzK8jHnbb8SBXsr7g3mPst/sD2motWkWcv9GmXjE=",
        "last_login": null,
        "is_superuser": false,
        "first_name": "",
        "last_name": "",
        "is_staff": false,
        "is_active": true,
        "date_joined": "2022-03-10T14:26:28.654Z",
        "username": "2023-2024-rep-u10-aa-henry-manager@domain.com",
        "email": "2023-2024-rep-u10-aa-henry-manager@domain.com",
        "inserted": "2022-03-10T14:26:28.654Z",
        "updated": "2022-03-10T14:26:28.654Z",
        "groups": [],
        "user_permissions": []
    }
},
{
    "model": "core.user",
    "pk": 84,
    "fields": {
        "password": "pbkdf2_sha256$320000$3vtQQ7y6j26DFV8hAK0Czu$xJdhzK8jHnbb8SBXsr7g3mPst/sD2motWkWcv9GmXjE=",
        "last_login": null,
        "is_superuser": false,
        "first_name": "",
        "last_name": "",
        "is_staff": false,
        "is_active": true,
        "date_joined": "2022-03-10T14:26:28.670Z",
        "username": "2023-2024-rep-u11-division@domain.com",
        "email": "2023-2024-rep-u11-division@domain.com",
        "inserted": "2022-03-10T14:26:28.670Z",
        "updated": "2022-03-10T14:26:28.670Z",
        "groups": [],
        "user_permissions": []
    }
},
{
    "model": "core.user",
    "pk": 85,
    "fields": {
        "password": "pbkdf2_sha256$320000$3vtQQ7y6j26DFV8hAK0Czu$xJdhzK8jHnbb8SBXsr7g3mPst/sD2motWkWcv9GmXjE=",
        "last_login": null,
        "is_superuser": false,
        "first_name": "",
        "last_name": "",
        "is_staff": false,
        "is_active": true,
        "date_joined": "2022-03-10T14:26:28.678Z",
        "username": "2023-2024-rep-u11-a-subdivision@domain.com",
        "email": "2023-2024-rep-u11-a-subdivision@domain.com",
        "inserted": "2022-03-10T14:26:28.679Z",
        "updated": "2022-03-10T14:26:28.679Z",
        "groups": [],
        "user_permissions": []
    }
},
{
    "model": "core.user",
    "pk": 86,
    "fields": {
        "password": "pbkdf2_sha256$320000$3vtQQ7y6j26DFV8hAK0Czu$xJdhzK8jHnbb8SBXsr7g3mPst/sD2motWkWcv9GmXjE=",
        "last_login": null,
        "is_superuser": false,
        "first_name": "",
        "last_name": "",
        "is_staff": false,
        "is_active": true,
        "date_joined": "2022-03-10T14:26:28.687Z",
        "username": "2023-2024-rep-u11-a-graham-coach@domain.com",
        "email": "2023-2024-rep-u11-a-graham-coach@domain.com",
        "inserted": "2022-03-10T14:26:28.687Z",
        "updated": "2022-03-10T14:26:28.687Z",
        "groups": [],
        "user_permissions": []
    }
},
{
    "model": "core.user",
    "pk": 87,
    "fields": {
        "password": "pbkdf2_sha256$320000$3vtQQ7y6j26DFV8hAK0Czu$xJdhzK8jHnbb8SBXsr7g3mPst/sD2motWkWcv9GmXjE=",
        "last_login": null,
        "is_superuser": false,
        "first_name": "",
        "last_name": "",
        "is_staff": false,
        "is_active": true,
        "date_joined": "2022-03-10T14:26:28.699Z",
        "username": "2023-2024-rep-u11-a-graham-manager@domain.com",
        "email": "2023-2024-rep-u11-a-graham-manager@domain.com",
        "inserted": "2022-03-10T14:26:28.700Z",
        "updated": "2022-03-10T14:26:28.700Z",
        "groups": [],
        "user_permissions": []
    }
},
{
    "model": "core.user",
    "pk": 88,
    "fields": {
        "password": "pbkdf2_sha256$320000$3vtQQ7y6j26DFV8hAK0Czu$xJdhzK8jHnbb8SBXsr7g3mPst/sD2motWkWcv9GmXjE=",
        "last_login": null,
        "is_superuser": false,
        "first_name": "",
        "last_name": "",
        "is_staff": false,
        "is_active": true,
        "date_joined": "2022-03-10T14:26:28.715Z",
        "username": "2023-2024-rep-u11-a-henry-coach@domain.com",
        "email": "2023-2024-rep-u11-a-henry-coach@domain.com",
        "inserted": "2022-03-10T14:26:28.715Z",
        "updated": "2022-03-10T14:26:28.715Z",
        "groups": [],
        "user_permissions": []
    }
},
{
    "model": "core.user",
    "pk": 89,
    "fields": {
        "password": "pbkdf2_sha256$320000$3vtQQ7y6j26DFV8hAK0Czu$xJdhzK8jHnbb8SBXsr7g3mPst/sD2motWkWcv9GmXjE=",
        "last_login": null,
        "is_superuser": false,
        "first_name": "",
        "last_name": "",
        "is_staff": false,
        "is_active": true,
        "date_joined": "2022-03-10T14:26:28.727Z",
        "username": "2023-2024-rep-u11-a-henry-manager@domain.com",
        "email": "2023-2024-rep-u11-a-henry-manager@domain.com",
        "inserted": "2022-03-10T14:26:28.728Z",
        "updated": "2022-03-10T14:26:28.728Z",
        "groups": [],
        "user_permissions": []
    }
},
{
    "model": "core.user",
    "pk": 90,
    "fields": {
        "password": "pbkdf2_sha256$320000$3vtQQ7y6j26DFV8hAK0Czu$xJdhzK8jHnbb8SBXsr7g3mPst/sD2motWkWcv9GmXjE=",
        "last_login": null,
        "is_superuser": false,
        "first_name": "",
        "last_name": "",
        "is_staff": false,
        "is_active": true,
        "date_joined": "2022-03-10T14:26:28.743Z",
        "username": "2023-2024-rep-u11-aa-subdivision@domain.com",
        "email": "2023-2024-rep-u11-aa-subdivision@domain.com",
        "inserted": "2022-03-10T14:26:28.743Z",
        "updated": "2022-03-10T14:26:28.743Z",
        "groups": [],
        "user_permissions": []
    }
},
{
    "model": "core.user",
    "pk": 91,
    "fields": {
        "password": "pbkdf2_sha256$320000$3vtQQ7y6j26DFV8hAK0Czu$xJdhzK8jHnbb8SBXsr7g3mPst/sD2motWkWcv9GmXjE=",
        "last_login": null,
        "is_superuser": false,
        "first_name": "",
        "last_name": "",
        "is_staff": false,
        "is_active": true,
        "date_joined": "2022-03-10T14:26:28.752Z",
        "username": "2023-2024-rep-u11-aa-graham-coach@domain.com",
        "email": "2023-2024-rep-u11-aa-graham-coach@domain.com",
        "inserted": "2022-03-10T14:26:28.752Z",
        "updated": "2022-03-10T14:26:28.752Z",
        "groups": [],
        "user_permissions": []
    }
},
{
    "model": "core.user",
    "pk": 92,
    "fields": {
        "password": "pbkdf2_sha256$320000$3vtQQ7y6j26DFV8hAK0Czu$xJdhzK8jHnbb8SBXsr7g3mPst/sD2motWkWcv9GmXjE=",
        "last_login": null,
        "is_superuser": false,
        "first_name": "",
        "last_name": "",
        "is_staff": false,
        "is_active": true,
        "date_joined": "2022-03-10T14:26:28.764Z",
        "username": "2023-2024-rep-u11-aa-graham-manager@domain.com",
        "email": "2023-2024-rep-u11-aa-graham-manager@domain.com",
        "inserted": "2022-03-10T14:26:28.764Z",
        "updated": "2022-03-10T14:26:28.764Z",
        "groups": [],
        "user_permissions": []
    }
},
{
    "model": "core.user",
    "pk": 93,
    "fields": {
        "password": "pbkdf2_sha256$320000$3vtQQ7y6j26DFV8hAK0Czu$xJdhzK8jHnbb8SBXsr7g3mPst/sD2motWkWcv9GmXjE=",
        "last_login": null,
        "is_superuser": false,
        "first_name": "",
        "last_name": "",
        "is_staff": false,
        "is_active": true,
        "date_joined": "2022-03-10T14:26:28.781Z",
        "username": "2023-2024-rep-u11-aa-henry-coach@domain.com",
        "email": "2023-2024-rep-u11-aa-henry-coach@domain.com",
        "inserted": "2022-03-10T14:26:28.781Z",
        "updated": "2022-03-10T14:26:28.781Z",
        "groups": [],
        "user_permissions": []
    }
},
{
    "model": "core.user",
    "pk": 94,
    "fields": {
        "password": "pbkdf2_sha256$320000$3vtQQ7y6j26DFV8hAK0Czu$xJdhzK8jHnbb8SBXsr7g3mPst/sD2motWkWcv9GmXjE=",
        "last_login": null,
        "is_superuser": false,
        "first_name": "",
        "last_name": "",
        "is_staff": false,
        "is_active": true,
        "date_joined": "2022-03-10T14:26:28.793Z",
        "username": "2023-2024-rep-u11-aa-henry-manager@domain.com",
        "email": "2023-2024-rep-u11-aa-henry-manager@domain.com",
        "inserted": "2022-03-10T14:26:28.793Z",
        "updated": "2022-03-10T14:26:28.793Z",
        "groups": [],
        "user_permissions": []
    }
},
{
    "model": "core.season",
    "pk": 1,
    "fields": {
        "old_sk_id": null,
        "inserted": "2022-03-10T14:26:27.533Z",
        "inserted_by": null,
        "updated": "2022-03-10T14:26:27.533Z",
        "updated_by": null,
        "hockey_canada_id": null,
        "hockey_canada_system_id": null,
        "name": "2022-2023",
        "start": "2022-09-01",
        "end": "2023-08-31",
        "mbs_id": 0,
        "gsi_id": 0
    }
},
{
    "model": "core.season",
    "pk": 2,
    "fields": {
        "old_sk_id": null,
        "inserted": "2022-03-10T14:26:28.215Z",
        "inserted_by": null,
        "updated": "2022-03-10T14:26:28.215Z",
        "updated_by": null,
        "hockey_canada_id": null,
        "hockey_canada_system_id": null,
        "name": "2023-2024",
        "start": "2023-09-01",
        "end": "2024-08-31",
        "mbs_id": 0,
        "gsi_id": 0
    }
},
{
    "model": "core.league",
    "pk": 1,
    "fields": {
        "old_sk_id": null,
        "inserted": "2022-03-10T14:26:27.542Z",
        "inserted_by": null,
        "updated": "2022-03-10T14:26:27.542Z",
        "updated_by": null,
        "hockey_canada_id": null,
        "hockey_canada_system_id": null,
        "season": 1,
        "name": "HL",
        "weight": 0
    }
},
{
    "model": "core.league",
    "pk": 2,
    "fields": {
        "old_sk_id": null,
        "inserted": "2022-03-10T14:26:27.914Z",
        "inserted_by": null,
        "updated": "2022-03-10T14:26:27.914Z",
        "updated_by": null,
        "hockey_canada_id": null,
        "hockey_canada_system_id": null,
        "season": 1,
        "name": "REP",
        "weight": 1
    }
},
{
    "model": "core.league",
    "pk": 3,
    "fields": {
        "old_sk_id": null,
        "inserted": "2022-03-10T14:26:28.222Z",
        "inserted_by": null,
        "updated": "2022-03-10T14:26:28.222Z",
        "updated_by": null,
        "hockey_canada_id": null,
        "hockey_canada_system_id": null,
        "season": 2,
        "name": "HL",
        "weight": 0
    }
},
{
    "model": "core.league",
    "pk": 4,
    "fields": {
        "old_sk_id": null,
        "inserted": "2022-03-10T14:26:28.515Z",
        "inserted_by": null,
        "updated": "2022-03-10T14:26:28.515Z",
        "updated_by": null,
        "hockey_canada_id": null,
        "hockey_canada_system_id": null,
        "season": 2,
        "name": "REP",
        "weight": 1
    }
},
{
    "model": "core.division",
    "pk": 1,
    "fields": {
        "old_sk_id": null,
        "inserted": "2022-03-10T14:26:27.553Z",
        "inserted_by": null,
        "updated": "2022-03-10T14:26:27.553Z",
        "updated_by": null,
        "hockey_canada_id": null,
        "hockey_canada_system_id": null,
        "season": 1,
        "league": 1,
        "name": "U10",
        "age_from": 0,
        "age_to": 0,
        "weight": 0
    }
},
{
    "model": "core.division",
    "pk": 2,
    "fields": {
        "old_sk_id": null,
        "inserted": "2022-03-10T14:26:27.761Z",
        "inserted_by": null,
        "updated": "2022-03-10T14:26:27.761Z",
        "updated_by": null,
        "hockey_canada_id": null,
        "hockey_canada_system_id": null,
        "season": 1,
        "league": 1,
        "name": "U11",
        "age_from": 0,
        "age_to": 0,
        "weight": 1
    }
},
{
    "model": "core.division",
    "pk": 3,
    "fields": {
        "old_sk_id": null,
        "inserted": "2022-03-10T14:26:27.923Z",
        "inserted_by": null,
        "updated": "2022-03-10T14:26:27.923Z",
        "updated_by": null,
        "hockey_canada_id": null,
        "hockey_canada_system_id": null,
        "season": 1,
        "league": 2,
        "name": "U10",
        "age_from": 0,
        "age_to": 0,
        "weight": 2
    }
},
{
    "model": "core.division",
    "pk": 4,
    "fields": {
        "old_sk_id": null,
        "inserted": "2022-03-10T14:26:28.068Z",
        "inserted_by": null,
        "updated": "2022-03-10T14:26:28.068Z",
        "updated_by": null,
        "hockey_canada_id": null,
        "hockey_canada_system_id": null,
        "season": 1,
        "league": 2,
        "name": "U11",
        "age_from": 0,
        "age_to": 0,
        "weight": 3
    }
},
{
    "model": "core.division",
    "pk": 5,
    "fields": {
        "old_sk_id": null,
        "inserted": "2022-03-10T14:26:28.231Z",
        "inserted_by": null,
        "updated": "2022-03-10T14:26:28.231Z",
        "updated_by": null,
        "hockey_canada_id": null,
        "hockey_canada_system_id": null,
        "season": 2,
        "league": 3,
        "name": "U10",
        "age_from": 0,
        "age_to": 0,
        "weight": 0
    }
},
{
    "model": "core.division",
    "pk": 6,
    "fields": {
        "old_sk_id": null,
        "inserted": "2022-03-10T14:26:28.374Z",
        "inserted_by": null,
        "updated": "2022-03-10T14:26:28.374Z",
        "updated_by": null,
        "hockey_canada_id": null,
        "hockey_canada_system_id": null,
        "season": 2,
        "league": 3,
        "name": "U11",
        "age_from": 0,
        "age_to": 0,
        "weight": 1
    }
},
{
    "model": "core.division",
    "pk": 7,
    "fields": {
        "old_sk_id": null,
        "inserted": "2022-03-10T14:26:28.523Z",
        "inserted_by": null,
        "updated": "2022-03-10T14:26:28.523Z",
        "updated_by": null,
        "hockey_canada_id": null,
        "hockey_canada_system_id": null,
        "season": 2,
        "league": 4,
        "name": "U10",
        "age_from": 0,
        "age_to": 0,
        "weight": 2
    }
},
{
    "model": "core.division",
    "pk": 8,
    "fields": {
        "old_sk_id": null,
        "inserted": "2022-03-10T14:26:28.667Z",
        "inserted_by": null,
        "updated": "2022-03-10T14:26:28.667Z",
        "updated_by": null,
        "hockey_canada_id": null,
        "hockey_canada_system_id": null,
        "season": 2,
        "league": 4,
        "name": "U11",
        "age_from": 0,
        "age_to": 0,
        "weight": 3
    }
},
{
    "model": "core.subdivision",
    "pk": 1,
    "fields": {
        "old_sk_id": null,
        "inserted": "2022-03-10T14:26:27.564Z",
        "inserted_by": null,
        "updated": "2022-03-10T14:26:27.564Z",
        "updated_by": null,
        "hockey_canada_id": null,
        "hockey_canada_system_id": null,
        "season": 1,
        "league": 1,
        "division": 1,
        "name": "Blue",
        "weight": 0,
        "body_checking": false
    }
},
{
    "model": "core.subdivision",
    "pk": 2,
    "fields": {
        "old_sk_id": null,
        "inserted": "2022-03-10T14:26:27.678Z",
        "inserted_by": null,
        "updated": "2022-03-10T14:26:27.678Z",
        "updated_by": null,
        "hockey_canada_id": null,
        "hockey_canada_system_id": null,
        "season": 1,
        "league": 1,
        "division": 1,
        "name": "White",
        "weight": 1,
        "body_checking": false
    }
},
{
    "model": "core.subdivision",
    "pk": 3,
    "fields": {
        "old_sk_id": null,
        "inserted": "2022-03-10T14:26:27.772Z",
        "inserted_by": null,
        "updated": "2022-03-10T14:26:27.772Z",
        "updated_by": null,
        "hockey_canada_id": null,
        "hockey_canada_system_id": null,
        "season": 1,
        "league": 1,
        "division": 2,
        "name": "Blue",
        "weight": 2,
        "body_checking": false
    }
},
{
    "model": "core.subdivision",
    "pk": 4,
    "fields": {
        "old_sk_id": null,
        "inserted": "2022-03-10T14:26:27.845Z",
        "inserted_by": null,
        "updated": "2022-03-10T14:26:27.846Z",
        "updated_by": null,
        "hockey_canada_id": null,
        "hockey_canada_system_id": null,
        "season": 1,
        "league": 1,
        "division": 2,
        "name": "White",
        "weight": 3,
        "body_checking": false
    }
},
{
    "model": "core.subdivision",
    "pk": 5,
    "fields": {
        "old_sk_id": null,
        "inserted": "2022-03-10T14:26:27.931Z",
        "inserted_by": null,
        "updated": "2022-03-10T14:26:27.931Z",
        "updated_by": null,
        "hockey_canada_id": null,
        "hockey_canada_system_id": null,
        "season": 1,
        "league": 2,
        "division": 3,
        "name": "A",
        "weight": 4,
        "body_checking": false
    }
},
{
    "model": "core.subdivision",
    "pk": 6,
    "fields": {
        "old_sk_id": null,
        "inserted": "2022-03-10T14:26:27.999Z",
        "inserted_by": null,
        "updated": "2022-03-10T14:26:27.999Z",
        "updated_by": null,
        "hockey_canada_id": null,
        "hockey_canada_system_id": null,
        "season": 1,
        "league": 2,
        "division": 3,
        "name": "AA",
        "weight": 5,
        "body_checking": false
    }
},
{
    "model": "core.subdivision",
    "pk": 7,
    "fields": {
        "old_sk_id": null,
        "inserted": "2022-03-10T14:26:28.078Z",
        "inserted_by": null,
        "updated": "2022-03-10T14:26:28.078Z",
        "updated_by": null,
        "hockey_canada_id": null,
        "hockey_canada_system_id": null,
        "season": 1,
        "league": 2,
        "division": 4,
        "name": "A",
        "weight": 6,
        "body_checking": false
    }
},
{
    "model": "core.subdivision",
    "pk": 8,
    "fields": {
        "old_sk_id": null,
        "inserted": "2022-03-10T14:26:28.147Z",
        "inserted_by": null,
        "updated": "2022-03-10T14:26:28.147Z",
        "updated_by": null,
        "hockey_canada_id": null,
        "hockey_canada_system_id": null,
        "season": 1,
        "league": 2,
        "division": 4,
        "name": "AA",
        "weight": 7,
        "body_checking": false
    }
},
{
    "model": "core.subdivision",
    "pk": 9,
    "fields": {
        "old_sk_id": null,
        "inserted": "2022-03-10T14:26:28.240Z",
        "inserted_by": null,
        "updated": "2022-03-10T14:26:28.240Z",
        "updated_by": null,
        "hockey_canada_id": null,
        "hockey_canada_system_id": null,
        "season": 2,
        "league": 3,
        "division": 5,
        "name": "Blue",
        "weight": 0,
        "body_checking": false
    }
},
{
    "model": "core.subdivision",
    "pk": 10,
    "fields": {
        "old_sk_id": null,
        "inserted": "2022-03-10T14:26:28.306Z",
        "inserted_by": null,
        "updated": "2022-03-10T14:26:28.306Z",
        "updated_by": null,
        "hockey_canada_id": null,
        "hockey_canada_system_id": null,
        "season": 2,
        "league": 3,
        "division": 5,
        "name": "White",
        "weight": 1,
        "body_checking": false
    }
},
{
    "model": "core.subdivision",
    "pk": 11,
    "fields": {
        "old_sk_id": null,
        "inserted": "2022-03-10T14:26:28.383Z",
        "inserted_by": null,
        "updated": "2022-03-10T14:26:28.383Z",
        "updated_by": null,
        "hockey_canada_id": null,
        "hockey_canada_system_id": null,
        "season": 2,
        "league": 3,
        "division": 6,
        "name": "Blue",
        "weight": 2,
        "body_checking": false
    }
},
{
    "model": "core.subdivision",
    "pk": 12,
    "fields": {
        "old_sk_id": null,
        "inserted": "2022-03-10T14:26:28.449Z",
        "inserted_by": null,
        "updated": "2022-03-10T14:26:28.449Z",
        "updated_by": null,
        "hockey_canada_id": null,
        "hockey_canada_system_id": null,
        "season": 2,
        "league": 3,
        "division": 6,
        "name": "White",
        "weight": 3,
        "body_checking": false
    }
},
{
    "model": "core.subdivision",
    "pk": 13,
    "fields": {
        "old_sk_id": null,
        "inserted": "2022-03-10T14:26:28.532Z",
        "inserted_by": null,
        "updated": "2022-03-10T14:26:28.532Z",
        "updated_by": null,
        "hockey_canada_id": null,
        "hockey_canada_system_id": null,
        "season": 2,
        "league": 4,
        "division": 7,
        "name": "A",
        "weight": 4,
        "body_checking": false
    }
},
{
    "model": "core.subdivision",
    "pk": 14,
    "fields": {
        "old_sk_id": null,
        "inserted": "2022-03-10T14:26:28.600Z",
        "inserted_by": null,
        "updated": "2022-03-10T14:26:28.600Z",
        "updated_by": null,
        "hockey_canada_id": null,
        "hockey_canada_system_id": null,
        "season": 2,
        "league": 4,
        "division": 7,
        "name": "AA",
        "weight": 5,
        "body_checking": false
    }
},
{
    "model": "core.subdivision",
    "pk": 15,
    "fields": {
        "old_sk_id": null,
        "inserted": "2022-03-10T14:26:28.675Z",
        "inserted_by": null,
        "updated": "2022-03-10T14:26:28.675Z",
        "updated_by": null,
        "hockey_canada_id": null,
        "hockey_canada_system_id": null,
        "season": 2,
        "league": 4,
        "division": 8,
        "name": "A",
        "weight": 6,
        "body_checking": false
    }
},
{
    "model": "core.subdivision",
    "pk": 16,
    "fields": {
        "old_sk_id": null,
        "inserted": "2022-03-10T14:26:28.739Z",
        "inserted_by": null,
        "updated": "2022-03-10T14:26:28.739Z",
        "updated_by": null,
        "hockey_canada_id": null,
        "hockey_canada_system_id": null,
        "season": 2,
        "league": 4,
        "division": 8,
        "name": "AA",
        "weight": 7,
        "body_checking": false
    }
}
]
