[
{
    "model": "core.user",
    "pk": 1,
    "fields": {
        "password": "pbkdf2_sha256$320000$fycpDp9Pg6QVOg24EAmI8v$m0kSMQghTb7ZGQwoCVjy9C1bK8KUcZ+Gzf5xjvnVnS4=",
        "last_login": null,
        "is_superuser": false,
        "first_name": "",
        "last_name": "",
        "is_staff": false,
        "is_active": true,
        "date_joined": "2022-03-10T18:26:24.482Z",
        "username": "2022-2023-admin@domain.com",
        "email": "2022-2023-admin@domain.com",
        "inserted": "2022-03-10T18:26:24.482Z",
        "updated": "2022-03-10T18:26:24.482Z",
        "groups": [],
        "user_permissions": []
    }
},
{
    "model": "core.user",
    "pk": 2,
    "fields": {
        "password": "pbkdf2_sha256$320000$fycpDp9Pg6QVOg24EAmI8v$m0kSMQghTb7ZGQwoCVjy9C1bK8KUcZ+Gzf5xjvnVnS4=",
        "last_login": null,
        "is_superuser": false,
        "first_name": "",
        "last_name": "",
        "is_staff": false,
        "is_active": true,
        "date_joined": "2022-03-10T18:26:24.493Z",
        "username": "2022-2023-hl-vp@domain.com",
        "email": "2022-2023-hl-vp@domain.com",
        "inserted": "2022-03-10T18:26:24.493Z",
        "updated": "2022-03-10T18:26:24.493Z",
        "groups": [],
        "user_permissions": []
    }
},
{
    "model": "core.user",
    "pk": 3,
    "fields": {
        "password": "pbkdf2_sha256$320000$fycpDp9Pg6QVOg24EAmI8v$m0kSMQghTb7ZGQwoCVjy9C1bK8KUcZ+Gzf5xjvnVnS4=",
        "last_login": null,
        "is_superuser": false,
        "first_name": "",
        "last_name": "",
        "is_staff": false,
        "is_active": true,
        "date_joined": "2022-03-10T18:26:24.505Z",
        "username": "2022-2023-hl-u10-division@domain.com",
        "email": "2022-2023-hl-u10-division@domain.com",
        "inserted": "2022-03-10T18:26:24.505Z",
        "updated": "2022-03-10T18:26:24.505Z",
        "groups": [],
        "user_permissions": []
    }
},
{
    "model": "core.user",
    "pk": 4,
    "fields": {
        "password": "pbkdf2_sha256$320000$fycpDp9Pg6QVOg24EAmI8v$m0kSMQghTb7ZGQwoCVjy9C1bK8KUcZ+Gzf5xjvnVnS4=",
        "last_login": null,
        "is_superuser": false,
        "first_name": "",
        "last_name": "",
        "is_staff": false,
        "is_active": true,
        "date_joined": "2022-03-10T18:26:24.516Z",
        "username": "2022-2023-hl-u10-blue-subdivision@domain.com",
        "email": "2022-2023-hl-u10-blue-subdivision@domain.com",
        "inserted": "2022-03-10T18:26:24.517Z",
        "updated": "2022-03-10T18:26:24.517Z",
        "groups": [],
        "user_permissions": []
    }
},
{
    "model": "core.user",
    "pk": 5,
    "fields": {
        "password": "pbkdf2_sha256$320000$fycpDp9Pg6QVOg24EAmI8v$m0kSMQghTb7ZGQwoCVjy9C1bK8KUcZ+Gzf5xjvnVnS4=",
        "last_login": null,
        "is_superuser": false,
        "first_name": "",
        "last_name": "",
        "is_staff": false,
        "is_active": true,
        "date_joined": "2022-03-10T18:26:24.528Z",
        "username": "2022-2023-hl-u10-blue-graham-coach@domain.com",
        "email": "2022-2023-hl-u10-blue-graham-coach@domain.com",
        "inserted": "2022-03-10T18:26:24.528Z",
        "updated": "2022-03-10T18:26:24.528Z",
        "groups": [],
        "user_permissions": []
    }
},
{
    "model": "core.user",
    "pk": 6,
    "fields": {
        "password": "pbkdf2_sha256$320000$fycpDp9Pg6QVOg24EAmI8v$m0kSMQghTb7ZGQwoCVjy9C1bK8KUcZ+Gzf5xjvnVnS4=",
        "last_login": null,
        "is_superuser": false,
        "first_name": "",
        "last_name": "",
        "is_staff": false,
        "is_active": true,
        "date_joined": "2022-03-10T18:26:24.541Z",
        "username": "2022-2023-hl-u10-blue-graham-manager@domain.com",
        "email": "2022-2023-hl-u10-blue-graham-manager@domain.com",
        "inserted": "2022-03-10T18:26:24.541Z",
        "updated": "2022-03-10T18:26:24.541Z",
        "groups": [],
        "user_permissions": []
    }
},
{
    "model": "core.user",
    "pk": 7,
    "fields": {
        "password": "pbkdf2_sha256$320000$fycpDp9Pg6QVOg24EAmI8v$m0kSMQghTb7ZGQwoCVjy9C1bK8KUcZ+Gzf5xjvnVnS4=",
        "last_login": null,
        "is_superuser": false,
        "first_name": "",
        "last_name": "",
        "is_staff": false,
        "is_active": true,
        "date_joined": "2022-03-10T18:26:24.559Z",
        "username": "2022-2023-hl-u10-blue-henry-coach@domain.com",
        "email": "2022-2023-hl-u10-blue-henry-coach@domain.com",
        "inserted": "2022-03-10T18:26:24.559Z",
        "updated": "2022-03-10T18:26:24.559Z",
        "groups": [],
        "user_permissions": []
    }
},
{
    "model": "core.user",
    "pk": 8,
    "fields": {
        "password": "pbkdf2_sha256$320000$fycpDp9Pg6QVOg24EAmI8v$m0kSMQghTb7ZGQwoCVjy9C1bK8KUcZ+Gzf5xjvnVnS4=",
        "last_login": null,
        "is_superuser": false,
        "first_name": "",
        "last_name": "",
        "is_staff": false,
        "is_active": true,
        "date_joined": "2022-03-10T18:26:24.572Z",
        "username": "2022-2023-hl-u10-blue-henry-manager@domain.com",
        "email": "2022-2023-hl-u10-blue-henry-manager@domain.com",
        "inserted": "2022-03-10T18:26:24.572Z",
        "updated": "2022-03-10T18:26:24.572Z",
        "groups": [],
        "user_permissions": []
    }
},
{
    "model": "core.user",
    "pk": 9,
    "fields": {
        "password": "pbkdf2_sha256$320000$fycpDp9Pg6QVOg24EAmI8v$m0kSMQghTb7ZGQwoCVjy9C1bK8KUcZ+Gzf5xjvnVnS4=",
        "last_login": null,
        "is_superuser": false,
        "first_name": "",
        "last_name": "",
        "is_staff": false,
        "is_active": true,
        "date_joined": "2022-03-10T18:26:24.589Z",
        "username": "2022-2023-hl-u10-white-subdivision@domain.com",
        "email": "2022-2023-hl-u10-white-subdivision@domain.com",
        "inserted": "2022-03-10T18:26:24.589Z",
        "updated": "2022-03-10T18:26:24.589Z",
        "groups": [],
        "user_permissions": []
    }
},
{
    "model": "core.user",
    "pk": 10,
    "fields": {
        "password": "pbkdf2_sha256$320000$fycpDp9Pg6QVOg24EAmI8v$m0kSMQghTb7ZGQwoCVjy9C1bK8KUcZ+Gzf5xjvnVnS4=",
        "last_login": null,
        "is_superuser": false,
        "first_name": "",
        "last_name": "",
        "is_staff": false,
        "is_active": true,
        "date_joined": "2022-03-10T18:26:24.598Z",
        "username": "2022-2023-hl-u10-white-graham-coach@domain.com",
        "email": "2022-2023-hl-u10-white-graham-coach@domain.com",
        "inserted": "2022-03-10T18:26:24.599Z",
        "updated": "2022-03-10T18:26:24.599Z",
        "groups": [],
        "user_permissions": []
    }
},
{
    "model": "core.user",
    "pk": 11,
    "fields": {
        "password": "pbkdf2_sha256$320000$fycpDp9Pg6QVOg24EAmI8v$m0kSMQghTb7ZGQwoCVjy9C1bK8KUcZ+Gzf5xjvnVnS4=",
        "last_login": null,
        "is_superuser": false,
        "first_name": "",
        "last_name": "",
        "is_staff": false,
        "is_active": true,
        "date_joined": "2022-03-10T18:26:24.611Z",
        "username": "2022-2023-hl-u10-white-graham-manager@domain.com",
        "email": "2022-2023-hl-u10-white-graham-manager@domain.com",
        "inserted": "2022-03-10T18:26:24.611Z",
        "updated": "2022-03-10T18:26:24.611Z",
        "groups": [],
        "user_permissions": []
    }
},
{
    "model": "core.user",
    "pk": 12,
    "fields": {
        "password": "pbkdf2_sha256$320000$fycpDp9Pg6QVOg24EAmI8v$m0kSMQghTb7ZGQwoCVjy9C1bK8KUcZ+Gzf5xjvnVnS4=",
        "last_login": null,
        "is_superuser": false,
        "first_name": "",
        "last_name": "",
        "is_staff": false,
        "is_active": true,
        "date_joined": "2022-03-10T18:26:24.628Z",
        "username": "2022-2023-hl-u10-white-henry-coach@domain.com",
        "email": "2022-2023-hl-u10-white-henry-coach@domain.com",
        "inserted": "2022-03-10T18:26:24.628Z",
        "updated": "2022-03-10T18:26:24.628Z",
        "groups": [],
        "user_permissions": []
    }
},
{
    "model": "core.user",
    "pk": 13,
    "fields": {
        "password": "pbkdf2_sha256$320000$fycpDp9Pg6QVOg24EAmI8v$m0kSMQghTb7ZGQwoCVjy9C1bK8KUcZ+Gzf5xjvnVnS4=",
        "last_login": null,
        "is_superuser": false,
        "first_name": "",
        "last_name": "",
        "is_staff": false,
        "is_active": true,
        "date_joined": "2022-03-10T18:26:24.641Z",
        "username": "2022-2023-hl-u10-white-henry-manager@domain.com",
        "email": "2022-2023-hl-u10-white-henry-manager@domain.com",
        "inserted": "2022-03-10T18:26:24.641Z",
        "updated": "2022-03-10T18:26:24.641Z",
        "groups": [],
        "user_permissions": []
    }
},
{
    "model": "core.user",
    "pk": 14,
    "fields": {
        "password": "pbkdf2_sha256$320000$fycpDp9Pg6QVOg24EAmI8v$m0kSMQghTb7ZGQwoCVjy9C1bK8KUcZ+Gzf5xjvnVnS4=",
        "last_login": null,
        "is_superuser": false,
        "first_name": "",
        "last_name": "",
        "is_staff": false,
        "is_active": true,
        "date_joined": "2022-03-10T18:26:24.658Z",
        "username": "2022-2023-hl-u11-division@domain.com",
        "email": "2022-2023-hl-u11-division@domain.com",
        "inserted": "2022-03-10T18:26:24.658Z",
        "updated": "2022-03-10T18:26:24.658Z",
        "groups": [],
        "user_permissions": []
    }
},
{
    "model": "core.user",
    "pk": 15,
    "fields": {
        "password": "pbkdf2_sha256$320000$fycpDp9Pg6QVOg24EAmI8v$m0kSMQghTb7ZGQwoCVjy9C1bK8KUcZ+Gzf5xjvnVnS4=",
        "last_login": null,
        "is_superuser": false,
        "first_name": "",
        "last_name": "",
        "is_staff": false,
        "is_active": true,
        "date_joined": "2022-03-10T18:26:24.667Z",
        "username": "2022-2023-hl-u11-blue-subdivision@domain.com",
        "email": "2022-2023-hl-u11-blue-subdivision@domain.com",
        "inserted": "2022-03-10T18:26:24.668Z",
        "updated": "2022-03-10T18:26:24.668Z",
        "groups": [],
        "user_permissions": []
    }
},
{
    "model": "core.user",
    "pk": 16,
    "fields": {
        "password": "pbkdf2_sha256$320000$fycpDp9Pg6QVOg24EAmI8v$m0kSMQghTb7ZGQwoCVjy9C1bK8KUcZ+Gzf5xjvnVnS4=",
        "last_login": null,
        "is_superuser": false,
        "first_name": "",
        "last_name": "",
        "is_staff": false,
        "is_active": true,
        "date_joined": "2022-03-10T18:26:24.686Z",
        "username": "2022-2023-hl-u11-blue-graham-coach@domain.com",
        "email": "2022-2023-hl-u11-blue-graham-coach@domain.com",
        "inserted": "2022-03-10T18:26:24.686Z",
        "updated": "2022-03-10T18:26:24.686Z",
        "groups": [],
        "user_permissions": []
    }
},
{
    "model": "core.user",
    "pk": 17,
    "fields": {
        "password": "pbkdf2_sha256$320000$fycpDp9Pg6QVOg24EAmI8v$m0kSMQghTb7ZGQwoCVjy9C1bK8KUcZ+Gzf5xjvnVnS4=",
        "last_login": null,
        "is_superuser": false,
        "first_name": "",
        "last_name": "",
        "is_staff": false,
        "is_active": true,
        "date_joined": "2022-03-10T18:26:24.707Z",
        "username": "2022-2023-hl-u11-blue-graham-manager@domain.com",
        "email": "2022-2023-hl-u11-blue-graham-manager@domain.com",
        "inserted": "2022-03-10T18:26:24.707Z",
        "updated": "2022-03-10T18:26:24.707Z",
        "groups": [],
        "user_permissions": []
    }
},
{
    "model": "core.user",
    "pk": 18,
    "fields": {
        "password": "pbkdf2_sha256$320000$fycpDp9Pg6QVOg24EAmI8v$m0kSMQghTb7ZGQwoCVjy9C1bK8KUcZ+Gzf5xjvnVnS4=",
        "last_login": null,
        "is_superuser": false,
        "first_name": "",
        "last_name": "",
        "is_staff": false,
        "is_active": true,
        "date_joined": "2022-03-10T18:26:24.730Z",
        "username": "2022-2023-hl-u11-blue-henry-coach@domain.com",
        "email": "2022-2023-hl-u11-blue-henry-coach@domain.com",
        "inserted": "2022-03-10T18:26:24.730Z",
        "updated": "2022-03-10T18:26:24.730Z",
        "groups": [],
        "user_permissions": []
    }
},
{
    "model": "core.user",
    "pk": 19,
    "fields": {
        "password": "pbkdf2_sha256$320000$fycpDp9Pg6QVOg24EAmI8v$m0kSMQghTb7ZGQwoCVjy9C1bK8KUcZ+Gzf5xjvnVnS4=",
        "last_login": null,
        "is_superuser": false,
        "first_name": "",
        "last_name": "",
        "is_staff": false,
        "is_active": true,
        "date_joined": "2022-03-10T18:26:24.742Z",
        "username": "2022-2023-hl-u11-blue-henry-manager@domain.com",
        "email": "2022-2023-hl-u11-blue-henry-manager@domain.com",
        "inserted": "2022-03-10T18:26:24.742Z",
        "updated": "2022-03-10T18:26:24.742Z",
        "groups": [],
        "user_permissions": []
    }
},
{
    "model": "core.user",
    "pk": 20,
    "fields": {
        "password": "pbkdf2_sha256$320000$fycpDp9Pg6QVOg24EAmI8v$m0kSMQghTb7ZGQwoCVjy9C1bK8KUcZ+Gzf5xjvnVnS4=",
        "last_login": null,
        "is_superuser": false,
        "first_name": "",
        "last_name": "",
        "is_staff": false,
        "is_active": true,
        "date_joined": "2022-03-10T18:26:24.758Z",
        "username": "2022-2023-hl-u11-white-subdivision@domain.com",
        "email": "2022-2023-hl-u11-white-subdivision@domain.com",
        "inserted": "2022-03-10T18:26:24.758Z",
        "updated": "2022-03-10T18:26:24.758Z",
        "groups": [],
        "user_permissions": []
    }
},
{
    "model": "core.user",
    "pk": 21,
    "fields": {
        "password": "pbkdf2_sha256$320000$fycpDp9Pg6QVOg24EAmI8v$m0kSMQghTb7ZGQwoCVjy9C1bK8KUcZ+Gzf5xjvnVnS4=",
        "last_login": null,
        "is_superuser": false,
        "first_name": "",
        "last_name": "",
        "is_staff": false,
        "is_active": true,
        "date_joined": "2022-03-10T18:26:24.768Z",
        "username": "2022-2023-hl-u11-white-graham-coach@domain.com",
        "email": "2022-2023-hl-u11-white-graham-coach@domain.com",
        "inserted": "2022-03-10T18:26:24.769Z",
        "updated": "2022-03-10T18:26:24.769Z",
        "groups": [],
        "user_permissions": []
    }
},
{
    "model": "core.user",
    "pk": 22,
    "fields": {
        "password": "pbkdf2_sha256$320000$fycpDp9Pg6QVOg24EAmI8v$m0kSMQghTb7ZGQwoCVjy9C1bK8KUcZ+Gzf5xjvnVnS4=",
        "last_login": null,
        "is_superuser": false,
        "first_name": "",
        "last_name": "",
        "is_staff": false,
        "is_active": true,
        "date_joined": "2022-03-10T18:26:24.781Z",
        "username": "2022-2023-hl-u11-white-graham-manager@domain.com",
        "email": "2022-2023-hl-u11-white-graham-manager@domain.com",
        "inserted": "2022-03-10T18:26:24.782Z",
        "updated": "2022-03-10T18:26:24.782Z",
        "groups": [],
        "user_permissions": []
    }
},
{
    "model": "core.user",
    "pk": 23,
    "fields": {
        "password": "pbkdf2_sha256$320000$fycpDp9Pg6QVOg24EAmI8v$m0kSMQghTb7ZGQwoCVjy9C1bK8KUcZ+Gzf5xjvnVnS4=",
        "last_login": null,
        "is_superuser": false,
        "first_name": "",
        "last_name": "",
        "is_staff": false,
        "is_active": true,
        "date_joined": "2022-03-10T18:26:24.799Z",
        "username": "2022-2023-hl-u11-white-henry-coach@domain.com",
        "email": "2022-2023-hl-u11-white-henry-coach@domain.com",
        "inserted": "2022-03-10T18:26:24.799Z",
        "updated": "2022-03-10T18:26:24.799Z",
        "groups": [],
        "user_permissions": []
    }
},
{
    "model": "core.user",
    "pk": 24,
    "fields": {
        "password": "pbkdf2_sha256$320000$fycpDp9Pg6QVOg24EAmI8v$m0kSMQghTb7ZGQwoCVjy9C1bK8KUcZ+Gzf5xjvnVnS4=",
        "last_login": null,
        "is_superuser": false,
        "first_name": "",
        "last_name": "",
        "is_staff": false,
        "is_active": true,
        "date_joined": "2022-03-10T18:26:24.811Z",
        "username": "2022-2023-hl-u11-white-henry-manager@domain.com",
        "email": "2022-2023-hl-u11-white-henry-manager@domain.com",
        "inserted": "2022-03-10T18:26:24.812Z",
        "updated": "2022-03-10T18:26:24.812Z",
        "groups": [],
        "user_permissions": []
    }
},
{
    "model": "core.user",
    "pk": 25,
    "fields": {
        "password": "pbkdf2_sha256$320000$fycpDp9Pg6QVOg24EAmI8v$m0kSMQghTb7ZGQwoCVjy9C1bK8KUcZ+Gzf5xjvnVnS4=",
        "last_login": null,
        "is_superuser": false,
        "first_name": "",
        "last_name": "",
        "is_staff": false,
        "is_active": true,
        "date_joined": "2022-03-10T18:26:24.833Z",
        "username": "2022-2023-rep-vp@domain.com",
        "email": "2022-2023-rep-vp@domain.com",
        "inserted": "2022-03-10T18:26:24.833Z",
        "updated": "2022-03-10T18:26:24.833Z",
        "groups": [],
        "user_permissions": []
    }
},
{
    "model": "core.user",
    "pk": 26,
    "fields": {
        "password": "pbkdf2_sha256$320000$fycpDp9Pg6QVOg24EAmI8v$m0kSMQghTb7ZGQwoCVjy9C1bK8KUcZ+Gzf5xjvnVnS4=",
        "last_login": null,
        "is_superuser": false,
        "first_name": "",
        "last_name": "",
        "is_staff": false,
        "is_active": true,
        "date_joined": "2022-03-10T18:26:24.843Z",
        "username": "2022-2023-rep-u10-division@domain.com",
        "email": "2022-2023-rep-u10-division@domain.com",
        "inserted": "2022-03-10T18:26:24.843Z",
        "updated": "2022-03-10T18:26:24.843Z",
        "groups": [],
        "user_permissions": []
    }
},
{
    "model": "core.user",
    "pk": 27,
    "fields": {
        "password": "pbkdf2_sha256$320000$fycpDp9Pg6QVOg24EAmI8v$m0kSMQghTb7ZGQwoCVjy9C1bK8KUcZ+Gzf5xjvnVnS4=",
        "last_login": null,
        "is_superuser": false,
        "first_name": "",
        "last_name": "",
        "is_staff": false,
        "is_active": true,
        "date_joined": "2022-03-10T18:26:24.854Z",
        "username": "2022-2023-rep-u10-a-subdivision@domain.com",
        "email": "2022-2023-rep-u10-a-subdivision@domain.com",
        "inserted": "2022-03-10T18:26:24.854Z",
        "updated": "2022-03-10T18:26:24.854Z",
        "groups": [],
        "user_permissions": []
    }
},
{
    "model": "core.user",
    "pk": 28,
    "fields": {
        "password": "pbkdf2_sha256$320000$fycpDp9Pg6QVOg24EAmI8v$m0kSMQghTb7ZGQwoCVjy9C1bK8KUcZ+Gzf5xjvnVnS4=",
        "last_login": null,
        "is_superuser": false,
        "first_name": "",
        "last_name": "",
        "is_staff": false,
        "is_active": true,
        "date_joined": "2022-03-10T18:26:24.865Z",
        "username": "2022-2023-rep-u10-a-graham-coach@domain.com",
        "email": "2022-2023-rep-u10-a-graham-coach@domain.com",
        "inserted": "2022-03-10T18:26:24.865Z",
        "updated": "2022-03-10T18:26:24.865Z",
        "groups": [],
        "user_permissions": []
    }
},
{
    "model": "core.user",
    "pk": 29,
    "fields": {
        "password": "pbkdf2_sha256$320000$fycpDp9Pg6QVOg24EAmI8v$m0kSMQghTb7ZGQwoCVjy9C1bK8KUcZ+Gzf5xjvnVnS4=",
        "last_login": null,
        "is_superuser": false,
        "first_name": "",
        "last_name": "",
        "is_staff": false,
        "is_active": true,
        "date_joined": "2022-03-10T18:26:24.881Z",
        "username": "2022-2023-rep-u10-a-graham-manager@domain.com",
        "email": "2022-2023-rep-u10-a-graham-manager@domain.com",
        "inserted": "2022-03-10T18:26:24.881Z",
        "updated": "2022-03-10T18:26:24.881Z",
        "groups": [],
        "user_permissions": []
    }
},
{
    "model": "core.user",
    "pk": 30,
    "fields": {
        "password": "pbkdf2_sha256$320000$fycpDp9Pg6QVOg24EAmI8v$m0kSMQghTb7ZGQwoCVjy9C1bK8KUcZ+Gzf5xjvnVnS4=",
        "last_login": null,
        "is_superuser": false,
        "first_name": "",
        "last_name": "",
        "is_staff": false,
        "is_active": true,
        "date_joined": "2022-03-10T18:26:24.901Z",
        "username": "2022-2023-rep-u10-a-henry-coach@domain.com",
        "email": "2022-2023-rep-u10-a-henry-coach@domain.com",
        "inserted": "2022-03-10T18:26:24.902Z",
        "updated": "2022-03-10T18:26:24.902Z",
        "groups": [],
        "user_permissions": []
    }
},
{
    "model": "core.user",
    "pk": 31,
    "fields": {
        "password": "pbkdf2_sha256$320000$fycpDp9Pg6QVOg24EAmI8v$m0kSMQghTb7ZGQwoCVjy9C1bK8KUcZ+Gzf5xjvnVnS4=",
        "last_login": null,
        "is_superuser": false,
        "first_name": "",
        "last_name": "",
        "is_staff": false,
        "is_active": true,
        "date_joined": "2022-03-10T18:26:24.918Z",
        "username": "2022-2023-rep-u10-a-henry-manager@domain.com",
        "email": "2022-2023-rep-u10-a-henry-manager@domain.com",
        "inserted": "2022-03-10T18:26:24.918Z",
        "updated": "2022-03-10T18:26:24.918Z",
        "groups": [],
        "user_permissions": []
    }
},
{
    "model": "core.user",
    "pk": 32,
    "fields": {
        "password": "pbkdf2_sha256$320000$fycpDp9Pg6QVOg24EAmI8v$m0kSMQghTb7ZGQwoCVjy9C1bK8KUcZ+Gzf5xjvnVnS4=",
        "last_login": null,
        "is_superuser": false,
        "first_name": "",
        "last_name": "",
        "is_staff": false,
        "is_active": true,
        "date_joined": "2022-03-10T18:26:24.938Z",
        "username": "2022-2023-rep-u10-aa-subdivision@domain.com",
        "email": "2022-2023-rep-u10-aa-subdivision@domain.com",
        "inserted": "2022-03-10T18:26:24.939Z",
        "updated": "2022-03-10T18:26:24.939Z",
        "groups": [],
        "user_permissions": []
    }
},
{
    "model": "core.user",
    "pk": 33,
    "fields": {
        "password": "pbkdf2_sha256$320000$fycpDp9Pg6QVOg24EAmI8v$m0kSMQghTb7ZGQwoCVjy9C1bK8KUcZ+Gzf5xjvnVnS4=",
        "last_login": null,
        "is_superuser": false,
        "first_name": "",
        "last_name": "",
        "is_staff": false,
        "is_active": true,
        "date_joined": "2022-03-10T18:26:24.950Z",
        "username": "2022-2023-rep-u10-aa-graham-coach@domain.com",
        "email": "2022-2023-rep-u10-aa-graham-coach@domain.com",
        "inserted": "2022-03-10T18:26:24.950Z",
        "updated": "2022-03-10T18:26:24.950Z",
        "groups": [],
        "user_permissions": []
    }
},
{
    "model": "core.user",
    "pk": 34,
    "fields": {
        "password": "pbkdf2_sha256$320000$fycpDp9Pg6QVOg24EAmI8v$m0kSMQghTb7ZGQwoCVjy9C1bK8KUcZ+Gzf5xjvnVnS4=",
        "last_login": null,
        "is_superuser": false,
        "first_name": "",
        "last_name": "",
        "is_staff": false,
        "is_active": true,
        "date_joined": "2022-03-10T18:26:24.966Z",
        "username": "2022-2023-rep-u10-aa-graham-manager@domain.com",
        "email": "2022-2023-rep-u10-aa-graham-manager@domain.com",
        "inserted": "2022-03-10T18:26:24.966Z",
        "updated": "2022-03-10T18:26:24.966Z",
        "groups": [],
        "user_permissions": []
    }
},
{
    "model": "core.user",
    "pk": 35,
    "fields": {
        "password": "pbkdf2_sha256$320000$fycpDp9Pg6QVOg24EAmI8v$m0kSMQghTb7ZGQwoCVjy9C1bK8KUcZ+Gzf5xjvnVnS4=",
        "last_login": null,
        "is_superuser": false,
        "first_name": "",
        "last_name": "",
        "is_staff": false,
        "is_active": true,
        "date_joined": "2022-03-10T18:26:24.986Z",
        "username": "2022-2023-rep-u10-aa-henry-coach@domain.com",
        "email": "2022-2023-rep-u10-aa-henry-coach@domain.com",
        "inserted": "2022-03-10T18:26:24.987Z",
        "updated": "2022-03-10T18:26:24.987Z",
        "groups": [],
        "user_permissions": []
    }
},
{
    "model": "core.user",
    "pk": 36,
    "fields": {
        "password": "pbkdf2_sha256$320000$fycpDp9Pg6QVOg24EAmI8v$m0kSMQghTb7ZGQwoCVjy9C1bK8KUcZ+Gzf5xjvnVnS4=",
        "last_login": null,
        "is_superuser": false,
        "first_name": "",
        "last_name": "",
        "is_staff": false,
        "is_active": true,
        "date_joined": "2022-03-10T18:26:25.000Z",
        "username": "2022-2023-rep-u10-aa-henry-manager@domain.com",
        "email": "2022-2023-rep-u10-aa-henry-manager@domain.com",
        "inserted": "2022-03-10T18:26:25.000Z",
        "updated": "2022-03-10T18:26:25.000Z",
        "groups": [],
        "user_permissions": []
    }
},
{
    "model": "core.user",
    "pk": 37,
    "fields": {
        "password": "pbkdf2_sha256$320000$fycpDp9Pg6QVOg24EAmI8v$m0kSMQghTb7ZGQwoCVjy9C1bK8KUcZ+Gzf5xjvnVnS4=",
        "last_login": null,
        "is_superuser": false,
        "first_name": "",
        "last_name": "",
        "is_staff": false,
        "is_active": true,
        "date_joined": "2022-03-10T18:26:25.018Z",
        "username": "2022-2023-rep-u11-division@domain.com",
        "email": "2022-2023-rep-u11-division@domain.com",
        "inserted": "2022-03-10T18:26:25.018Z",
        "updated": "2022-03-10T18:26:25.018Z",
        "groups": [],
        "user_permissions": []
    }
},
{
    "model": "core.user",
    "pk": 38,
    "fields": {
        "password": "pbkdf2_sha256$320000$fycpDp9Pg6QVOg24EAmI8v$m0kSMQghTb7ZGQwoCVjy9C1bK8KUcZ+Gzf5xjvnVnS4=",
        "last_login": null,
        "is_superuser": false,
        "first_name": "",
        "last_name": "",
        "is_staff": false,
        "is_active": true,
        "date_joined": "2022-03-10T18:26:25.028Z",
        "username": "2022-2023-rep-u11-a-subdivision@domain.com",
        "email": "2022-2023-rep-u11-a-subdivision@domain.com",
        "inserted": "2022-03-10T18:26:25.028Z",
        "updated": "2022-03-10T18:26:25.028Z",
        "groups": [],
        "user_permissions": []
    }
},
{
    "model": "core.user",
    "pk": 39,
    "fields": {
        "password": "pbkdf2_sha256$320000$fycpDp9Pg6QVOg24EAmI8v$m0kSMQghTb7ZGQwoCVjy9C1bK8KUcZ+Gzf5xjvnVnS4=",
        "last_login": null,
        "is_superuser": false,
        "first_name": "",
        "last_name": "",
        "is_staff": false,
        "is_active": true,
        "date_joined": "2022-03-10T18:26:25.037Z",
        "username": "2022-2023-rep-u11-a-graham-coach@domain.com",
        "email": "2022-2023-rep-u11-a-graham-coach@domain.com",
        "inserted": "2022-03-10T18:26:25.038Z",
        "updated": "2022-03-10T18:26:25.038Z",
        "groups": [],
        "user_permissions": []
    }
},
{
    "model": "core.user",
    "pk": 40,
    "fields": {
        "password": "pbkdf2_sha256$320000$fycpDp9Pg6QVOg24EAmI8v$m0kSMQghTb7ZGQwoCVjy9C1bK8KUcZ+Gzf5xjvnVnS4=",
        "last_login": null,
        "is_superuser": false,
        "first_name": "",
        "last_name": "",
        "is_staff": false,
        "is_active": true,
        "date_joined": "2022-03-10T18:26:25.051Z",
        "username": "2022-2023-rep-u11-a-graham-manager@domain.com",
        "email": "2022-2023-rep-u11-a-graham-manager@domain.com",
        "inserted": "2022-03-10T18:26:25.051Z",
        "updated": "2022-03-10T18:26:25.051Z",
        "groups": [],
        "user_permissions": []
    }
},
{
    "model": "core.user",
    "pk": 41,
    "fields": {
        "password": "pbkdf2_sha256$320000$fycpDp9Pg6QVOg24EAmI8v$m0kSMQghTb7ZGQwoCVjy9C1bK8KUcZ+Gzf5xjvnVnS4=",
        "last_login": null,
        "is_superuser": false,
        "first_name": "",
        "last_name": "",
        "is_staff": false,
        "is_active": true,
        "date_joined": "2022-03-10T18:26:25.067Z",
        "username": "2022-2023-rep-u11-a-henry-coach@domain.com",
        "email": "2022-2023-rep-u11-a-henry-coach@domain.com",
        "inserted": "2022-03-10T18:26:25.067Z",
        "updated": "2022-03-10T18:26:25.067Z",
        "groups": [],
        "user_permissions": []
    }
},
{
    "model": "core.user",
    "pk": 42,
    "fields": {
        "password": "pbkdf2_sha256$320000$fycpDp9Pg6QVOg24EAmI8v$m0kSMQghTb7ZGQwoCVjy9C1bK8KUcZ+Gzf5xjvnVnS4=",
        "last_login": null,
        "is_superuser": false,
        "first_name": "",
        "last_name": "",
        "is_staff": false,
        "is_active": true,
        "date_joined": "2022-03-10T18:26:25.079Z",
        "username": "2022-2023-rep-u11-a-henry-manager@domain.com",
        "email": "2022-2023-rep-u11-a-henry-manager@domain.com",
        "inserted": "2022-03-10T18:26:25.079Z",
        "updated": "2022-03-10T18:26:25.079Z",
        "groups": [],
        "user_permissions": []
    }
},
{
    "model": "core.user",
    "pk": 43,
    "fields": {
        "password": "pbkdf2_sha256$320000$fycpDp9Pg6QVOg24EAmI8v$m0kSMQghTb7ZGQwoCVjy9C1bK8KUcZ+Gzf5xjvnVnS4=",
        "last_login": null,
        "is_superuser": false,
        "first_name": "",
        "last_name": "",
        "is_staff": false,
        "is_active": true,
        "date_joined": "2022-03-10T18:26:25.095Z",
        "username": "2022-2023-rep-u11-aa-subdivision@domain.com",
        "email": "2022-2023-rep-u11-aa-subdivision@domain.com",
        "inserted": "2022-03-10T18:26:25.095Z",
        "updated": "2022-03-10T18:26:25.095Z",
        "groups": [],
        "user_permissions": []
    }
},
{
    "model": "core.user",
    "pk": 44,
    "fields": {
        "password": "pbkdf2_sha256$320000$fycpDp9Pg6QVOg24EAmI8v$m0kSMQghTb7ZGQwoCVjy9C1bK8KUcZ+Gzf5xjvnVnS4=",
        "last_login": null,
        "is_superuser": false,
        "first_name": "",
        "last_name": "",
        "is_staff": false,
        "is_active": true,
        "date_joined": "2022-03-10T18:26:25.104Z",
        "username": "2022-2023-rep-u11-aa-graham-coach@domain.com",
        "email": "2022-2023-rep-u11-aa-graham-coach@domain.com",
        "inserted": "2022-03-10T18:26:25.104Z",
        "updated": "2022-03-10T18:26:25.104Z",
        "groups": [],
        "user_permissions": []
    }
},
{
    "model": "core.user",
    "pk": 45,
    "fields": {
        "password": "pbkdf2_sha256$320000$fycpDp9Pg6QVOg24EAmI8v$m0kSMQghTb7ZGQwoCVjy9C1bK8KUcZ+Gzf5xjvnVnS4=",
        "last_login": null,
        "is_superuser": false,
        "first_name": "",
        "last_name": "",
        "is_staff": false,
        "is_active": true,
        "date_joined": "2022-03-10T18:26:25.116Z",
        "username": "2022-2023-rep-u11-aa-graham-manager@domain.com",
        "email": "2022-2023-rep-u11-aa-graham-manager@domain.com",
        "inserted": "2022-03-10T18:26:25.116Z",
        "updated": "2022-03-10T18:26:25.116Z",
        "groups": [],
        "user_permissions": []
    }
},
{
    "model": "core.user",
    "pk": 46,
    "fields": {
        "password": "pbkdf2_sha256$320000$fycpDp9Pg6QVOg24EAmI8v$m0kSMQghTb7ZGQwoCVjy9C1bK8KUcZ+Gzf5xjvnVnS4=",
        "last_login": null,
        "is_superuser": false,
        "first_name": "",
        "last_name": "",
        "is_staff": false,
        "is_active": true,
        "date_joined": "2022-03-10T18:26:25.132Z",
        "username": "2022-2023-rep-u11-aa-henry-coach@domain.com",
        "email": "2022-2023-rep-u11-aa-henry-coach@domain.com",
        "inserted": "2022-03-10T18:26:25.133Z",
        "updated": "2022-03-10T18:26:25.133Z",
        "groups": [],
        "user_permissions": []
    }
},
{
    "model": "core.user",
    "pk": 47,
    "fields": {
        "password": "pbkdf2_sha256$320000$fycpDp9Pg6QVOg24EAmI8v$m0kSMQghTb7ZGQwoCVjy9C1bK8KUcZ+Gzf5xjvnVnS4=",
        "last_login": null,
        "is_superuser": false,
        "first_name": "",
        "last_name": "",
        "is_staff": false,
        "is_active": true,
        "date_joined": "2022-03-10T18:26:25.144Z",
        "username": "2022-2023-rep-u11-aa-henry-manager@domain.com",
        "email": "2022-2023-rep-u11-aa-henry-manager@domain.com",
        "inserted": "2022-03-10T18:26:25.145Z",
        "updated": "2022-03-10T18:26:25.145Z",
        "groups": [],
        "user_permissions": []
    }
},
{
    "model": "core.user",
    "pk": 48,
    "fields": {
        "password": "pbkdf2_sha256$320000$fycpDp9Pg6QVOg24EAmI8v$m0kSMQghTb7ZGQwoCVjy9C1bK8KUcZ+Gzf5xjvnVnS4=",
        "last_login": null,
        "is_superuser": false,
        "first_name": "",
        "last_name": "",
        "is_staff": false,
        "is_active": true,
        "date_joined": "2022-03-10T18:26:25.159Z",
        "username": "2023-2024-admin@domain.com",
        "email": "2023-2024-admin@domain.com",
        "inserted": "2022-03-10T18:26:25.159Z",
        "updated": "2022-03-10T18:26:25.159Z",
        "groups": [],
        "user_permissions": []
    }
},
{
    "model": "core.user",
    "pk": 49,
    "fields": {
        "password": "pbkdf2_sha256$320000$fycpDp9Pg6QVOg24EAmI8v$m0kSMQghTb7ZGQwoCVjy9C1bK8KUcZ+Gzf5xjvnVnS4=",
        "last_login": null,
        "is_superuser": false,
        "first_name": "",
        "last_name": "",
        "is_staff": false,
        "is_active": true,
        "date_joined": "2022-03-10T18:26:25.168Z",
        "username": "2023-2024-hl-vp@domain.com",
        "email": "2023-2024-hl-vp@domain.com",
        "inserted": "2022-03-10T18:26:25.168Z",
        "updated": "2022-03-10T18:26:25.168Z",
        "groups": [],
        "user_permissions": []
    }
},
{
    "model": "core.user",
    "pk": 50,
    "fields": {
        "password": "pbkdf2_sha256$320000$fycpDp9Pg6QVOg24EAmI8v$m0kSMQghTb7ZGQwoCVjy9C1bK8KUcZ+Gzf5xjvnVnS4=",
        "last_login": null,
        "is_superuser": false,
        "first_name": "",
        "last_name": "",
        "is_staff": false,
        "is_active": true,
        "date_joined": "2022-03-10T18:26:25.175Z",
        "username": "2023-2024-hl-u10-division@domain.com",
        "email": "2023-2024-hl-u10-division@domain.com",
        "inserted": "2022-03-10T18:26:25.175Z",
        "updated": "2022-03-10T18:26:25.175Z",
        "groups": [],
        "user_permissions": []
    }
},
{
    "model": "core.user",
    "pk": 51,
    "fields": {
        "password": "pbkdf2_sha256$320000$fycpDp9Pg6QVOg24EAmI8v$m0kSMQghTb7ZGQwoCVjy9C1bK8KUcZ+Gzf5xjvnVnS4=",
        "last_login": null,
        "is_superuser": false,
        "first_name": "",
        "last_name": "",
        "is_staff": false,
        "is_active": true,
        "date_joined": "2022-03-10T18:26:25.183Z",
        "username": "2023-2024-hl-u10-blue-subdivision@domain.com",
        "email": "2023-2024-hl-u10-blue-subdivision@domain.com",
        "inserted": "2022-03-10T18:26:25.183Z",
        "updated": "2022-03-10T18:26:25.183Z",
        "groups": [],
        "user_permissions": []
    }
},
{
    "model": "core.user",
    "pk": 52,
    "fields": {
        "password": "pbkdf2_sha256$320000$fycpDp9Pg6QVOg24EAmI8v$m0kSMQghTb7ZGQwoCVjy9C1bK8KUcZ+Gzf5xjvnVnS4=",
        "last_login": null,
        "is_superuser": false,
        "first_name": "",
        "last_name": "",
        "is_staff": false,
        "is_active": true,
        "date_joined": "2022-03-10T18:26:25.191Z",
        "username": "2023-2024-hl-u10-blue-graham-coach@domain.com",
        "email": "2023-2024-hl-u10-blue-graham-coach@domain.com",
        "inserted": "2022-03-10T18:26:25.191Z",
        "updated": "2022-03-10T18:26:25.191Z",
        "groups": [],
        "user_permissions": []
    }
},
{
    "model": "core.user",
    "pk": 53,
    "fields": {
        "password": "pbkdf2_sha256$320000$fycpDp9Pg6QVOg24EAmI8v$m0kSMQghTb7ZGQwoCVjy9C1bK8KUcZ+Gzf5xjvnVnS4=",
        "last_login": null,
        "is_superuser": false,
        "first_name": "",
        "last_name": "",
        "is_staff": false,
        "is_active": true,
        "date_joined": "2022-03-10T18:26:25.202Z",
        "username": "2023-2024-hl-u10-blue-graham-manager@domain.com",
        "email": "2023-2024-hl-u10-blue-graham-manager@domain.com",
        "inserted": "2022-03-10T18:26:25.202Z",
        "updated": "2022-03-10T18:26:25.202Z",
        "groups": [],
        "user_permissions": []
    }
},
{
    "model": "core.user",
    "pk": 54,
    "fields": {
        "password": "pbkdf2_sha256$320000$fycpDp9Pg6QVOg24EAmI8v$m0kSMQghTb7ZGQwoCVjy9C1bK8KUcZ+Gzf5xjvnVnS4=",
        "last_login": null,
        "is_superuser": false,
        "first_name": "",
        "last_name": "",
        "is_staff": false,
        "is_active": true,
        "date_joined": "2022-03-10T18:26:25.218Z",
        "username": "2023-2024-hl-u10-blue-henry-coach@domain.com",
        "email": "2023-2024-hl-u10-blue-henry-coach@domain.com",
        "inserted": "2022-03-10T18:26:25.218Z",
        "updated": "2022-03-10T18:26:25.218Z",
        "groups": [],
        "user_permissions": []
    }
},
{
    "model": "core.user",
    "pk": 55,
    "fields": {
        "password": "pbkdf2_sha256$320000$fycpDp9Pg6QVOg24EAmI8v$m0kSMQghTb7ZGQwoCVjy9C1bK8KUcZ+Gzf5xjvnVnS4=",
        "last_login": null,
        "is_superuser": false,
        "first_name": "",
        "last_name": "",
        "is_staff": false,
        "is_active": true,
        "date_joined": "2022-03-10T18:26:25.230Z",
        "username": "2023-2024-hl-u10-blue-henry-manager@domain.com",
        "email": "2023-2024-hl-u10-blue-henry-manager@domain.com",
        "inserted": "2022-03-10T18:26:25.230Z",
        "updated": "2022-03-10T18:26:25.230Z",
        "groups": [],
        "user_permissions": []
    }
},
{
    "model": "core.user",
    "pk": 56,
    "fields": {
        "password": "pbkdf2_sha256$320000$fycpDp9Pg6QVOg24EAmI8v$m0kSMQghTb7ZGQwoCVjy9C1bK8KUcZ+Gzf5xjvnVnS4=",
        "last_login": null,
        "is_superuser": false,
        "first_name": "",
        "last_name": "",
        "is_staff": false,
        "is_active": true,
        "date_joined": "2022-03-10T18:26:25.246Z",
        "username": "2023-2024-hl-u10-white-subdivision@domain.com",
        "email": "2023-2024-hl-u10-white-subdivision@domain.com",
        "inserted": "2022-03-10T18:26:25.246Z",
        "updated": "2022-03-10T18:26:25.246Z",
        "groups": [],
        "user_permissions": []
    }
},
{
    "model": "core.user",
    "pk": 57,
    "fields": {
        "password": "pbkdf2_sha256$320000$fycpDp9Pg6QVOg24EAmI8v$m0kSMQghTb7ZGQwoCVjy9C1bK8KUcZ+Gzf5xjvnVnS4=",
        "last_login": null,
        "is_superuser": false,
        "first_name": "",
        "last_name": "",
        "is_staff": false,
        "is_active": true,
        "date_joined": "2022-03-10T18:26:25.254Z",
        "username": "2023-2024-hl-u10-white-graham-coach@domain.com",
        "email": "2023-2024-hl-u10-white-graham-coach@domain.com",
        "inserted": "2022-03-10T18:26:25.255Z",
        "updated": "2022-03-10T18:26:25.255Z",
        "groups": [],
        "user_permissions": []
    }
},
{
    "model": "core.user",
    "pk": 58,
    "fields": {
        "password": "pbkdf2_sha256$320000$fycpDp9Pg6QVOg24EAmI8v$m0kSMQghTb7ZGQwoCVjy9C1bK8KUcZ+Gzf5xjvnVnS4=",
        "last_login": null,
        "is_superuser": false,
        "first_name": "",
        "last_name": "",
        "is_staff": false,
        "is_active": true,
        "date_joined": "2022-03-10T18:26:25.267Z",
        "username": "2023-2024-hl-u10-white-graham-manager@domain.com",
        "email": "2023-2024-hl-u10-white-graham-manager@domain.com",
        "inserted": "2022-03-10T18:26:25.267Z",
        "updated": "2022-03-10T18:26:25.267Z",
        "groups": [],
        "user_permissions": []
    }
},
{
    "model": "core.user",
    "pk": 59,
    "fields": {
        "password": "pbkdf2_sha256$320000$fycpDp9Pg6QVOg24EAmI8v$m0kSMQghTb7ZGQwoCVjy9C1bK8KUcZ+Gzf5xjvnVnS4=",
        "last_login": null,
        "is_superuser": false,
        "first_name": "",
        "last_name": "",
        "is_staff": false,
        "is_active": true,
        "date_joined": "2022-03-10T18:26:25.286Z",
        "username": "2023-2024-hl-u10-white-henry-coach@domain.com",
        "email": "2023-2024-hl-u10-white-henry-coach@domain.com",
        "inserted": "2022-03-10T18:26:25.286Z",
        "updated": "2022-03-10T18:26:25.286Z",
        "groups": [],
        "user_permissions": []
    }
},
{
    "model": "core.user",
    "pk": 60,
    "fields": {
        "password": "pbkdf2_sha256$320000$fycpDp9Pg6QVOg24EAmI8v$m0kSMQghTb7ZGQwoCVjy9C1bK8KUcZ+Gzf5xjvnVnS4=",
        "last_login": null,
        "is_superuser": false,
        "first_name": "",
        "last_name": "",
        "is_staff": false,
        "is_active": true,
        "date_joined": "2022-03-10T18:26:25.302Z",
        "username": "2023-2024-hl-u10-white-henry-manager@domain.com",
        "email": "2023-2024-hl-u10-white-henry-manager@domain.com",
        "inserted": "2022-03-10T18:26:25.303Z",
        "updated": "2022-03-10T18:26:25.303Z",
        "groups": [],
        "user_permissions": []
    }
},
{
    "model": "core.user",
    "pk": 61,
    "fields": {
        "password": "pbkdf2_sha256$320000$fycpDp9Pg6QVOg24EAmI8v$m0kSMQghTb7ZGQwoCVjy9C1bK8KUcZ+Gzf5xjvnVnS4=",
        "last_login": null,
        "is_superuser": false,
        "first_name": "",
        "last_name": "",
        "is_staff": false,
        "is_active": true,
        "date_joined": "2022-03-10T18:26:25.323Z",
        "username": "2023-2024-hl-u11-division@domain.com",
        "email": "2023-2024-hl-u11-division@domain.com",
        "inserted": "2022-03-10T18:26:25.324Z",
        "updated": "2022-03-10T18:26:25.324Z",
        "groups": [],
        "user_permissions": []
    }
},
{
    "model": "core.user",
    "pk": 62,
    "fields": {
        "password": "pbkdf2_sha256$320000$fycpDp9Pg6QVOg24EAmI8v$m0kSMQghTb7ZGQwoCVjy9C1bK8KUcZ+Gzf5xjvnVnS4=",
        "last_login": null,
        "is_superuser": false,
        "first_name": "",
        "last_name": "",
        "is_staff": false,
        "is_active": true,
        "date_joined": "2022-03-10T18:26:25.334Z",
        "username": "2023-2024-hl-u11-blue-subdivision@domain.com",
        "email": "2023-2024-hl-u11-blue-subdivision@domain.com",
        "inserted": "2022-03-10T18:26:25.334Z",
        "updated": "2022-03-10T18:26:25.334Z",
        "groups": [],
        "user_permissions": []
    }
},
{
    "model": "core.user",
    "pk": 63,
    "fields": {
        "password": "pbkdf2_sha256$320000$fycpDp9Pg6QVOg24EAmI8v$m0kSMQghTb7ZGQwoCVjy9C1bK8KUcZ+Gzf5xjvnVnS4=",
        "last_login": null,
        "is_superuser": false,
        "first_name": "",
        "last_name": "",
        "is_staff": false,
        "is_active": true,
        "date_joined": "2022-03-10T18:26:25.344Z",
        "username": "2023-2024-hl-u11-blue-graham-coach@domain.com",
        "email": "2023-2024-hl-u11-blue-graham-coach@domain.com",
        "inserted": "2022-03-10T18:26:25.344Z",
        "updated": "2022-03-10T18:26:25.344Z",
        "groups": [],
        "user_permissions": []
    }
},
{
    "model": "core.user",
    "pk": 64,
    "fields": {
        "password": "pbkdf2_sha256$320000$fycpDp9Pg6QVOg24EAmI8v$m0kSMQghTb7ZGQwoCVjy9C1bK8KUcZ+Gzf5xjvnVnS4=",
        "last_login": null,
        "is_superuser": false,
        "first_name": "",
        "last_name": "",
        "is_staff": false,
        "is_active": true,
        "date_joined": "2022-03-10T18:26:25.360Z",
        "username": "2023-2024-hl-u11-blue-graham-manager@domain.com",
        "email": "2023-2024-hl-u11-blue-graham-manager@domain.com",
        "inserted": "2022-03-10T18:26:25.360Z",
        "updated": "2022-03-10T18:26:25.360Z",
        "groups": [],
        "user_permissions": []
    }
},
{
    "model": "core.user",
    "pk": 65,
    "fields": {
        "password": "pbkdf2_sha256$320000$fycpDp9Pg6QVOg24EAmI8v$m0kSMQghTb7ZGQwoCVjy9C1bK8KUcZ+Gzf5xjvnVnS4=",
        "last_login": null,
        "is_superuser": false,
        "first_name": "",
        "last_name": "",
        "is_staff": false,
        "is_active": true,
        "date_joined": "2022-03-10T18:26:25.380Z",
        "username": "2023-2024-hl-u11-blue-henry-coach@domain.com",
        "email": "2023-2024-hl-u11-blue-henry-coach@domain.com",
        "inserted": "2022-03-10T18:26:25.381Z",
        "updated": "2022-03-10T18:26:25.381Z",
        "groups": [],
        "user_permissions": []
    }
},
{
    "model": "core.user",
    "pk": 66,
    "fields": {
        "password": "pbkdf2_sha256$320000$fycpDp9Pg6QVOg24EAmI8v$m0kSMQghTb7ZGQwoCVjy9C1bK8KUcZ+Gzf5xjvnVnS4=",
        "last_login": null,
        "is_superuser": false,
        "first_name": "",
        "last_name": "",
        "is_staff": false,
        "is_active": true,
        "date_joined": "2022-03-10T18:26:25.396Z",
        "username": "2023-2024-hl-u11-blue-henry-manager@domain.com",
        "email": "2023-2024-hl-u11-blue-henry-manager@domain.com",
        "inserted": "2022-03-10T18:26:25.397Z",
        "updated": "2022-03-10T18:26:25.397Z",
        "groups": [],
        "user_permissions": []
    }
},
{
    "model": "core.user",
    "pk": 67,
    "fields": {
        "password": "pbkdf2_sha256$320000$fycpDp9Pg6QVOg24EAmI8v$m0kSMQghTb7ZGQwoCVjy9C1bK8KUcZ+Gzf5xjvnVnS4=",
        "last_login": null,
        "is_superuser": false,
        "first_name": "",
        "last_name": "",
        "is_staff": false,
        "is_active": true,
        "date_joined": "2022-03-10T18:26:25.413Z",
        "username": "2023-2024-hl-u11-white-subdivision@domain.com",
        "email": "2023-2024-hl-u11-white-subdivision@domain.com",
        "inserted": "2022-03-10T18:26:25.413Z",
        "updated": "2022-03-10T18:26:25.413Z",
        "groups": [],
        "user_permissions": []
    }
},
{
    "model": "core.user",
    "pk": 68,
    "fields": {
        "password": "pbkdf2_sha256$320000$fycpDp9Pg6QVOg24EAmI8v$m0kSMQghTb7ZGQwoCVjy9C1bK8KUcZ+Gzf5xjvnVnS4=",
        "last_login": null,
        "is_superuser": false,
        "first_name": "",
        "last_name": "",
        "is_staff": false,
        "is_active": true,
        "date_joined": "2022-03-10T18:26:25.422Z",
        "username": "2023-2024-hl-u11-white-graham-coach@domain.com",
        "email": "2023-2024-hl-u11-white-graham-coach@domain.com",
        "inserted": "2022-03-10T18:26:25.422Z",
        "updated": "2022-03-10T18:26:25.422Z",
        "groups": [],
        "user_permissions": []
    }
},
{
    "model": "core.user",
    "pk": 69,
    "fields": {
        "password": "pbkdf2_sha256$320000$fycpDp9Pg6QVOg24EAmI8v$m0kSMQghTb7ZGQwoCVjy9C1bK8KUcZ+Gzf5xjvnVnS4=",
        "last_login": null,
        "is_superuser": false,
        "first_name": "",
        "last_name": "",
        "is_staff": false,
        "is_active": true,
        "date_joined": "2022-03-10T18:26:25.435Z",
        "username": "2023-2024-hl-u11-white-graham-manager@domain.com",
        "email": "2023-2024-hl-u11-white-graham-manager@domain.com",
        "inserted": "2022-03-10T18:26:25.435Z",
        "updated": "2022-03-10T18:26:25.435Z",
        "groups": [],
        "user_permissions": []
    }
},
{
    "model": "core.user",
    "pk": 70,
    "fields": {
        "password": "pbkdf2_sha256$320000$fycpDp9Pg6QVOg24EAmI8v$m0kSMQghTb7ZGQwoCVjy9C1bK8KUcZ+Gzf5xjvnVnS4=",
        "last_login": null,
        "is_superuser": false,
        "first_name": "",
        "last_name": "",
        "is_staff": false,
        "is_active": true,
        "date_joined": "2022-03-10T18:26:25.451Z",
        "username": "2023-2024-hl-u11-white-henry-coach@domain.com",
        "email": "2023-2024-hl-u11-white-henry-coach@domain.com",
        "inserted": "2022-03-10T18:26:25.451Z",
        "updated": "2022-03-10T18:26:25.451Z",
        "groups": [],
        "user_permissions": []
    }
},
{
    "model": "core.user",
    "pk": 71,
    "fields": {
        "password": "pbkdf2_sha256$320000$fycpDp9Pg6QVOg24EAmI8v$m0kSMQghTb7ZGQwoCVjy9C1bK8KUcZ+Gzf5xjvnVnS4=",
        "last_login": null,
        "is_superuser": false,
        "first_name": "",
        "last_name": "",
        "is_staff": false,
        "is_active": true,
        "date_joined": "2022-03-10T18:26:25.463Z",
        "username": "2023-2024-hl-u11-white-henry-manager@domain.com",
        "email": "2023-2024-hl-u11-white-henry-manager@domain.com",
        "inserted": "2022-03-10T18:26:25.464Z",
        "updated": "2022-03-10T18:26:25.464Z",
        "groups": [],
        "user_permissions": []
    }
},
{
    "model": "core.user",
    "pk": 72,
    "fields": {
        "password": "pbkdf2_sha256$320000$fycpDp9Pg6QVOg24EAmI8v$m0kSMQghTb7ZGQwoCVjy9C1bK8KUcZ+Gzf5xjvnVnS4=",
        "last_login": null,
        "is_superuser": false,
        "first_name": "",
        "last_name": "",
        "is_staff": false,
        "is_active": true,
        "date_joined": "2022-03-10T18:26:25.480Z",
        "username": "2023-2024-rep-vp@domain.com",
        "email": "2023-2024-rep-vp@domain.com",
        "inserted": "2022-03-10T18:26:25.481Z",
        "updated": "2022-03-10T18:26:25.481Z",
        "groups": [],
        "user_permissions": []
    }
},
{
    "model": "core.user",
    "pk": 73,
    "fields": {
        "password": "pbkdf2_sha256$320000$fycpDp9Pg6QVOg24EAmI8v$m0kSMQghTb7ZGQwoCVjy9C1bK8KUcZ+Gzf5xjvnVnS4=",
        "last_login": null,
        "is_superuser": false,
        "first_name": "",
        "last_name": "",
        "is_staff": false,
        "is_active": true,
        "date_joined": "2022-03-10T18:26:25.490Z",
        "username": "2023-2024-rep-u10-division@domain.com",
        "email": "2023-2024-rep-u10-division@domain.com",
        "inserted": "2022-03-10T18:26:25.491Z",
        "updated": "2022-03-10T18:26:25.491Z",
        "groups": [],
        "user_permissions": []
    }
},
{
    "model": "core.user",
    "pk": 74,
    "fields": {
        "password": "pbkdf2_sha256$320000$fycpDp9Pg6QVOg24EAmI8v$m0kSMQghTb7ZGQwoCVjy9C1bK8KUcZ+Gzf5xjvnVnS4=",
        "last_login": null,
        "is_superuser": false,
        "first_name": "",
        "last_name": "",
        "is_staff": false,
        "is_active": true,
        "date_joined": "2022-03-10T18:26:25.501Z",
        "username": "2023-2024-rep-u10-a-subdivision@domain.com",
        "email": "2023-2024-rep-u10-a-subdivision@domain.com",
        "inserted": "2022-03-10T18:26:25.501Z",
        "updated": "2022-03-10T18:26:25.501Z",
        "groups": [],
        "user_permissions": []
    }
},
{
    "model": "core.user",
    "pk": 75,
    "fields": {
        "password": "pbkdf2_sha256$320000$fycpDp9Pg6QVOg24EAmI8v$m0kSMQghTb7ZGQwoCVjy9C1bK8KUcZ+Gzf5xjvnVnS4=",
        "last_login": null,
        "is_superuser": false,
        "first_name": "",
        "last_name": "",
        "is_staff": false,
        "is_active": true,
        "date_joined": "2022-03-10T18:26:25.511Z",
        "username": "2023-2024-rep-u10-a-graham-coach@domain.com",
        "email": "2023-2024-rep-u10-a-graham-coach@domain.com",
        "inserted": "2022-03-10T18:26:25.511Z",
        "updated": "2022-03-10T18:26:25.511Z",
        "groups": [],
        "user_permissions": []
    }
},
{
    "model": "core.user",
    "pk": 76,
    "fields": {
        "password": "pbkdf2_sha256$320000$fycpDp9Pg6QVOg24EAmI8v$m0kSMQghTb7ZGQwoCVjy9C1bK8KUcZ+Gzf5xjvnVnS4=",
        "last_login": null,
        "is_superuser": false,
        "first_name": "",
        "last_name": "",
        "is_staff": false,
        "is_active": true,
        "date_joined": "2022-03-10T18:26:25.527Z",
        "username": "2023-2024-rep-u10-a-graham-manager@domain.com",
        "email": "2023-2024-rep-u10-a-graham-manager@domain.com",
        "inserted": "2022-03-10T18:26:25.527Z",
        "updated": "2022-03-10T18:26:25.527Z",
        "groups": [],
        "user_permissions": []
    }
},
{
    "model": "core.user",
    "pk": 77,
    "fields": {
        "password": "pbkdf2_sha256$320000$fycpDp9Pg6QVOg24EAmI8v$m0kSMQghTb7ZGQwoCVjy9C1bK8KUcZ+Gzf5xjvnVnS4=",
        "last_login": null,
        "is_superuser": false,
        "first_name": "",
        "last_name": "",
        "is_staff": false,
        "is_active": true,
        "date_joined": "2022-03-10T18:26:25.543Z",
        "username": "2023-2024-rep-u10-a-henry-coach@domain.com",
        "email": "2023-2024-rep-u10-a-henry-coach@domain.com",
        "inserted": "2022-03-10T18:26:25.543Z",
        "updated": "2022-03-10T18:26:25.543Z",
        "groups": [],
        "user_permissions": []
    }
},
{
    "model": "core.user",
    "pk": 78,
    "fields": {
        "password": "pbkdf2_sha256$320000$fycpDp9Pg6QVOg24EAmI8v$m0kSMQghTb7ZGQwoCVjy9C1bK8KUcZ+Gzf5xjvnVnS4=",
        "last_login": null,
        "is_superuser": false,
        "first_name": "",
        "last_name": "",
        "is_staff": false,
        "is_active": true,
        "date_joined": "2022-03-10T18:26:25.556Z",
        "username": "2023-2024-rep-u10-a-henry-manager@domain.com",
        "email": "2023-2024-rep-u10-a-henry-manager@domain.com",
        "inserted": "2022-03-10T18:26:25.556Z",
        "updated": "2022-03-10T18:26:25.556Z",
        "groups": [],
        "user_permissions": []
    }
},
{
    "model": "core.user",
    "pk": 79,
    "fields": {
        "password": "pbkdf2_sha256$320000$fycpDp9Pg6QVOg24EAmI8v$m0kSMQghTb7ZGQwoCVjy9C1bK8KUcZ+Gzf5xjvnVnS4=",
        "last_login": null,
        "is_superuser": false,
        "first_name": "",
        "last_name": "",
        "is_staff": false,
        "is_active": true,
        "date_joined": "2022-03-10T18:26:25.572Z",
        "username": "2023-2024-rep-u10-aa-subdivision@domain.com",
        "email": "2023-2024-rep-u10-aa-subdivision@domain.com",
        "inserted": "2022-03-10T18:26:25.572Z",
        "updated": "2022-03-10T18:26:25.572Z",
        "groups": [],
        "user_permissions": []
    }
},
{
    "model": "core.user",
    "pk": 80,
    "fields": {
        "password": "pbkdf2_sha256$320000$fycpDp9Pg6QVOg24EAmI8v$m0kSMQghTb7ZGQwoCVjy9C1bK8KUcZ+Gzf5xjvnVnS4=",
        "last_login": null,
        "is_superuser": false,
        "first_name": "",
        "last_name": "",
        "is_staff": false,
        "is_active": true,
        "date_joined": "2022-03-10T18:26:25.580Z",
        "username": "2023-2024-rep-u10-aa-graham-coach@domain.com",
        "email": "2023-2024-rep-u10-aa-graham-coach@domain.com",
        "inserted": "2022-03-10T18:26:25.580Z",
        "updated": "2022-03-10T18:26:25.580Z",
        "groups": [],
        "user_permissions": []
    }
},
{
    "model": "core.user",
    "pk": 81,
    "fields": {
        "password": "pbkdf2_sha256$320000$fycpDp9Pg6QVOg24EAmI8v$m0kSMQghTb7ZGQwoCVjy9C1bK8KUcZ+Gzf5xjvnVnS4=",
        "last_login": null,
        "is_superuser": false,
        "first_name": "",
        "last_name": "",
        "is_staff": false,
        "is_active": true,
        "date_joined": "2022-03-10T18:26:25.592Z",
        "username": "2023-2024-rep-u10-aa-graham-manager@domain.com",
        "email": "2023-2024-rep-u10-aa-graham-manager@domain.com",
        "inserted": "2022-03-10T18:26:25.593Z",
        "updated": "2022-03-10T18:26:25.593Z",
        "groups": [],
        "user_permissions": []
    }
},
{
    "model": "core.user",
    "pk": 82,
    "fields": {
        "password": "pbkdf2_sha256$320000$fycpDp9Pg6QVOg24EAmI8v$m0kSMQghTb7ZGQwoCVjy9C1bK8KUcZ+Gzf5xjvnVnS4=",
        "last_login": null,
        "is_superuser": false,
        "first_name": "",
        "last_name": "",
        "is_staff": false,
        "is_active": true,
        "date_joined": "2022-03-10T18:26:25.608Z",
        "username": "2023-2024-rep-u10-aa-henry-coach@domain.com",
        "email": "2023-2024-rep-u10-aa-henry-coach@domain.com",
        "inserted": "2022-03-10T18:26:25.609Z",
        "updated": "2022-03-10T18:26:25.609Z",
        "groups": [],
        "user_permissions": []
    }
},
{
    "model": "core.user",
    "pk": 83,
    "fields": {
        "password": "pbkdf2_sha256$320000$fycpDp9Pg6QVOg24EAmI8v$m0kSMQghTb7ZGQwoCVjy9C1bK8KUcZ+Gzf5xjvnVnS4=",
        "last_login": null,
        "is_superuser": false,
        "first_name": "",
        "last_name": "",
        "is_staff": false,
        "is_active": true,
        "date_joined": "2022-03-10T18:26:25.624Z",
        "username": "2023-2024-rep-u10-aa-henry-manager@domain.com",
        "email": "2023-2024-rep-u10-aa-henry-manager@domain.com",
        "inserted": "2022-03-10T18:26:25.624Z",
        "updated": "2022-03-10T18:26:25.624Z",
        "groups": [],
        "user_permissions": []
    }
},
{
    "model": "core.user",
    "pk": 84,
    "fields": {
        "password": "pbkdf2_sha256$320000$fycpDp9Pg6QVOg24EAmI8v$m0kSMQghTb7ZGQwoCVjy9C1bK8KUcZ+Gzf5xjvnVnS4=",
        "last_login": null,
        "is_superuser": false,
        "first_name": "",
        "last_name": "",
        "is_staff": false,
        "is_active": true,
        "date_joined": "2022-03-10T18:26:25.644Z",
        "username": "2023-2024-rep-u11-division@domain.com",
        "email": "2023-2024-rep-u11-division@domain.com",
        "inserted": "2022-03-10T18:26:25.645Z",
        "updated": "2022-03-10T18:26:25.645Z",
        "groups": [],
        "user_permissions": []
    }
},
{
    "model": "core.user",
    "pk": 85,
    "fields": {
        "password": "pbkdf2_sha256$320000$fycpDp9Pg6QVOg24EAmI8v$m0kSMQghTb7ZGQwoCVjy9C1bK8KUcZ+Gzf5xjvnVnS4=",
        "last_login": null,
        "is_superuser": false,
        "first_name": "",
        "last_name": "",
        "is_staff": false,
        "is_active": true,
        "date_joined": "2022-03-10T18:26:25.653Z",
        "username": "2023-2024-rep-u11-a-subdivision@domain.com",
        "email": "2023-2024-rep-u11-a-subdivision@domain.com",
        "inserted": "2022-03-10T18:26:25.653Z",
        "updated": "2022-03-10T18:26:25.653Z",
        "groups": [],
        "user_permissions": []
    }
},
{
    "model": "core.user",
    "pk": 86,
    "fields": {
        "password": "pbkdf2_sha256$320000$fycpDp9Pg6QVOg24EAmI8v$m0kSMQghTb7ZGQwoCVjy9C1bK8KUcZ+Gzf5xjvnVnS4=",
        "last_login": null,
        "is_superuser": false,
        "first_name": "",
        "last_name": "",
        "is_staff": false,
        "is_active": true,
        "date_joined": "2022-03-10T18:26:25.662Z",
        "username": "2023-2024-rep-u11-a-graham-coach@domain.com",
        "email": "2023-2024-rep-u11-a-graham-coach@domain.com",
        "inserted": "2022-03-10T18:26:25.663Z",
        "updated": "2022-03-10T18:26:25.663Z",
        "groups": [],
        "user_permissions": []
    }
},
{
    "model": "core.user",
    "pk": 87,
    "fields": {
        "password": "pbkdf2_sha256$320000$fycpDp9Pg6QVOg24EAmI8v$m0kSMQghTb7ZGQwoCVjy9C1bK8KUcZ+Gzf5xjvnVnS4=",
        "last_login": null,
        "is_superuser": false,
        "first_name": "",
        "last_name": "",
        "is_staff": false,
        "is_active": true,
        "date_joined": "2022-03-10T18:26:25.675Z",
        "username": "2023-2024-rep-u11-a-graham-manager@domain.com",
        "email": "2023-2024-rep-u11-a-graham-manager@domain.com",
        "inserted": "2022-03-10T18:26:25.675Z",
        "updated": "2022-03-10T18:26:25.675Z",
        "groups": [],
        "user_permissions": []
    }
},
{
    "model": "core.user",
    "pk": 88,
    "fields": {
        "password": "pbkdf2_sha256$320000$fycpDp9Pg6QVOg24EAmI8v$m0kSMQghTb7ZGQwoCVjy9C1bK8KUcZ+Gzf5xjvnVnS4=",
        "last_login": null,
        "is_superuser": false,
        "first_name": "",
        "last_name": "",
        "is_staff": false,
        "is_active": true,
        "date_joined": "2022-03-10T18:26:25.690Z",
        "username": "2023-2024-rep-u11-a-henry-coach@domain.com",
        "email": "2023-2024-rep-u11-a-henry-coach@domain.com",
        "inserted": "2022-03-10T18:26:25.691Z",
        "updated": "2022-03-10T18:26:25.691Z",
        "groups": [],
        "user_permissions": []
    }
},
{
    "model": "core.user",
    "pk": 89,
    "fields": {
        "password": "pbkdf2_sha256$320000$fycpDp9Pg6QVOg24EAmI8v$m0kSMQghTb7ZGQwoCVjy9C1bK8KUcZ+Gzf5xjvnVnS4=",
        "last_login": null,
        "is_superuser": false,
        "first_name": "",
        "last_name": "",
        "is_staff": false,
        "is_active": true,
        "date_joined": "2022-03-10T18:26:25.702Z",
        "username": "2023-2024-rep-u11-a-henry-manager@domain.com",
        "email": "2023-2024-rep-u11-a-henry-manager@domain.com",
        "inserted": "2022-03-10T18:26:25.703Z",
        "updated": "2022-03-10T18:26:25.703Z",
        "groups": [],
        "user_permissions": []
    }
},
{
    "model": "core.user",
    "pk": 90,
    "fields": {
        "password": "pbkdf2_sha256$320000$fycpDp9Pg6QVOg24EAmI8v$m0kSMQghTb7ZGQwoCVjy9C1bK8KUcZ+Gzf5xjvnVnS4=",
        "last_login": null,
        "is_superuser": false,
        "first_name": "",
        "last_name": "",
        "is_staff": false,
        "is_active": true,
        "date_joined": "2022-03-10T18:26:25.719Z",
        "username": "2023-2024-rep-u11-aa-subdivision@domain.com",
        "email": "2023-2024-rep-u11-aa-subdivision@domain.com",
        "inserted": "2022-03-10T18:26:25.720Z",
        "updated": "2022-03-10T18:26:25.720Z",
        "groups": [],
        "user_permissions": []
    }
},
{
    "model": "core.user",
    "pk": 91,
    "fields": {
        "password": "pbkdf2_sha256$320000$fycpDp9Pg6QVOg24EAmI8v$m0kSMQghTb7ZGQwoCVjy9C1bK8KUcZ+Gzf5xjvnVnS4=",
        "last_login": null,
        "is_superuser": false,
        "first_name": "",
        "last_name": "",
        "is_staff": false,
        "is_active": true,
        "date_joined": "2022-03-10T18:26:25.728Z",
        "username": "2023-2024-rep-u11-aa-graham-coach@domain.com",
        "email": "2023-2024-rep-u11-aa-graham-coach@domain.com",
        "inserted": "2022-03-10T18:26:25.728Z",
        "updated": "2022-03-10T18:26:25.728Z",
        "groups": [],
        "user_permissions": []
    }
},
{
    "model": "core.user",
    "pk": 92,
    "fields": {
        "password": "pbkdf2_sha256$320000$fycpDp9Pg6QVOg24EAmI8v$m0kSMQghTb7ZGQwoCVjy9C1bK8KUcZ+Gzf5xjvnVnS4=",
        "last_login": null,
        "is_superuser": false,
        "first_name": "",
        "last_name": "",
        "is_staff": false,
        "is_active": true,
        "date_joined": "2022-03-10T18:26:25.741Z",
        "username": "2023-2024-rep-u11-aa-graham-manager@domain.com",
        "email": "2023-2024-rep-u11-aa-graham-manager@domain.com",
        "inserted": "2022-03-10T18:26:25.741Z",
        "updated": "2022-03-10T18:26:25.741Z",
        "groups": [],
        "user_permissions": []
    }
},
{
    "model": "core.user",
    "pk": 93,
    "fields": {
        "password": "pbkdf2_sha256$320000$fycpDp9Pg6QVOg24EAmI8v$m0kSMQghTb7ZGQwoCVjy9C1bK8KUcZ+Gzf5xjvnVnS4=",
        "last_login": null,
        "is_superuser": false,
        "first_name": "",
        "last_name": "",
        "is_staff": false,
        "is_active": true,
        "date_joined": "2022-03-10T18:26:25.758Z",
        "username": "2023-2024-rep-u11-aa-henry-coach@domain.com",
        "email": "2023-2024-rep-u11-aa-henry-coach@domain.com",
        "inserted": "2022-03-10T18:26:25.758Z",
        "updated": "2022-03-10T18:26:25.758Z",
        "groups": [],
        "user_permissions": []
    }
},
{
    "model": "core.user",
    "pk": 94,
    "fields": {
        "password": "pbkdf2_sha256$320000$fycpDp9Pg6QVOg24EAmI8v$m0kSMQghTb7ZGQwoCVjy9C1bK8KUcZ+Gzf5xjvnVnS4=",
        "last_login": null,
        "is_superuser": false,
        "first_name": "",
        "last_name": "",
        "is_staff": false,
        "is_active": true,
        "date_joined": "2022-03-10T18:26:25.771Z",
        "username": "2023-2024-rep-u11-aa-henry-manager@domain.com",
        "email": "2023-2024-rep-u11-aa-henry-manager@domain.com",
        "inserted": "2022-03-10T18:26:25.771Z",
        "updated": "2022-03-10T18:26:25.771Z",
        "groups": [],
        "user_permissions": []
    }
},
{
    "model": "core.season",
    "pk": 1,
    "fields": {
        "old_sk_id": null,
        "inserted": "2022-03-10T18:26:24.479Z",
        "inserted_by": null,
        "updated": "2022-03-10T18:26:24.479Z",
        "updated_by": null,
        "hockey_canada_id": null,
        "hockey_canada_system_id": null,
        "name": "2022-2023",
        "start": "2022-09-01",
        "end": "2023-08-31",
        "mbs_id": 0,
        "gsi_id": 0
    }
},
{
    "model": "core.season",
    "pk": 2,
    "fields": {
        "old_sk_id": null,
        "inserted": "2022-03-10T18:26:25.157Z",
        "inserted_by": null,
        "updated": "2022-03-10T18:26:25.157Z",
        "updated_by": null,
        "hockey_canada_id": null,
        "hockey_canada_system_id": null,
        "name": "2023-2024",
        "start": "2023-09-01",
        "end": "2024-08-31",
        "mbs_id": 0,
        "gsi_id": 0
    }
},
{
    "model": "core.league",
    "pk": 1,
    "fields": {
        "old_sk_id": null,
        "inserted": "2022-03-10T18:26:24.488Z",
        "inserted_by": null,
        "updated": "2022-03-10T18:26:24.488Z",
        "updated_by": null,
        "hockey_canada_id": null,
        "hockey_canada_system_id": null,
        "season": 1,
        "name": "HL",
        "weight": 0
    }
},
{
    "model": "core.league",
    "pk": 2,
    "fields": {
        "old_sk_id": null,
        "inserted": "2022-03-10T18:26:24.828Z",
        "inserted_by": null,
        "updated": "2022-03-10T18:26:24.828Z",
        "updated_by": null,
        "hockey_canada_id": null,
        "hockey_canada_system_id": null,
        "season": 1,
        "name": "REP",
        "weight": 1
    }
},
{
    "model": "core.league",
    "pk": 3,
    "fields": {
        "old_sk_id": null,
        "inserted": "2022-03-10T18:26:25.164Z",
        "inserted_by": null,
        "updated": "2022-03-10T18:26:25.164Z",
        "updated_by": null,
        "hockey_canada_id": null,
        "hockey_canada_system_id": null,
        "season": 2,
        "name": "HL",
        "weight": 0
    }
},
{
    "model": "core.league",
    "pk": 4,
    "fields": {
        "old_sk_id": null,
        "inserted": "2022-03-10T18:26:25.476Z",
        "inserted_by": null,
        "updated": "2022-03-10T18:26:25.476Z",
        "updated_by": null,
        "hockey_canada_id": null,
        "hockey_canada_system_id": null,
        "season": 2,
        "name": "REP",
        "weight": 1
    }
},
{
    "model": "core.division",
    "pk": 1,
    "fields": {
        "old_sk_id": null,
        "inserted": "2022-03-10T18:26:24.500Z",
        "inserted_by": null,
        "updated": "2022-03-10T18:26:24.500Z",
        "updated_by": null,
        "hockey_canada_id": null,
        "hockey_canada_system_id": null,
        "season": 1,
        "league": 1,
        "name": "U10",
        "age_from": 0,
        "age_to": 0,
        "weight": 0,
        "player_rating_factor": 100,
        "assign_first_slot_as_goalie": true
    }
},
{
    "model": "core.division",
    "pk": 2,
    "fields": {
        "old_sk_id": null,
        "inserted": "2022-03-10T18:26:24.654Z",
        "inserted_by": null,
        "updated": "2022-03-10T18:26:24.654Z",
        "updated_by": null,
        "hockey_canada_id": null,
        "hockey_canada_system_id": null,
        "season": 1,
        "league": 1,
        "name": "U11",
        "age_from": 0,
        "age_to": 0,
        "weight": 1,
        "player_rating_factor": 100,
        "assign_first_slot_as_goalie": true
    }
},
{
    "model": "core.division",
    "pk": 3,
    "fields": {
        "old_sk_id": null,
        "inserted": "2022-03-10T18:26:24.838Z",
        "inserted_by": null,
        "updated": "2022-03-10T18:26:24.838Z",
        "updated_by": null,
        "hockey_canada_id": null,
        "hockey_canada_system_id": null,
        "season": 1,
        "league": 2,
        "name": "U10",
        "age_from": 0,
        "age_to": 0,
        "weight": 2,
        "player_rating_factor": 100,
        "assign_first_slot_as_goalie": true
    }
},
{
    "model": "core.division",
    "pk": 4,
    "fields": {
        "old_sk_id": null,
        "inserted": "2022-03-10T18:26:25.013Z",
        "inserted_by": null,
        "updated": "2022-03-10T18:26:25.013Z",
        "updated_by": null,
        "hockey_canada_id": null,
        "hockey_canada_system_id": null,
        "season": 1,
        "league": 2,
        "name": "U11",
        "age_from": 0,
        "age_to": 0,
        "weight": 3,
        "player_rating_factor": 100,
        "assign_first_slot_as_goalie": true
    }
},
{
    "model": "core.division",
    "pk": 5,
    "fields": {
        "old_sk_id": null,
        "inserted": "2022-03-10T18:26:25.172Z",
        "inserted_by": null,
        "updated": "2022-03-10T18:26:25.172Z",
        "updated_by": null,
        "hockey_canada_id": null,
        "hockey_canada_system_id": null,
        "season": 2,
        "league": 3,
        "name": "U10",
        "age_from": 0,
        "age_to": 0,
        "weight": 0,
        "player_rating_factor": 100,
        "assign_first_slot_as_goalie": true
    }
},
{
    "model": "core.division",
    "pk": 6,
    "fields": {
        "old_sk_id": null,
        "inserted": "2022-03-10T18:26:25.319Z",
        "inserted_by": null,
        "updated": "2022-03-10T18:26:25.319Z",
        "updated_by": null,
        "hockey_canada_id": null,
        "hockey_canada_system_id": null,
        "season": 2,
        "league": 3,
        "name": "U11",
        "age_from": 0,
        "age_to": 0,
        "weight": 1,
        "player_rating_factor": 100,
        "assign_first_slot_as_goalie": true
    }
},
{
    "model": "core.division",
    "pk": 7,
    "fields": {
        "old_sk_id": null,
        "inserted": "2022-03-10T18:26:25.486Z",
        "inserted_by": null,
        "updated": "2022-03-10T18:26:25.486Z",
        "updated_by": null,
        "hockey_canada_id": null,
        "hockey_canada_system_id": null,
        "season": 2,
        "league": 4,
        "name": "U10",
        "age_from": 0,
        "age_to": 0,
        "weight": 2,
        "player_rating_factor": 100,
        "assign_first_slot_as_goalie": true
    }
},
{
    "model": "core.division",
    "pk": 8,
    "fields": {
        "old_sk_id": null,
        "inserted": "2022-03-10T18:26:25.640Z",
        "inserted_by": null,
        "updated": "2022-03-10T18:26:25.640Z",
        "updated_by": null,
        "hockey_canada_id": null,
        "hockey_canada_system_id": null,
        "season": 2,
        "league": 4,
        "name": "U11",
        "age_from": 0,
        "age_to": 0,
        "weight": 3,
        "player_rating_factor": 100,
        "assign_first_slot_as_goalie": true
    }
},
{
    "model": "core.subdivision",
    "pk": 1,
    "fields": {
        "old_sk_id": null,
        "inserted": "2022-03-10T18:26:24.512Z",
        "inserted_by": null,
        "updated": "2022-03-10T18:26:24.512Z",
        "updated_by": null,
        "hockey_canada_id": null,
        "hockey_canada_system_id": null,
        "season": 1,
        "league": 1,
        "division": 1,
        "name": "Blue",
        "weight": 0,
        "body_checking": false,
        "player_rating_factor": 100,
        "default_number_of_teams": 4,
        "inactive": false
    }
},
{
    "model": "core.subdivision",
    "pk": 2,
    "fields": {
        "old_sk_id": null,
        "inserted": "2022-03-10T18:26:24.585Z",
        "inserted_by": null,
        "updated": "2022-03-10T18:26:24.585Z",
        "updated_by": null,
        "hockey_canada_id": null,
        "hockey_canada_system_id": null,
        "season": 1,
        "league": 1,
        "division": 1,
        "name": "White",
        "weight": 1,
        "body_checking": false,
        "player_rating_factor": 100,
        "default_number_of_teams": 4,
        "inactive": false
    }
},
{
    "model": "core.subdivision",
    "pk": 3,
    "fields": {
        "old_sk_id": null,
        "inserted": "2022-03-10T18:26:24.663Z",
        "inserted_by": null,
        "updated": "2022-03-10T18:26:24.663Z",
        "updated_by": null,
        "hockey_canada_id": null,
        "hockey_canada_system_id": null,
        "season": 1,
        "league": 1,
        "division": 2,
        "name": "Blue",
        "weight": 2,
        "body_checking": false,
        "player_rating_factor": 100,
        "default_number_of_teams": 4,
        "inactive": false
    }
},
{
    "model": "core.subdivision",
    "pk": 4,
    "fields": {
        "old_sk_id": null,
        "inserted": "2022-03-10T18:26:24.754Z",
        "inserted_by": null,
        "updated": "2022-03-10T18:26:24.754Z",
        "updated_by": null,
        "hockey_canada_id": null,
        "hockey_canada_system_id": null,
        "season": 1,
        "league": 1,
        "division": 2,
        "name": "White",
        "weight": 3,
        "body_checking": false,
        "player_rating_factor": 100,
        "default_number_of_teams": 4,
        "inactive": false
    }
},
{
    "model": "core.subdivision",
    "pk": 5,
    "fields": {
        "old_sk_id": null,
        "inserted": "2022-03-10T18:26:24.849Z",
        "inserted_by": null,
        "updated": "2022-03-10T18:26:24.849Z",
        "updated_by": null,
        "hockey_canada_id": null,
        "hockey_canada_system_id": null,
        "season": 1,
        "league": 2,
        "division": 3,
        "name": "A",
        "weight": 4,
        "body_checking": false,
        "player_rating_factor": 100,
        "default_number_of_teams": 4,
        "inactive": false
    }
},
{
    "model": "core.subdivision",
    "pk": 6,
    "fields": {
        "old_sk_id": null,
        "inserted": "2022-03-10T18:26:24.934Z",
        "inserted_by": null,
        "updated": "2022-03-10T18:26:24.934Z",
        "updated_by": null,
        "hockey_canada_id": null,
        "hockey_canada_system_id": null,
        "season": 1,
        "league": 2,
        "division": 3,
        "name": "AA",
        "weight": 5,
        "body_checking": false,
        "player_rating_factor": 100,
        "default_number_of_teams": 4,
        "inactive": false
    }
},
{
    "model": "core.subdivision",
    "pk": 7,
    "fields": {
        "old_sk_id": null,
        "inserted": "2022-03-10T18:26:25.024Z",
        "inserted_by": null,
        "updated": "2022-03-10T18:26:25.024Z",
        "updated_by": null,
        "hockey_canada_id": null,
        "hockey_canada_system_id": null,
        "season": 1,
        "league": 2,
        "division": 4,
        "name": "A",
        "weight": 6,
        "body_checking": false,
        "player_rating_factor": 100,
        "default_number_of_teams": 4,
        "inactive": false
    }
},
{
    "model": "core.subdivision",
    "pk": 8,
    "fields": {
        "old_sk_id": null,
        "inserted": "2022-03-10T18:26:25.092Z",
        "inserted_by": null,
        "updated": "2022-03-10T18:26:25.092Z",
        "updated_by": null,
        "hockey_canada_id": null,
        "hockey_canada_system_id": null,
        "season": 1,
        "league": 2,
        "division": 4,
        "name": "AA",
        "weight": 7,
        "body_checking": false,
        "player_rating_factor": 100,
        "default_number_of_teams": 4,
        "inactive": false
    }
},
{
    "model": "core.subdivision",
    "pk": 9,
    "fields": {
        "old_sk_id": null,
        "inserted": "2022-03-10T18:26:25.180Z",
        "inserted_by": null,
        "updated": "2022-03-10T18:26:25.180Z",
        "updated_by": null,
        "hockey_canada_id": null,
        "hockey_canada_system_id": null,
        "season": 2,
        "league": 3,
        "division": 5,
        "name": "Blue",
        "weight": 0,
        "body_checking": false,
        "player_rating_factor": 100,
        "default_number_of_teams": 4,
        "inactive": false
    }
},
{
    "model": "core.subdivision",
    "pk": 10,
    "fields": {
        "old_sk_id": null,
        "inserted": "2022-03-10T18:26:25.242Z",
        "inserted_by": null,
        "updated": "2022-03-10T18:26:25.242Z",
        "updated_by": null,
        "hockey_canada_id": null,
        "hockey_canada_system_id": null,
        "season": 2,
        "league": 3,
        "division": 5,
        "name": "White",
        "weight": 1,
        "body_checking": false,
        "player_rating_factor": 100,
        "default_number_of_teams": 4,
        "inactive": false
    }
},
{
    "model": "core.subdivision",
    "pk": 11,
    "fields": {
        "old_sk_id": null,
        "inserted": "2022-03-10T18:26:25.329Z",
        "inserted_by": null,
        "updated": "2022-03-10T18:26:25.329Z",
        "updated_by": null,
        "hockey_canada_id": null,
        "hockey_canada_system_id": null,
        "season": 2,
        "league": 3,
        "division": 6,
        "name": "Blue",
        "weight": 2,
        "body_checking": false,
        "player_rating_factor": 100,
        "default_number_of_teams": 4,
        "inactive": false
    }
},
{
    "model": "core.subdivision",
    "pk": 12,
    "fields": {
        "old_sk_id": null,
        "inserted": "2022-03-10T18:26:25.409Z",
        "inserted_by": null,
        "updated": "2022-03-10T18:26:25.409Z",
        "updated_by": null,
        "hockey_canada_id": null,
        "hockey_canada_system_id": null,
        "season": 2,
        "league": 3,
        "division": 6,
        "name": "White",
        "weight": 3,
        "body_checking": false,
        "player_rating_factor": 100,
        "default_number_of_teams": 4,
        "inactive": false
    }
},
{
    "model": "core.subdivision",
    "pk": 13,
    "fields": {
        "old_sk_id": null,
        "inserted": "2022-03-10T18:26:25.496Z",
        "inserted_by": null,
        "updated": "2022-03-10T18:26:25.496Z",
        "updated_by": null,
        "hockey_canada_id": null,
        "hockey_canada_system_id": null,
        "season": 2,
        "league": 4,
        "division": 7,
        "name": "A",
        "weight": 4,
        "body_checking": false,
        "player_rating_factor": 100,
        "default_number_of_teams": 4,
        "inactive": false
    }
},
{
    "model": "core.subdivision",
    "pk": 14,
    "fields": {
        "old_sk_id": null,
        "inserted": "2022-03-10T18:26:25.568Z",
        "inserted_by": null,
        "updated": "2022-03-10T18:26:25.568Z",
        "updated_by": null,
        "hockey_canada_id": null,
        "hockey_canada_system_id": null,
        "season": 2,
        "league": 4,
        "division": 7,
        "name": "AA",
        "weight": 5,
        "body_checking": false,
        "player_rating_factor": 100,
        "default_number_of_teams": 4,
        "inactive": false
    }
},
{
    "model": "core.subdivision",
    "pk": 15,
    "fields": {
        "old_sk_id": null,
        "inserted": "2022-03-10T18:26:25.650Z",
        "inserted_by": null,
        "updated": "2022-03-10T18:26:25.650Z",
        "updated_by": null,
        "hockey_canada_id": null,
        "hockey_canada_system_id": null,
        "season": 2,
        "league": 4,
        "division": 8,
        "name": "A",
        "weight": 6,
        "body_checking": false,
        "player_rating_factor": 100,
        "default_number_of_teams": 4,
        "inactive": false
    }
},
{
    "model": "core.subdivision",
    "pk": 16,
    "fields": {
        "old_sk_id": null,
        "inserted": "2022-03-10T18:26:25.716Z",
        "inserted_by": null,
        "updated": "2022-03-10T18:26:25.716Z",
        "updated_by": null,
        "hockey_canada_id": null,
        "hockey_canada_system_id": null,
        "season": 2,
        "league": 4,
        "division": 8,
        "name": "AA",
        "weight": 7,
        "body_checking": false,
        "player_rating_factor": 100,
        "default_number_of_teams": 4,
        "inactive": false
    }
}
]
