[
{
    "model": "core.user",
    "pk": 1,
    "fields": {
        "password": "pbkdf2_sha256$320000$SkXGMFTAge7D6JED3HuHk2$J1rjySexkM95PJZmRCPYPnl9ZW9SczD6OG6Ybxa0erw=",
        "last_login": null,
        "is_superuser": false,
        "first_name": "",
        "last_name": "",
        "is_staff": false,
        "is_active": true,
        "date_joined": "2022-03-09T23:15:30.735Z",
        "username": "2022-2023-admin@domain.com",
        "email": "2022-2023-admin@domain.com",
        "inserted": "2022-03-09T23:15:30.983Z",
        "updated": "2022-03-09T23:15:30.983Z",
        "groups": [],
        "user_permissions": []
    }
},
{
    "model": "core.user",
    "pk": 2,
    "fields": {
        "password": "pbkdf2_sha256$320000$n9d5e9PqJJDrAfMCXA2ieN$ofdfAN2j9Tfx7WGWXafQ8aRfbavB2g0mpWLSKvVpQtU=",
        "last_login": null,
        "is_superuser": false,
        "first_name": "",
        "last_name": "",
        "is_staff": false,
        "is_active": true,
        "date_joined": "2022-03-09T23:15:30.993Z",
        "username": "2022-2023-hl-vp@domain.com",
        "email": "2022-2023-hl-vp@domain.com",
        "inserted": "2022-03-09T23:15:31.241Z",
        "updated": "2022-03-09T23:15:31.241Z",
        "groups": [],
        "user_permissions": []
    }
},
{
    "model": "core.user",
    "pk": 3,
    "fields": {
        "password": "pbkdf2_sha256$320000$j6M4uTlhEhlvzQ9SVmMxYN$qZeU2ljCxCyKwS0jVxWeqPxa7kR4MRXZtY50GtbbPUQ=",
        "last_login": null,
        "is_superuser": false,
        "first_name": "",
        "last_name": "",
        "is_staff": false,
        "is_active": true,
        "date_joined": "2022-03-09T23:15:31.251Z",
        "username": "2022-2023-hl-u10-division@domain.com",
        "email": "2022-2023-hl-u10-division@domain.com",
        "inserted": "2022-03-09T23:15:31.499Z",
        "updated": "2022-03-09T23:15:31.499Z",
        "groups": [],
        "user_permissions": []
    }
},
{
    "model": "core.user",
    "pk": 4,
    "fields": {
        "password": "pbkdf2_sha256$320000$fpqDSnbaiqaCJG4KztAL3o$gXi36wpKSPPy1YjjEtzsdmSRZHFdKcyKK8FIlYp6vUY=",
        "last_login": null,
        "is_superuser": false,
        "first_name": "",
        "last_name": "",
        "is_staff": false,
        "is_active": true,
        "date_joined": "2022-03-09T23:15:31.510Z",
        "username": "2022-2023-hl-u10-blue-subdivision@domain.com",
        "email": "2022-2023-hl-u10-blue-subdivision@domain.com",
        "inserted": "2022-03-09T23:15:31.756Z",
        "updated": "2022-03-09T23:15:31.756Z",
        "groups": [],
        "user_permissions": []
    }
},
{
    "model": "core.user",
    "pk": 5,
    "fields": {
        "password": "pbkdf2_sha256$320000$9LZIUBYXMR4HOtEjt8JyV7$XkvnzU6oMSCWFhm3FYUGwuAprHpcFcPmtkpMmlPLAhg=",
        "last_login": null,
        "is_superuser": false,
        "first_name": "",
        "last_name": "",
        "is_staff": false,
        "is_active": true,
        "date_joined": "2022-03-09T23:15:31.767Z",
        "username": "2022-2023-hl-u10-blue-graham-coach@domain.com",
        "email": "2022-2023-hl-u10-blue-graham-coach@domain.com",
        "inserted": "2022-03-09T23:15:32.014Z",
        "updated": "2022-03-09T23:15:32.014Z",
        "groups": [],
        "user_permissions": []
    }
},
{
    "model": "core.user",
    "pk": 6,
    "fields": {
        "password": "pbkdf2_sha256$320000$wwVQ8QeL7BWAN1IPu4bgkO$7wjUQ3YqGkVnM7wfgyhuI53K4n+lhYSsezaa9dZLFso=",
        "last_login": null,
        "is_superuser": false,
        "first_name": "",
        "last_name": "",
        "is_staff": false,
        "is_active": true,
        "date_joined": "2022-03-09T23:15:32.025Z",
        "username": "2022-2023-hl-u10-blue-henry-coach@domain.com",
        "email": "2022-2023-hl-u10-blue-henry-coach@domain.com",
        "inserted": "2022-03-09T23:15:32.273Z",
        "updated": "2022-03-09T23:15:32.273Z",
        "groups": [],
        "user_permissions": []
    }
},
{
    "model": "core.user",
    "pk": 7,
    "fields": {
        "password": "pbkdf2_sha256$320000$T2GAppLegX9I7whMPpNFxj$VHiH5X22kga+3B8a3mK9vZOFPSJZDUG82nfb0Mq/NUM=",
        "last_login": null,
        "is_superuser": false,
        "first_name": "",
        "last_name": "",
        "is_staff": false,
        "is_active": true,
        "date_joined": "2022-03-09T23:15:32.284Z",
        "username": "2022-2023-hl-u10-white-subdivision@domain.com",
        "email": "2022-2023-hl-u10-white-subdivision@domain.com",
        "inserted": "2022-03-09T23:15:32.550Z",
        "updated": "2022-03-09T23:15:32.550Z",
        "groups": [],
        "user_permissions": []
    }
},
{
    "model": "core.user",
    "pk": 8,
    "fields": {
        "password": "pbkdf2_sha256$320000$hH4IA4UVrQ0lXl4VDawK1p$7l76BeCsC5rkt27TeVoQdwpo8kdvEKiQhJjZqqXzKDo=",
        "last_login": null,
        "is_superuser": false,
        "first_name": "",
        "last_name": "",
        "is_staff": false,
        "is_active": true,
        "date_joined": "2022-03-09T23:15:32.560Z",
        "username": "2022-2023-hl-u10-white-graham-coach@domain.com",
        "email": "2022-2023-hl-u10-white-graham-coach@domain.com",
        "inserted": "2022-03-09T23:15:32.810Z",
        "updated": "2022-03-09T23:15:32.810Z",
        "groups": [],
        "user_permissions": []
    }
},
{
    "model": "core.user",
    "pk": 9,
    "fields": {
        "password": "pbkdf2_sha256$320000$JzfXllqH55bfkFArUujJ8B$OEDP8B16clvtaKljsgVmx7zStBboD97NjPvTYIaSF30=",
        "last_login": null,
        "is_superuser": false,
        "first_name": "",
        "last_name": "",
        "is_staff": false,
        "is_active": true,
        "date_joined": "2022-03-09T23:15:32.819Z",
        "username": "2022-2023-hl-u10-white-henry-coach@domain.com",
        "email": "2022-2023-hl-u10-white-henry-coach@domain.com",
        "inserted": "2022-03-09T23:15:33.064Z",
        "updated": "2022-03-09T23:15:33.064Z",
        "groups": [],
        "user_permissions": []
    }
},
{
    "model": "core.user",
    "pk": 10,
    "fields": {
        "password": "pbkdf2_sha256$320000$CGbnE6LmEIdbMCCrz6esBV$O2IVHcSAim6zFhFCA4z9lQpQYa1MYnNawXEXdm5biEc=",
        "last_login": null,
        "is_superuser": false,
        "first_name": "",
        "last_name": "",
        "is_staff": false,
        "is_active": true,
        "date_joined": "2022-03-09T23:15:33.072Z",
        "username": "2022-2023-hl-u11-division@domain.com",
        "email": "2022-2023-hl-u11-division@domain.com",
        "inserted": "2022-03-09T23:15:33.320Z",
        "updated": "2022-03-09T23:15:33.320Z",
        "groups": [],
        "user_permissions": []
    }
},
{
    "model": "core.user",
    "pk": 11,
    "fields": {
        "password": "pbkdf2_sha256$320000$NfRFg9Cu8EFsU9gRgSJ1CQ$nA5WC1/ki//vBuJbowbHroboSJU+pXsjG1XhD7FMA6I=",
        "last_login": null,
        "is_superuser": false,
        "first_name": "",
        "last_name": "",
        "is_staff": false,
        "is_active": true,
        "date_joined": "2022-03-09T23:15:33.330Z",
        "username": "2022-2023-hl-u11-blue-subdivision@domain.com",
        "email": "2022-2023-hl-u11-blue-subdivision@domain.com",
        "inserted": "2022-03-09T23:15:33.577Z",
        "updated": "2022-03-09T23:15:33.577Z",
        "groups": [],
        "user_permissions": []
    }
},
{
    "model": "core.user",
    "pk": 12,
    "fields": {
        "password": "pbkdf2_sha256$320000$cCNdfEYSoqX6PppnyAf9Fk$8Wu4a6z0ZHiEXoY86a9qgA9b0IHP40Qb4vquDDn9l8M=",
        "last_login": null,
        "is_superuser": false,
        "first_name": "",
        "last_name": "",
        "is_staff": false,
        "is_active": true,
        "date_joined": "2022-03-09T23:15:33.587Z",
        "username": "2022-2023-hl-u11-blue-graham-coach@domain.com",
        "email": "2022-2023-hl-u11-blue-graham-coach@domain.com",
        "inserted": "2022-03-09T23:15:33.838Z",
        "updated": "2022-03-09T23:15:33.838Z",
        "groups": [],
        "user_permissions": []
    }
},
{
    "model": "core.user",
    "pk": 13,
    "fields": {
        "password": "pbkdf2_sha256$320000$EyPjpNdi69D6nQbtxE4U2o$1rO3OcBkSawRY8anoLsaAffwrXWJzHnlWk6FRRtv3U0=",
        "last_login": null,
        "is_superuser": false,
        "first_name": "",
        "last_name": "",
        "is_staff": false,
        "is_active": true,
        "date_joined": "2022-03-09T23:15:33.847Z",
        "username": "2022-2023-hl-u11-blue-henry-coach@domain.com",
        "email": "2022-2023-hl-u11-blue-henry-coach@domain.com",
        "inserted": "2022-03-09T23:15:34.099Z",
        "updated": "2022-03-09T23:15:34.099Z",
        "groups": [],
        "user_permissions": []
    }
},
{
    "model": "core.user",
    "pk": 14,
    "fields": {
        "password": "pbkdf2_sha256$320000$HomL7VaAQzHISvmKN36mXe$kvjD7hjg+rGueCaH90S3BtQpCI9IEdIEXSmrgWRGKvI=",
        "last_login": null,
        "is_superuser": false,
        "first_name": "",
        "last_name": "",
        "is_staff": false,
        "is_active": true,
        "date_joined": "2022-03-09T23:15:34.108Z",
        "username": "2022-2023-hl-u11-white-subdivision@domain.com",
        "email": "2022-2023-hl-u11-white-subdivision@domain.com",
        "inserted": "2022-03-09T23:15:34.356Z",
        "updated": "2022-03-09T23:15:34.356Z",
        "groups": [],
        "user_permissions": []
    }
},
{
    "model": "core.user",
    "pk": 15,
    "fields": {
        "password": "pbkdf2_sha256$320000$CW3W2hkFfPtS8wSqRrBpUE$MtdiX5Lo3jQ8XEpcOduEDB3244Nkz0qTbYoEgyOhZ2M=",
        "last_login": null,
        "is_superuser": false,
        "first_name": "",
        "last_name": "",
        "is_staff": false,
        "is_active": true,
        "date_joined": "2022-03-09T23:15:34.365Z",
        "username": "2022-2023-hl-u11-white-graham-coach@domain.com",
        "email": "2022-2023-hl-u11-white-graham-coach@domain.com",
        "inserted": "2022-03-09T23:15:34.615Z",
        "updated": "2022-03-09T23:15:34.615Z",
        "groups": [],
        "user_permissions": []
    }
},
{
    "model": "core.user",
    "pk": 16,
    "fields": {
        "password": "pbkdf2_sha256$320000$CUt1Zo8IjrleQYqx5CEGss$7O/qhp9gTqrY7Y7xkC7pr4q3k3oPs0ki7c5P3fMrb58=",
        "last_login": null,
        "is_superuser": false,
        "first_name": "",
        "last_name": "",
        "is_staff": false,
        "is_active": true,
        "date_joined": "2022-03-09T23:15:34.625Z",
        "username": "2022-2023-hl-u11-white-henry-coach@domain.com",
        "email": "2022-2023-hl-u11-white-henry-coach@domain.com",
        "inserted": "2022-03-09T23:15:34.875Z",
        "updated": "2022-03-09T23:15:34.875Z",
        "groups": [],
        "user_permissions": []
    }
},
{
    "model": "core.user",
    "pk": 17,
    "fields": {
        "password": "pbkdf2_sha256$320000$TmHm9bTCcQA76FNHpWr0fE$oseGBaNyQaXJrYxoyzCgmLmH3zlErAvbPRjq+BJ9Kkk=",
        "last_login": null,
        "is_superuser": false,
        "first_name": "",
        "last_name": "",
        "is_staff": false,
        "is_active": true,
        "date_joined": "2022-03-09T23:15:34.884Z",
        "username": "2022-2023-rep-vp@domain.com",
        "email": "2022-2023-rep-vp@domain.com",
        "inserted": "2022-03-09T23:15:35.129Z",
        "updated": "2022-03-09T23:15:35.129Z",
        "groups": [],
        "user_permissions": []
    }
},
{
    "model": "core.user",
    "pk": 18,
    "fields": {
        "password": "pbkdf2_sha256$320000$WnkvbF09eplv0QRoRlhw4f$7Hv5ykrn2x7c6HJQPFvWZeOZbWAoHm9bhqGMLsQmgsQ=",
        "last_login": null,
        "is_superuser": false,
        "first_name": "",
        "last_name": "",
        "is_staff": false,
        "is_active": true,
        "date_joined": "2022-03-09T23:15:35.138Z",
        "username": "2022-2023-rep-u10-division@domain.com",
        "email": "2022-2023-rep-u10-division@domain.com",
        "inserted": "2022-03-09T23:15:35.386Z",
        "updated": "2022-03-09T23:15:35.386Z",
        "groups": [],
        "user_permissions": []
    }
},
{
    "model": "core.user",
    "pk": 19,
    "fields": {
        "password": "pbkdf2_sha256$320000$VqlRFFRAyEyU4O1ycERMsX$hEtQ4Z3+kJKr9ECnDn0aEr74OMhFsRyHmoc0igzHAgY=",
        "last_login": null,
        "is_superuser": false,
        "first_name": "",
        "last_name": "",
        "is_staff": false,
        "is_active": true,
        "date_joined": "2022-03-09T23:15:35.395Z",
        "username": "2022-2023-rep-u10-a-subdivision@domain.com",
        "email": "2022-2023-rep-u10-a-subdivision@domain.com",
        "inserted": "2022-03-09T23:15:35.657Z",
        "updated": "2022-03-09T23:15:35.657Z",
        "groups": [],
        "user_permissions": []
    }
},
{
    "model": "core.user",
    "pk": 20,
    "fields": {
        "password": "pbkdf2_sha256$320000$n8RhUTpXerwW6AHaogZQeh$uzZn0gP4LHimV6ykJrQ7JA1Kb2A5AJjcLPSo6JcleZg=",
        "last_login": null,
        "is_superuser": false,
        "first_name": "",
        "last_name": "",
        "is_staff": false,
        "is_active": true,
        "date_joined": "2022-03-09T23:15:35.666Z",
        "username": "2022-2023-rep-u10-a-graham-coach@domain.com",
        "email": "2022-2023-rep-u10-a-graham-coach@domain.com",
        "inserted": "2022-03-09T23:15:35.927Z",
        "updated": "2022-03-09T23:15:35.927Z",
        "groups": [],
        "user_permissions": []
    }
},
{
    "model": "core.user",
    "pk": 21,
    "fields": {
        "password": "pbkdf2_sha256$320000$tQSm8lAbkXvpl5sK8IwffN$sE4mIrpTMPQtxBlmMNXY5ECvDEhqTonXg7WiAxZ+QCA=",
        "last_login": null,
        "is_superuser": false,
        "first_name": "",
        "last_name": "",
        "is_staff": false,
        "is_active": true,
        "date_joined": "2022-03-09T23:15:35.937Z",
        "username": "2022-2023-rep-u10-a-henry-coach@domain.com",
        "email": "2022-2023-rep-u10-a-henry-coach@domain.com",
        "inserted": "2022-03-09T23:15:36.192Z",
        "updated": "2022-03-09T23:15:36.192Z",
        "groups": [],
        "user_permissions": []
    }
},
{
    "model": "core.user",
    "pk": 22,
    "fields": {
        "password": "pbkdf2_sha256$320000$T7uqUCnMJTN5PTZYawDxE5$iByO6+7FXtyL+2RSSQB5v05xc2Qot+BDWbvfMEwS/+0=",
        "last_login": null,
        "is_superuser": false,
        "first_name": "",
        "last_name": "",
        "is_staff": false,
        "is_active": true,
        "date_joined": "2022-03-09T23:15:36.200Z",
        "username": "2022-2023-rep-u10-aa-subdivision@domain.com",
        "email": "2022-2023-rep-u10-aa-subdivision@domain.com",
        "inserted": "2022-03-09T23:15:36.448Z",
        "updated": "2022-03-09T23:15:36.448Z",
        "groups": [],
        "user_permissions": []
    }
},
{
    "model": "core.user",
    "pk": 23,
    "fields": {
        "password": "pbkdf2_sha256$320000$bHmtxjbrjUT85oesenCLoK$NBf2ZPYLOewr/dqn7fiPlk51SRGjRBf+AsKjJQ7OWq8=",
        "last_login": null,
        "is_superuser": false,
        "first_name": "",
        "last_name": "",
        "is_staff": false,
        "is_active": true,
        "date_joined": "2022-03-09T23:15:36.456Z",
        "username": "2022-2023-rep-u10-aa-graham-coach@domain.com",
        "email": "2022-2023-rep-u10-aa-graham-coach@domain.com",
        "inserted": "2022-03-09T23:15:36.708Z",
        "updated": "2022-03-09T23:15:36.708Z",
        "groups": [],
        "user_permissions": []
    }
},
{
    "model": "core.user",
    "pk": 24,
    "fields": {
        "password": "pbkdf2_sha256$320000$A6t2BGtDjjJyV9LlcBazRB$jTmiPIBz5nsa03Dmo0TPmWa11SSgtOFExyO/HehVVS0=",
        "last_login": null,
        "is_superuser": false,
        "first_name": "",
        "last_name": "",
        "is_staff": false,
        "is_active": true,
        "date_joined": "2022-03-09T23:15:36.718Z",
        "username": "2022-2023-rep-u10-aa-henry-coach@domain.com",
        "email": "2022-2023-rep-u10-aa-henry-coach@domain.com",
        "inserted": "2022-03-09T23:15:36.976Z",
        "updated": "2022-03-09T23:15:36.976Z",
        "groups": [],
        "user_permissions": []
    }
},
{
    "model": "core.user",
    "pk": 25,
    "fields": {
        "password": "pbkdf2_sha256$320000$3HmXnh4PPWDexkzwrX9moy$Xc+yP2B2Co0OZ7s6krp/uNHrVRaodmDp2kO8Xg6Zuu8=",
        "last_login": null,
        "is_superuser": false,
        "first_name": "",
        "last_name": "",
        "is_staff": false,
        "is_active": true,
        "date_joined": "2022-03-09T23:15:36.984Z",
        "username": "2022-2023-rep-u11-division@domain.com",
        "email": "2022-2023-rep-u11-division@domain.com",
        "inserted": "2022-03-09T23:15:37.233Z",
        "updated": "2022-03-09T23:15:37.233Z",
        "groups": [],
        "user_permissions": []
    }
},
{
    "model": "core.user",
    "pk": 26,
    "fields": {
        "password": "pbkdf2_sha256$320000$Auh646n6N3CSaXWTp6gmzA$lQv9IIVHUCVL7eVm8QEkgRUDNiDA1CYDAuMbl4nCBNw=",
        "last_login": null,
        "is_superuser": false,
        "first_name": "",
        "last_name": "",
        "is_staff": false,
        "is_active": true,
        "date_joined": "2022-03-09T23:15:37.241Z",
        "username": "2022-2023-rep-u11-a-subdivision@domain.com",
        "email": "2022-2023-rep-u11-a-subdivision@domain.com",
        "inserted": "2022-03-09T23:15:37.494Z",
        "updated": "2022-03-09T23:15:37.494Z",
        "groups": [],
        "user_permissions": []
    }
},
{
    "model": "core.user",
    "pk": 27,
    "fields": {
        "password": "pbkdf2_sha256$320000$OQ710An5FNVAOnvAb2nPwo$Cr2Wp3DyFjUoHn4QWDcHcl51gwqjUTg22CVAu45C5SQ=",
        "last_login": null,
        "is_superuser": false,
        "first_name": "",
        "last_name": "",
        "is_staff": false,
        "is_active": true,
        "date_joined": "2022-03-09T23:15:37.503Z",
        "username": "2022-2023-rep-u11-a-graham-coach@domain.com",
        "email": "2022-2023-rep-u11-a-graham-coach@domain.com",
        "inserted": "2022-03-09T23:15:37.752Z",
        "updated": "2022-03-09T23:15:37.752Z",
        "groups": [],
        "user_permissions": []
    }
},
{
    "model": "core.user",
    "pk": 28,
    "fields": {
        "password": "pbkdf2_sha256$320000$N3DlFlEAKrYGpyHvctk32B$OWrfCBxg76SbCjh+0ChNaIKR0K/fwXGRsBGdLAnR1HY=",
        "last_login": null,
        "is_superuser": false,
        "first_name": "",
        "last_name": "",
        "is_staff": false,
        "is_active": true,
        "date_joined": "2022-03-09T23:15:37.760Z",
        "username": "2022-2023-rep-u11-a-henry-coach@domain.com",
        "email": "2022-2023-rep-u11-a-henry-coach@domain.com",
        "inserted": "2022-03-09T23:15:38.008Z",
        "updated": "2022-03-09T23:15:38.008Z",
        "groups": [],
        "user_permissions": []
    }
},
{
    "model": "core.user",
    "pk": 29,
    "fields": {
        "password": "pbkdf2_sha256$320000$3q896r49rTkKWPZKi11JwA$o+BdQx7SMfeipHTpdsdCkeBzwOM7aaTrmM+Nm03eIRw=",
        "last_login": null,
        "is_superuser": false,
        "first_name": "",
        "last_name": "",
        "is_staff": false,
        "is_active": true,
        "date_joined": "2022-03-09T23:15:38.016Z",
        "username": "2022-2023-rep-u11-aa-subdivision@domain.com",
        "email": "2022-2023-rep-u11-aa-subdivision@domain.com",
        "inserted": "2022-03-09T23:15:38.259Z",
        "updated": "2022-03-09T23:15:38.259Z",
        "groups": [],
        "user_permissions": []
    }
},
{
    "model": "core.user",
    "pk": 30,
    "fields": {
        "password": "pbkdf2_sha256$320000$wVAVjOQTVq1VJb39WjXV6x$9q+WMiMyvT2GffBjuFtg0hVyxst+KzrdNsI3eZfU0pw=",
        "last_login": null,
        "is_superuser": false,
        "first_name": "",
        "last_name": "",
        "is_staff": false,
        "is_active": true,
        "date_joined": "2022-03-09T23:15:38.268Z",
        "username": "2022-2023-rep-u11-aa-graham-coach@domain.com",
        "email": "2022-2023-rep-u11-aa-graham-coach@domain.com",
        "inserted": "2022-03-09T23:15:38.514Z",
        "updated": "2022-03-09T23:15:38.514Z",
        "groups": [],
        "user_permissions": []
    }
},
{
    "model": "core.user",
    "pk": 31,
    "fields": {
        "password": "pbkdf2_sha256$320000$88LXQ48VI3N88zgUHAjI87$2CCS01GKFm7mOmXu0Tsz8Ls1I9jHb4FDjXoRMz1Y/EA=",
        "last_login": null,
        "is_superuser": false,
        "first_name": "",
        "last_name": "",
        "is_staff": false,
        "is_active": true,
        "date_joined": "2022-03-09T23:15:38.523Z",
        "username": "2022-2023-rep-u11-aa-henry-coach@domain.com",
        "email": "2022-2023-rep-u11-aa-henry-coach@domain.com",
        "inserted": "2022-03-09T23:15:38.784Z",
        "updated": "2022-03-09T23:15:38.784Z",
        "groups": [],
        "user_permissions": []
    }
},
{
    "model": "core.user",
    "pk": 32,
    "fields": {
        "password": "pbkdf2_sha256$320000$zRayEftkjyLnDz3WQaKFYl$eDlatWI8OsytHNFoqFrUXTBT717toBz/KWFfEZukU7o=",
        "last_login": null,
        "is_superuser": false,
        "first_name": "",
        "last_name": "",
        "is_staff": false,
        "is_active": true,
        "date_joined": "2022-03-09T23:15:38.792Z",
        "username": "2023-2024-admin@domain.com",
        "email": "2023-2024-admin@domain.com",
        "inserted": "2022-03-09T23:15:39.049Z",
        "updated": "2022-03-09T23:15:39.049Z",
        "groups": [],
        "user_permissions": []
    }
},
{
    "model": "core.user",
    "pk": 33,
    "fields": {
        "password": "pbkdf2_sha256$320000$UhQSAV2vHXSEJ96ZBwkCMA$SUb5DoXVGzmIUlbDf17YPtlR2iZE0Tj4BtMn8DWEGqY=",
        "last_login": null,
        "is_superuser": false,
        "first_name": "",
        "last_name": "",
        "is_staff": false,
        "is_active": true,
        "date_joined": "2022-03-09T23:15:39.058Z",
        "username": "2023-2024-hl-vp@domain.com",
        "email": "2023-2024-hl-vp@domain.com",
        "inserted": "2022-03-09T23:15:39.319Z",
        "updated": "2022-03-09T23:15:39.319Z",
        "groups": [],
        "user_permissions": []
    }
},
{
    "model": "core.user",
    "pk": 34,
    "fields": {
        "password": "pbkdf2_sha256$320000$nYcHADPAZr2dhvvJIt6Mhl$ThWsSZic6iO2nF2/OIDo3FwBFB0Pel8uqziswUVEov8=",
        "last_login": null,
        "is_superuser": false,
        "first_name": "",
        "last_name": "",
        "is_staff": false,
        "is_active": true,
        "date_joined": "2022-03-09T23:15:39.328Z",
        "username": "2023-2024-hl-u10-division@domain.com",
        "email": "2023-2024-hl-u10-division@domain.com",
        "inserted": "2022-03-09T23:15:39.577Z",
        "updated": "2022-03-09T23:15:39.577Z",
        "groups": [],
        "user_permissions": []
    }
},
{
    "model": "core.user",
    "pk": 35,
    "fields": {
        "password": "pbkdf2_sha256$320000$0mRKwL0X4iuNLGHOqYirSQ$nOnXjj+CGYuFvzJXi+IFt/CMs0vJH56LCBj+ryHWTRg=",
        "last_login": null,
        "is_superuser": false,
        "first_name": "",
        "last_name": "",
        "is_staff": false,
        "is_active": true,
        "date_joined": "2022-03-09T23:15:39.585Z",
        "username": "2023-2024-hl-u10-blue-subdivision@domain.com",
        "email": "2023-2024-hl-u10-blue-subdivision@domain.com",
        "inserted": "2022-03-09T23:15:39.840Z",
        "updated": "2022-03-09T23:15:39.840Z",
        "groups": [],
        "user_permissions": []
    }
},
{
    "model": "core.user",
    "pk": 36,
    "fields": {
        "password": "pbkdf2_sha256$320000$aoya5QFwpXMokzQNXJe0fo$zMaEPcvvj/uJyp3MhvuyUY3wGC3qV8d2Aq3WNe6avWY=",
        "last_login": null,
        "is_superuser": false,
        "first_name": "",
        "last_name": "",
        "is_staff": false,
        "is_active": true,
        "date_joined": "2022-03-09T23:15:39.849Z",
        "username": "2023-2024-hl-u10-blue-graham-coach@domain.com",
        "email": "2023-2024-hl-u10-blue-graham-coach@domain.com",
        "inserted": "2022-03-09T23:15:40.102Z",
        "updated": "2022-03-09T23:15:40.102Z",
        "groups": [],
        "user_permissions": []
    }
},
{
    "model": "core.user",
    "pk": 37,
    "fields": {
        "password": "pbkdf2_sha256$320000$uOmDfOtTN3AzXhlT0vx0gB$Nu6vM/xVK/HGM4Gv4OEA2tjFYlY16/0X68dznwvkhRQ=",
        "last_login": null,
        "is_superuser": false,
        "first_name": "",
        "last_name": "",
        "is_staff": false,
        "is_active": true,
        "date_joined": "2022-03-09T23:15:40.112Z",
        "username": "2023-2024-hl-u10-blue-henry-coach@domain.com",
        "email": "2023-2024-hl-u10-blue-henry-coach@domain.com",
        "inserted": "2022-03-09T23:15:40.370Z",
        "updated": "2022-03-09T23:15:40.370Z",
        "groups": [],
        "user_permissions": []
    }
},
{
    "model": "core.user",
    "pk": 38,
    "fields": {
        "password": "pbkdf2_sha256$320000$mdjOABKVe2qVqHILw3zm2Z$icawlw3pZb5uUMYZKN6MYOamNITTd6hpJyXCuFnLcaQ=",
        "last_login": null,
        "is_superuser": false,
        "first_name": "",
        "last_name": "",
        "is_staff": false,
        "is_active": true,
        "date_joined": "2022-03-09T23:15:40.379Z",
        "username": "2023-2024-hl-u10-white-subdivision@domain.com",
        "email": "2023-2024-hl-u10-white-subdivision@domain.com",
        "inserted": "2022-03-09T23:15:40.639Z",
        "updated": "2022-03-09T23:15:40.639Z",
        "groups": [],
        "user_permissions": []
    }
},
{
    "model": "core.user",
    "pk": 39,
    "fields": {
        "password": "pbkdf2_sha256$320000$EO5ntnO9R21xHDkc05mDyj$ZBO0xARW22yaiv4deae229xUwW9zDZWv9acIBU3SNSc=",
        "last_login": null,
        "is_superuser": false,
        "first_name": "",
        "last_name": "",
        "is_staff": false,
        "is_active": true,
        "date_joined": "2022-03-09T23:15:40.648Z",
        "username": "2023-2024-hl-u10-white-graham-coach@domain.com",
        "email": "2023-2024-hl-u10-white-graham-coach@domain.com",
        "inserted": "2022-03-09T23:15:40.907Z",
        "updated": "2022-03-09T23:15:40.907Z",
        "groups": [],
        "user_permissions": []
    }
},
{
    "model": "core.user",
    "pk": 40,
    "fields": {
        "password": "pbkdf2_sha256$320000$JVbmZynKKckL4HCSKL2bIS$uyqbcIVOJRsBKY6HZmvtQLaj1+UTXJ+4N60I36obinU=",
        "last_login": null,
        "is_superuser": false,
        "first_name": "",
        "last_name": "",
        "is_staff": false,
        "is_active": true,
        "date_joined": "2022-03-09T23:15:40.916Z",
        "username": "2023-2024-hl-u10-white-henry-coach@domain.com",
        "email": "2023-2024-hl-u10-white-henry-coach@domain.com",
        "inserted": "2022-03-09T23:15:41.165Z",
        "updated": "2022-03-09T23:15:41.165Z",
        "groups": [],
        "user_permissions": []
    }
},
{
    "model": "core.user",
    "pk": 41,
    "fields": {
        "password": "pbkdf2_sha256$320000$7MYk6tjLD6U9QnmiIstbx0$A7ElC6T88UeIRTPCYK0VtAoJ+GMDdiI4KcKaAlwvYyY=",
        "last_login": null,
        "is_superuser": false,
        "first_name": "",
        "last_name": "",
        "is_staff": false,
        "is_active": true,
        "date_joined": "2022-03-09T23:15:41.174Z",
        "username": "2023-2024-hl-u11-division@domain.com",
        "email": "2023-2024-hl-u11-division@domain.com",
        "inserted": "2022-03-09T23:15:41.417Z",
        "updated": "2022-03-09T23:15:41.417Z",
        "groups": [],
        "user_permissions": []
    }
},
{
    "model": "core.user",
    "pk": 42,
    "fields": {
        "password": "pbkdf2_sha256$320000$HgfGcsA25Aw6DAa69onEGt$9QT79/qpnwkY8udX8xQcR2zo2ofUQhyiy0LW67PDZZc=",
        "last_login": null,
        "is_superuser": false,
        "first_name": "",
        "last_name": "",
        "is_staff": false,
        "is_active": true,
        "date_joined": "2022-03-09T23:15:41.427Z",
        "username": "2023-2024-hl-u11-blue-subdivision@domain.com",
        "email": "2023-2024-hl-u11-blue-subdivision@domain.com",
        "inserted": "2022-03-09T23:15:41.673Z",
        "updated": "2022-03-09T23:15:41.673Z",
        "groups": [],
        "user_permissions": []
    }
},
{
    "model": "core.user",
    "pk": 43,
    "fields": {
        "password": "pbkdf2_sha256$320000$XldyVJ10IanfjzQdhScamz$HBD/osNfmzbKOFrax+2rnJBsVWzpEqoUsWIlVHLkqtc=",
        "last_login": null,
        "is_superuser": false,
        "first_name": "",
        "last_name": "",
        "is_staff": false,
        "is_active": true,
        "date_joined": "2022-03-09T23:15:41.683Z",
        "username": "2023-2024-hl-u11-blue-graham-coach@domain.com",
        "email": "2023-2024-hl-u11-blue-graham-coach@domain.com",
        "inserted": "2022-03-09T23:15:41.926Z",
        "updated": "2022-03-09T23:15:41.926Z",
        "groups": [],
        "user_permissions": []
    }
},
{
    "model": "core.user",
    "pk": 44,
    "fields": {
        "password": "pbkdf2_sha256$320000$VcG2oShH9I9I3gPN2DI4Xq$Db6lR7n8bn9nQXmk9pmHnt+QT/XHqGHM1/RdGojaGbU=",
        "last_login": null,
        "is_superuser": false,
        "first_name": "",
        "last_name": "",
        "is_staff": false,
        "is_active": true,
        "date_joined": "2022-03-09T23:15:41.935Z",
        "username": "2023-2024-hl-u11-blue-henry-coach@domain.com",
        "email": "2023-2024-hl-u11-blue-henry-coach@domain.com",
        "inserted": "2022-03-09T23:15:42.182Z",
        "updated": "2022-03-09T23:15:42.182Z",
        "groups": [],
        "user_permissions": []
    }
},
{
    "model": "core.user",
    "pk": 45,
    "fields": {
        "password": "pbkdf2_sha256$320000$yFlWAvfbr6vp24j1hOVbI1$SpFHDs+mwwaMy3MHxN/knMKMD3Oer9FOS3UBdcK0C34=",
        "last_login": null,
        "is_superuser": false,
        "first_name": "",
        "last_name": "",
        "is_staff": false,
        "is_active": true,
        "date_joined": "2022-03-09T23:15:42.190Z",
        "username": "2023-2024-hl-u11-white-subdivision@domain.com",
        "email": "2023-2024-hl-u11-white-subdivision@domain.com",
        "inserted": "2022-03-09T23:15:42.442Z",
        "updated": "2022-03-09T23:15:42.442Z",
        "groups": [],
        "user_permissions": []
    }
},
{
    "model": "core.user",
    "pk": 46,
    "fields": {
        "password": "pbkdf2_sha256$320000$E1xIJTSnmNkYInEuPYBasl$YrB4tkjtvKI2bjCfG6pppvSVliadGJL7WT36IBr/plY=",
        "last_login": null,
        "is_superuser": false,
        "first_name": "",
        "last_name": "",
        "is_staff": false,
        "is_active": true,
        "date_joined": "2022-03-09T23:15:42.452Z",
        "username": "2023-2024-hl-u11-white-graham-coach@domain.com",
        "email": "2023-2024-hl-u11-white-graham-coach@domain.com",
        "inserted": "2022-03-09T23:15:42.703Z",
        "updated": "2022-03-09T23:15:42.703Z",
        "groups": [],
        "user_permissions": []
    }
},
{
    "model": "core.user",
    "pk": 47,
    "fields": {
        "password": "pbkdf2_sha256$320000$tddHE7J3SiSbojAPXeyp21$Wu9lCyUvET1wUyEHqEGB8TFVdQ19kTa9SrQjo1kCE3Y=",
        "last_login": null,
        "is_superuser": false,
        "first_name": "",
        "last_name": "",
        "is_staff": false,
        "is_active": true,
        "date_joined": "2022-03-09T23:15:42.712Z",
        "username": "2023-2024-hl-u11-white-henry-coach@domain.com",
        "email": "2023-2024-hl-u11-white-henry-coach@domain.com",
        "inserted": "2022-03-09T23:15:42.958Z",
        "updated": "2022-03-09T23:15:42.958Z",
        "groups": [],
        "user_permissions": []
    }
},
{
    "model": "core.user",
    "pk": 48,
    "fields": {
        "password": "pbkdf2_sha256$320000$uuROLiaLOyFqSiDTWpDcpm$ga5C0kgygTJkUMCPzkD9CPfZUYo7y0IBeF3vaPq0r7U=",
        "last_login": null,
        "is_superuser": false,
        "first_name": "",
        "last_name": "",
        "is_staff": false,
        "is_active": true,
        "date_joined": "2022-03-09T23:15:42.969Z",
        "username": "2023-2024-rep-vp@domain.com",
        "email": "2023-2024-rep-vp@domain.com",
        "inserted": "2022-03-09T23:15:43.236Z",
        "updated": "2022-03-09T23:15:43.236Z",
        "groups": [],
        "user_permissions": []
    }
},
{
    "model": "core.user",
    "pk": 49,
    "fields": {
        "password": "pbkdf2_sha256$320000$ZXxxt6ghlgwOOTmJ2Fd8iw$bUysBELnUgaKBjOy+v/O2Guzz62jC3bdM5I28mTjXw4=",
        "last_login": null,
        "is_superuser": false,
        "first_name": "",
        "last_name": "",
        "is_staff": false,
        "is_active": true,
        "date_joined": "2022-03-09T23:15:43.245Z",
        "username": "2023-2024-rep-u10-division@domain.com",
        "email": "2023-2024-rep-u10-division@domain.com",
        "inserted": "2022-03-09T23:15:43.491Z",
        "updated": "2022-03-09T23:15:43.491Z",
        "groups": [],
        "user_permissions": []
    }
},
{
    "model": "core.user",
    "pk": 50,
    "fields": {
        "password": "pbkdf2_sha256$320000$A56Q3eow4a0uTnwWrExOSz$IVqC1v3OBIt1taeZIRc0fFJNrEHpfrtJNwS8QIP3R/M=",
        "last_login": null,
        "is_superuser": false,
        "first_name": "",
        "last_name": "",
        "is_staff": false,
        "is_active": true,
        "date_joined": "2022-03-09T23:15:43.500Z",
        "username": "2023-2024-rep-u10-a-subdivision@domain.com",
        "email": "2023-2024-rep-u10-a-subdivision@domain.com",
        "inserted": "2022-03-09T23:15:43.747Z",
        "updated": "2022-03-09T23:15:43.747Z",
        "groups": [],
        "user_permissions": []
    }
},
{
    "model": "core.user",
    "pk": 51,
    "fields": {
        "password": "pbkdf2_sha256$320000$yjp2i1VSJNKxFXAp3ALFHr$cnurlSSuv8/ovWz7irkY1usCJamX/yKKgXpOkyCg/aU=",
        "last_login": null,
        "is_superuser": false,
        "first_name": "",
        "last_name": "",
        "is_staff": false,
        "is_active": true,
        "date_joined": "2022-03-09T23:15:43.756Z",
        "username": "2023-2024-rep-u10-a-graham-coach@domain.com",
        "email": "2023-2024-rep-u10-a-graham-coach@domain.com",
        "inserted": "2022-03-09T23:15:44.000Z",
        "updated": "2022-03-09T23:15:44.000Z",
        "groups": [],
        "user_permissions": []
    }
},
{
    "model": "core.user",
    "pk": 52,
    "fields": {
        "password": "pbkdf2_sha256$320000$iDzZpZ1XqufgEeMMOHLNsA$+yfToapDZ2akJKzhTR4BJeyVtqPSbkK68gHVOUXExP8=",
        "last_login": null,
        "is_superuser": false,
        "first_name": "",
        "last_name": "",
        "is_staff": false,
        "is_active": true,
        "date_joined": "2022-03-09T23:15:44.009Z",
        "username": "2023-2024-rep-u10-a-henry-coach@domain.com",
        "email": "2023-2024-rep-u10-a-henry-coach@domain.com",
        "inserted": "2022-03-09T23:15:44.261Z",
        "updated": "2022-03-09T23:15:44.261Z",
        "groups": [],
        "user_permissions": []
    }
},
{
    "model": "core.user",
    "pk": 53,
    "fields": {
        "password": "pbkdf2_sha256$320000$qgovN7mv8Y7DbvVQPwu3qx$KA60n34dTj1pWPhrIrMBd6HCApUx6Mfy5O8nmp9wilI=",
        "last_login": null,
        "is_superuser": false,
        "first_name": "",
        "last_name": "",
        "is_staff": false,
        "is_active": true,
        "date_joined": "2022-03-09T23:15:44.270Z",
        "username": "2023-2024-rep-u10-aa-subdivision@domain.com",
        "email": "2023-2024-rep-u10-aa-subdivision@domain.com",
        "inserted": "2022-03-09T23:15:44.520Z",
        "updated": "2022-03-09T23:15:44.520Z",
        "groups": [],
        "user_permissions": []
    }
},
{
    "model": "core.user",
    "pk": 54,
    "fields": {
        "password": "pbkdf2_sha256$320000$TjoL59JPfIGUD6yAIpx1zw$LqbUpy3f/TlBkeie5yigOCYOGtPCLAX3J/yIisduHg4=",
        "last_login": null,
        "is_superuser": false,
        "first_name": "",
        "last_name": "",
        "is_staff": false,
        "is_active": true,
        "date_joined": "2022-03-09T23:15:44.529Z",
        "username": "2023-2024-rep-u10-aa-graham-coach@domain.com",
        "email": "2023-2024-rep-u10-aa-graham-coach@domain.com",
        "inserted": "2022-03-09T23:15:44.781Z",
        "updated": "2022-03-09T23:15:44.781Z",
        "groups": [],
        "user_permissions": []
    }
},
{
    "model": "core.user",
    "pk": 55,
    "fields": {
        "password": "pbkdf2_sha256$320000$Q1aEqKFlgixUhwCJyJ688P$YJSznCk6SGH/a8hQdI0X6WYTa6+cIqYKccKKnaAFYmc=",
        "last_login": null,
        "is_superuser": false,
        "first_name": "",
        "last_name": "",
        "is_staff": false,
        "is_active": true,
        "date_joined": "2022-03-09T23:15:44.791Z",
        "username": "2023-2024-rep-u10-aa-henry-coach@domain.com",
        "email": "2023-2024-rep-u10-aa-henry-coach@domain.com",
        "inserted": "2022-03-09T23:15:45.040Z",
        "updated": "2022-03-09T23:15:45.040Z",
        "groups": [],
        "user_permissions": []
    }
},
{
    "model": "core.user",
    "pk": 56,
    "fields": {
        "password": "pbkdf2_sha256$320000$lJ8ZQtVbyWCsgDPGq4NMAd$SvQQWuCTCor7NifGdQM9RhDS8E/BtWNOot0UyP/9A6Q=",
        "last_login": null,
        "is_superuser": false,
        "first_name": "",
        "last_name": "",
        "is_staff": false,
        "is_active": true,
        "date_joined": "2022-03-09T23:15:45.050Z",
        "username": "2023-2024-rep-u11-division@domain.com",
        "email": "2023-2024-rep-u11-division@domain.com",
        "inserted": "2022-03-09T23:15:45.318Z",
        "updated": "2022-03-09T23:15:45.318Z",
        "groups": [],
        "user_permissions": []
    }
},
{
    "model": "core.user",
    "pk": 57,
    "fields": {
        "password": "pbkdf2_sha256$320000$FEYqBvNykpMpbpv6fvdKRh$1727REKovi91up6bDRi3if9jMEmpLpE2jI+m8DTV7o4=",
        "last_login": null,
        "is_superuser": false,
        "first_name": "",
        "last_name": "",
        "is_staff": false,
        "is_active": true,
        "date_joined": "2022-03-09T23:15:45.327Z",
        "username": "2023-2024-rep-u11-a-subdivision@domain.com",
        "email": "2023-2024-rep-u11-a-subdivision@domain.com",
        "inserted": "2022-03-09T23:15:45.588Z",
        "updated": "2022-03-09T23:15:45.588Z",
        "groups": [],
        "user_permissions": []
    }
},
{
    "model": "core.user",
    "pk": 58,
    "fields": {
        "password": "pbkdf2_sha256$320000$OZrTXpiR6CqMbMzUw6R4fV$hz0ajMn8zI358omWe4k10VV1Jt+IOJEJDQHz0ioNZC8=",
        "last_login": null,
        "is_superuser": false,
        "first_name": "",
        "last_name": "",
        "is_staff": false,
        "is_active": true,
        "date_joined": "2022-03-09T23:15:45.598Z",
        "username": "2023-2024-rep-u11-a-graham-coach@domain.com",
        "email": "2023-2024-rep-u11-a-graham-coach@domain.com",
        "inserted": "2022-03-09T23:15:45.852Z",
        "updated": "2022-03-09T23:15:45.852Z",
        "groups": [],
        "user_permissions": []
    }
},
{
    "model": "core.user",
    "pk": 59,
    "fields": {
        "password": "pbkdf2_sha256$320000$HtWVndlGzqBUbqiP98l2BP$vKrLz0uC934OSMHSdS58ax+U2puzJisifAI8KC2LyCU=",
        "last_login": null,
        "is_superuser": false,
        "first_name": "",
        "last_name": "",
        "is_staff": false,
        "is_active": true,
        "date_joined": "2022-03-09T23:15:45.862Z",
        "username": "2023-2024-rep-u11-a-henry-coach@domain.com",
        "email": "2023-2024-rep-u11-a-henry-coach@domain.com",
        "inserted": "2022-03-09T23:15:46.111Z",
        "updated": "2022-03-09T23:15:46.111Z",
        "groups": [],
        "user_permissions": []
    }
},
{
    "model": "core.user",
    "pk": 60,
    "fields": {
        "password": "pbkdf2_sha256$320000$KOBAUwAoq0CdBJvPHiIW2O$uLvemxbTSIwem0TRTcRE80O9SEwlPBCv9kIs8FK2mkA=",
        "last_login": null,
        "is_superuser": false,
        "first_name": "",
        "last_name": "",
        "is_staff": false,
        "is_active": true,
        "date_joined": "2022-03-09T23:15:46.120Z",
        "username": "2023-2024-rep-u11-aa-subdivision@domain.com",
        "email": "2023-2024-rep-u11-aa-subdivision@domain.com",
        "inserted": "2022-03-09T23:15:46.384Z",
        "updated": "2022-03-09T23:15:46.384Z",
        "groups": [],
        "user_permissions": []
    }
},
{
    "model": "core.user",
    "pk": 61,
    "fields": {
        "password": "pbkdf2_sha256$320000$LkOtlLKgZrxTdSgtAez9Le$yaLR0GSUiO3H3mesaFm4rQaORKoZTHCjJbMs8HEfp/Q=",
        "last_login": null,
        "is_superuser": false,
        "first_name": "",
        "last_name": "",
        "is_staff": false,
        "is_active": true,
        "date_joined": "2022-03-09T23:15:46.394Z",
        "username": "2023-2024-rep-u11-aa-graham-coach@domain.com",
        "email": "2023-2024-rep-u11-aa-graham-coach@domain.com",
        "inserted": "2022-03-09T23:15:46.643Z",
        "updated": "2022-03-09T23:15:46.643Z",
        "groups": [],
        "user_permissions": []
    }
},
{
    "model": "core.user",
    "pk": 62,
    "fields": {
        "password": "pbkdf2_sha256$320000$QhLPRl502A0khYHCmEFmBt$KuGDlq1WS+ob+9rRsbWG8iHpcZmmT7jyetQGx0KEmss=",
        "last_login": null,
        "is_superuser": false,
        "first_name": "",
        "last_name": "",
        "is_staff": false,
        "is_active": true,
        "date_joined": "2022-03-09T23:15:46.652Z",
        "username": "2023-2024-rep-u11-aa-henry-coach@domain.com",
        "email": "2023-2024-rep-u11-aa-henry-coach@domain.com",
        "inserted": "2022-03-09T23:15:46.904Z",
        "updated": "2022-03-09T23:15:46.904Z",
        "groups": [],
        "user_permissions": []
    }
},
{
    "model": "core.season",
    "pk": 1,
    "fields": {
        "old_sk_id": null,
        "inserted": "2022-03-09T23:15:30.732Z",
        "updated": "2022-03-09T23:15:30.732Z",
        "hockey_canada_id": null,
        "hockey_canada_system_id": null,
        "name": "2022-2023",
        "start": "2022-09-01",
        "end": "2023-08-31",
        "mbs_id": 0,
        "gsi_id": 0
    }
},
{
    "model": "core.season",
    "pk": 2,
    "fields": {
        "old_sk_id": null,
        "inserted": "2022-03-09T23:15:38.790Z",
        "updated": "2022-03-09T23:15:38.790Z",
        "hockey_canada_id": null,
        "hockey_canada_system_id": null,
        "name": "2023-2024",
        "start": "2023-09-01",
        "end": "2024-08-31",
        "mbs_id": 0,
        "gsi_id": 0
    }
},
{
    "model": "core.league",
    "pk": 1,
    "fields": {
        "old_sk_id": null,
        "inserted": "2022-03-09T23:15:30.989Z",
        "updated": "2022-03-09T23:15:30.989Z",
        "hockey_canada_id": null,
        "hockey_canada_system_id": null,
        "season": 1,
        "name": "HL",
        "weight": 0
    }
},
{
    "model": "core.league",
    "pk": 2,
    "fields": {
        "old_sk_id": null,
        "inserted": "2022-03-09T23:15:34.881Z",
        "updated": "2022-03-09T23:15:34.881Z",
        "hockey_canada_id": null,
        "hockey_canada_system_id": null,
        "season": 1,
        "name": "REP",
        "weight": 1
    }
},
{
    "model": "core.league",
    "pk": 3,
    "fields": {
        "old_sk_id": null,
        "inserted": "2022-03-09T23:15:39.054Z",
        "updated": "2022-03-09T23:15:39.054Z",
        "hockey_canada_id": null,
        "hockey_canada_system_id": null,
        "season": 2,
        "name": "HL",
        "weight": 0
    }
},
{
    "model": "core.league",
    "pk": 4,
    "fields": {
        "old_sk_id": null,
        "inserted": "2022-03-09T23:15:42.964Z",
        "updated": "2022-03-09T23:15:42.964Z",
        "hockey_canada_id": null,
        "hockey_canada_system_id": null,
        "season": 2,
        "name": "REP",
        "weight": 1
    }
},
{
    "model": "core.division",
    "pk": 1,
    "fields": {
        "old_sk_id": null,
        "inserted": "2022-03-09T23:15:31.247Z",
        "updated": "2022-03-09T23:15:31.247Z",
        "hockey_canada_id": null,
        "hockey_canada_system_id": null,
        "season": 1,
        "league": 1,
        "name": "U10",
        "age_from": 0,
        "age_to": 0,
        "weight": 0
    }
},
{
    "model": "core.division",
    "pk": 2,
    "fields": {
        "old_sk_id": null,
        "inserted": "2022-03-09T23:15:33.069Z",
        "updated": "2022-03-09T23:15:33.069Z",
        "hockey_canada_id": null,
        "hockey_canada_system_id": null,
        "season": 1,
        "league": 1,
        "name": "U11",
        "age_from": 0,
        "age_to": 0,
        "weight": 1
    }
},
{
    "model": "core.division",
    "pk": 3,
    "fields": {
        "old_sk_id": null,
        "inserted": "2022-03-09T23:15:35.135Z",
        "updated": "2022-03-09T23:15:35.135Z",
        "hockey_canada_id": null,
        "hockey_canada_system_id": null,
        "season": 1,
        "league": 2,
        "name": "U10",
        "age_from": 0,
        "age_to": 0,
        "weight": 2
    }
},
{
    "model": "core.division",
    "pk": 4,
    "fields": {
        "old_sk_id": null,
        "inserted": "2022-03-09T23:15:36.981Z",
        "updated": "2022-03-09T23:15:36.981Z",
        "hockey_canada_id": null,
        "hockey_canada_system_id": null,
        "season": 1,
        "league": 2,
        "name": "U11",
        "age_from": 0,
        "age_to": 0,
        "weight": 3
    }
},
{
    "model": "core.division",
    "pk": 5,
    "fields": {
        "old_sk_id": null,
        "inserted": "2022-03-09T23:15:39.324Z",
        "updated": "2022-03-09T23:15:39.324Z",
        "hockey_canada_id": null,
        "hockey_canada_system_id": null,
        "season": 2,
        "league": 3,
        "name": "U10",
        "age_from": 0,
        "age_to": 0,
        "weight": 0
    }
},
{
    "model": "core.division",
    "pk": 6,
    "fields": {
        "old_sk_id": null,
        "inserted": "2022-03-09T23:15:41.170Z",
        "updated": "2022-03-09T23:15:41.170Z",
        "hockey_canada_id": null,
        "hockey_canada_system_id": null,
        "season": 2,
        "league": 3,
        "name": "U11",
        "age_from": 0,
        "age_to": 0,
        "weight": 1
    }
},
{
    "model": "core.division",
    "pk": 7,
    "fields": {
        "old_sk_id": null,
        "inserted": "2022-03-09T23:15:43.241Z",
        "updated": "2022-03-09T23:15:43.241Z",
        "hockey_canada_id": null,
        "hockey_canada_system_id": null,
        "season": 2,
        "league": 4,
        "name": "U10",
        "age_from": 0,
        "age_to": 0,
        "weight": 2
    }
},
{
    "model": "core.division",
    "pk": 8,
    "fields": {
        "old_sk_id": null,
        "inserted": "2022-03-09T23:15:45.046Z",
        "updated": "2022-03-09T23:15:45.046Z",
        "hockey_canada_id": null,
        "hockey_canada_system_id": null,
        "season": 2,
        "league": 4,
        "name": "U11",
        "age_from": 0,
        "age_to": 0,
        "weight": 3
    }
},
{
    "model": "core.subdivision",
    "pk": 1,
    "fields": {
        "old_sk_id": null,
        "inserted": "2022-03-09T23:15:31.506Z",
        "updated": "2022-03-09T23:15:31.506Z",
        "hockey_canada_id": null,
        "hockey_canada_system_id": null,
        "season": 1,
        "league": 1,
        "division": 1,
        "name": "Blue",
        "weight": 0,
        "body_checking": false
    }
},
{
    "model": "core.subdivision",
    "pk": 2,
    "fields": {
        "old_sk_id": null,
        "inserted": "2022-03-09T23:15:32.280Z",
        "updated": "2022-03-09T23:15:32.280Z",
        "hockey_canada_id": null,
        "hockey_canada_system_id": null,
        "season": 1,
        "league": 1,
        "division": 1,
        "name": "White",
        "weight": 1,
        "body_checking": false
    }
},
{
    "model": "core.subdivision",
    "pk": 3,
    "fields": {
        "old_sk_id": null,
        "inserted": "2022-03-09T23:15:33.326Z",
        "updated": "2022-03-09T23:15:33.326Z",
        "hockey_canada_id": null,
        "hockey_canada_system_id": null,
        "season": 1,
        "league": 1,
        "division": 2,
        "name": "Blue",
        "weight": 2,
        "body_checking": false
    }
},
{
    "model": "core.subdivision",
    "pk": 4,
    "fields": {
        "old_sk_id": null,
        "inserted": "2022-03-09T23:15:34.104Z",
        "updated": "2022-03-09T23:15:34.104Z",
        "hockey_canada_id": null,
        "hockey_canada_system_id": null,
        "season": 1,
        "league": 1,
        "division": 2,
        "name": "White",
        "weight": 3,
        "body_checking": false
    }
},
{
    "model": "core.subdivision",
    "pk": 5,
    "fields": {
        "old_sk_id": null,
        "inserted": "2022-03-09T23:15:35.391Z",
        "updated": "2022-03-09T23:15:35.391Z",
        "hockey_canada_id": null,
        "hockey_canada_system_id": null,
        "season": 1,
        "league": 2,
        "division": 3,
        "name": "A",
        "weight": 4,
        "body_checking": false
    }
},
{
    "model": "core.subdivision",
    "pk": 6,
    "fields": {
        "old_sk_id": null,
        "inserted": "2022-03-09T23:15:36.197Z",
        "updated": "2022-03-09T23:15:36.197Z",
        "hockey_canada_id": null,
        "hockey_canada_system_id": null,
        "season": 1,
        "league": 2,
        "division": 3,
        "name": "AA",
        "weight": 5,
        "body_checking": false
    }
},
{
    "model": "core.subdivision",
    "pk": 7,
    "fields": {
        "old_sk_id": null,
        "inserted": "2022-03-09T23:15:37.237Z",
        "updated": "2022-03-09T23:15:37.237Z",
        "hockey_canada_id": null,
        "hockey_canada_system_id": null,
        "season": 1,
        "league": 2,
        "division": 4,
        "name": "A",
        "weight": 6,
        "body_checking": false
    }
},
{
    "model": "core.subdivision",
    "pk": 8,
    "fields": {
        "old_sk_id": null,
        "inserted": "2022-03-09T23:15:38.013Z",
        "updated": "2022-03-09T23:15:38.013Z",
        "hockey_canada_id": null,
        "hockey_canada_system_id": null,
        "season": 1,
        "league": 2,
        "division": 4,
        "name": "AA",
        "weight": 7,
        "body_checking": false
    }
},
{
    "model": "core.subdivision",
    "pk": 9,
    "fields": {
        "old_sk_id": null,
        "inserted": "2022-03-09T23:15:39.582Z",
        "updated": "2022-03-09T23:15:39.582Z",
        "hockey_canada_id": null,
        "hockey_canada_system_id": null,
        "season": 2,
        "league": 3,
        "division": 5,
        "name": "Blue",
        "weight": 0,
        "body_checking": false
    }
},
{
    "model": "core.subdivision",
    "pk": 10,
    "fields": {
        "old_sk_id": null,
        "inserted": "2022-03-09T23:15:40.376Z",
        "updated": "2022-03-09T23:15:40.376Z",
        "hockey_canada_id": null,
        "hockey_canada_system_id": null,
        "season": 2,
        "league": 3,
        "division": 5,
        "name": "White",
        "weight": 1,
        "body_checking": false
    }
},
{
    "model": "core.subdivision",
    "pk": 11,
    "fields": {
        "old_sk_id": null,
        "inserted": "2022-03-09T23:15:41.423Z",
        "updated": "2022-03-09T23:15:41.423Z",
        "hockey_canada_id": null,
        "hockey_canada_system_id": null,
        "season": 2,
        "league": 3,
        "division": 6,
        "name": "Blue",
        "weight": 2,
        "body_checking": false
    }
},
{
    "model": "core.subdivision",
    "pk": 12,
    "fields": {
        "old_sk_id": null,
        "inserted": "2022-03-09T23:15:42.187Z",
        "updated": "2022-03-09T23:15:42.187Z",
        "hockey_canada_id": null,
        "hockey_canada_system_id": null,
        "season": 2,
        "league": 3,
        "division": 6,
        "name": "White",
        "weight": 3,
        "body_checking": false
    }
},
{
    "model": "core.subdivision",
    "pk": 13,
    "fields": {
        "old_sk_id": null,
        "inserted": "2022-03-09T23:15:43.496Z",
        "updated": "2022-03-09T23:15:43.497Z",
        "hockey_canada_id": null,
        "hockey_canada_system_id": null,
        "season": 2,
        "league": 4,
        "division": 7,
        "name": "A",
        "weight": 4,
        "body_checking": false
    }
},
{
    "model": "core.subdivision",
    "pk": 14,
    "fields": {
        "old_sk_id": null,
        "inserted": "2022-03-09T23:15:44.266Z",
        "updated": "2022-03-09T23:15:44.266Z",
        "hockey_canada_id": null,
        "hockey_canada_system_id": null,
        "season": 2,
        "league": 4,
        "division": 7,
        "name": "AA",
        "weight": 5,
        "body_checking": false
    }
},
{
    "model": "core.subdivision",
    "pk": 15,
    "fields": {
        "old_sk_id": null,
        "inserted": "2022-03-09T23:15:45.323Z",
        "updated": "2022-03-09T23:15:45.323Z",
        "hockey_canada_id": null,
        "hockey_canada_system_id": null,
        "season": 2,
        "league": 4,
        "division": 8,
        "name": "A",
        "weight": 6,
        "body_checking": false
    }
},
{
    "model": "core.subdivision",
    "pk": 16,
    "fields": {
        "old_sk_id": null,
        "inserted": "2022-03-09T23:15:46.117Z",
        "updated": "2022-03-09T23:15:46.117Z",
        "hockey_canada_id": null,
        "hockey_canada_system_id": null,
        "season": 2,
        "league": 4,
        "division": 8,
        "name": "AA",
        "weight": 7,
        "body_checking": false
    }
}
]
