[
{
    "model": "core.user",
    "pk": 1,
    "fields": {
        "password": "",
        "last_login": null,
        "is_superuser": false,
        "first_name": "",
        "last_name": "",
        "is_staff": false,
        "is_active": true,
        "date_joined": "2022-03-09T19:06:48.327Z",
        "username": "2022-2023-admin@domain.com",
        "email": "2022-2023-admin@domain.com",
        "inserted": "2022-03-09T19:06:48.327Z",
        "updated": "2022-03-09T19:06:48.327Z",
        "groups": [],
        "user_permissions": []
    }
},
{
    "model": "core.user",
    "pk": 2,
    "fields": {
        "password": "",
        "last_login": null,
        "is_superuser": false,
        "first_name": "",
        "last_name": "",
        "is_staff": false,
        "is_active": true,
        "date_joined": "2022-03-09T19:06:48.337Z",
        "username": "2022-2023-hl-vp@domain.com",
        "email": "2022-2023-hl-vp@domain.com",
        "inserted": "2022-03-09T19:06:48.338Z",
        "updated": "2022-03-09T19:06:48.338Z",
        "groups": [],
        "user_permissions": []
    }
},
{
    "model": "core.user",
    "pk": 3,
    "fields": {
        "password": "",
        "last_login": null,
        "is_superuser": false,
        "first_name": "",
        "last_name": "",
        "is_staff": false,
        "is_active": true,
        "date_joined": "2022-03-09T19:06:48.349Z",
        "username": "2022-2023-hl-u10-division@domain.com",
        "email": "2022-2023-hl-u10-division@domain.com",
        "inserted": "2022-03-09T19:06:48.349Z",
        "updated": "2022-03-09T19:06:48.349Z",
        "groups": [],
        "user_permissions": []
    }
},
{
    "model": "core.user",
    "pk": 4,
    "fields": {
        "password": "",
        "last_login": null,
        "is_superuser": false,
        "first_name": "",
        "last_name": "",
        "is_staff": false,
        "is_active": true,
        "date_joined": "2022-03-09T19:06:48.359Z",
        "username": "2022-2023-hl-u10-blue-subdivision@domain.com",
        "email": "2022-2023-hl-u10-blue-subdivision@domain.com",
        "inserted": "2022-03-09T19:06:48.359Z",
        "updated": "2022-03-09T19:06:48.359Z",
        "groups": [],
        "user_permissions": []
    }
},
{
    "model": "core.user",
    "pk": 5,
    "fields": {
        "password": "",
        "last_login": null,
        "is_superuser": false,
        "first_name": "",
        "last_name": "",
        "is_staff": false,
        "is_active": true,
        "date_joined": "2022-03-09T19:06:48.372Z",
        "username": "2022-2023-hl-u10-blue-hl-u10-blue-graham-coach@domain.com",
        "email": "2022-2023-hl-u10-blue-hl-u10-blue-graham-coach@domain.com",
        "inserted": "2022-03-09T19:06:48.372Z",
        "updated": "2022-03-09T19:06:48.372Z",
        "groups": [],
        "user_permissions": []
    }
},
{
    "model": "core.user",
    "pk": 6,
    "fields": {
        "password": "",
        "last_login": null,
        "is_superuser": false,
        "first_name": "",
        "last_name": "",
        "is_staff": false,
        "is_active": true,
        "date_joined": "2022-03-09T19:06:48.382Z",
        "username": "2022-2023-hl-u10-blue-hl-u10-blue-henry-coach@domain.com",
        "email": "2022-2023-hl-u10-blue-hl-u10-blue-henry-coach@domain.com",
        "inserted": "2022-03-09T19:06:48.382Z",
        "updated": "2022-03-09T19:06:48.382Z",
        "groups": [],
        "user_permissions": []
    }
},
{
    "model": "core.user",
    "pk": 7,
    "fields": {
        "password": "",
        "last_login": null,
        "is_superuser": false,
        "first_name": "",
        "last_name": "",
        "is_staff": false,
        "is_active": true,
        "date_joined": "2022-03-09T19:06:48.392Z",
        "username": "2022-2023-hl-u10-white-subdivision@domain.com",
        "email": "2022-2023-hl-u10-white-subdivision@domain.com",
        "inserted": "2022-03-09T19:06:48.392Z",
        "updated": "2022-03-09T19:06:48.392Z",
        "groups": [],
        "user_permissions": []
    }
},
{
    "model": "core.user",
    "pk": 8,
    "fields": {
        "password": "",
        "last_login": null,
        "is_superuser": false,
        "first_name": "",
        "last_name": "",
        "is_staff": false,
        "is_active": true,
        "date_joined": "2022-03-09T19:06:48.402Z",
        "username": "2022-2023-hl-u10-white-hl-u10-white-graham-coach@domain.com",
        "email": "2022-2023-hl-u10-white-hl-u10-white-graham-coach@domain.com",
        "inserted": "2022-03-09T19:06:48.402Z",
        "updated": "2022-03-09T19:06:48.402Z",
        "groups": [],
        "user_permissions": []
    }
},
{
    "model": "core.user",
    "pk": 9,
    "fields": {
        "password": "",
        "last_login": null,
        "is_superuser": false,
        "first_name": "",
        "last_name": "",
        "is_staff": false,
        "is_active": true,
        "date_joined": "2022-03-09T19:06:48.411Z",
        "username": "2022-2023-hl-u10-white-hl-u10-white-henry-coach@domain.com",
        "email": "2022-2023-hl-u10-white-hl-u10-white-henry-coach@domain.com",
        "inserted": "2022-03-09T19:06:48.412Z",
        "updated": "2022-03-09T19:06:48.412Z",
        "groups": [],
        "user_permissions": []
    }
},
{
    "model": "core.user",
    "pk": 10,
    "fields": {
        "password": "",
        "last_login": null,
        "is_superuser": false,
        "first_name": "",
        "last_name": "",
        "is_staff": false,
        "is_active": true,
        "date_joined": "2022-03-09T19:06:48.421Z",
        "username": "2022-2023-hl-u11-division@domain.com",
        "email": "2022-2023-hl-u11-division@domain.com",
        "inserted": "2022-03-09T19:06:48.421Z",
        "updated": "2022-03-09T19:06:48.421Z",
        "groups": [],
        "user_permissions": []
    }
},
{
    "model": "core.user",
    "pk": 11,
    "fields": {
        "password": "",
        "last_login": null,
        "is_superuser": false,
        "first_name": "",
        "last_name": "",
        "is_staff": false,
        "is_active": true,
        "date_joined": "2022-03-09T19:06:48.430Z",
        "username": "2022-2023-hl-u11-blue-subdivision@domain.com",
        "email": "2022-2023-hl-u11-blue-subdivision@domain.com",
        "inserted": "2022-03-09T19:06:48.430Z",
        "updated": "2022-03-09T19:06:48.430Z",
        "groups": [],
        "user_permissions": []
    }
},
{
    "model": "core.user",
    "pk": 12,
    "fields": {
        "password": "",
        "last_login": null,
        "is_superuser": false,
        "first_name": "",
        "last_name": "",
        "is_staff": false,
        "is_active": true,
        "date_joined": "2022-03-09T19:06:48.439Z",
        "username": "2022-2023-hl-u11-blue-hl-u11-blue-graham-coach@domain.com",
        "email": "2022-2023-hl-u11-blue-hl-u11-blue-graham-coach@domain.com",
        "inserted": "2022-03-09T19:06:48.439Z",
        "updated": "2022-03-09T19:06:48.439Z",
        "groups": [],
        "user_permissions": []
    }
},
{
    "model": "core.user",
    "pk": 13,
    "fields": {
        "password": "",
        "last_login": null,
        "is_superuser": false,
        "first_name": "",
        "last_name": "",
        "is_staff": false,
        "is_active": true,
        "date_joined": "2022-03-09T19:06:48.448Z",
        "username": "2022-2023-hl-u11-blue-hl-u11-blue-henry-coach@domain.com",
        "email": "2022-2023-hl-u11-blue-hl-u11-blue-henry-coach@domain.com",
        "inserted": "2022-03-09T19:06:48.449Z",
        "updated": "2022-03-09T19:06:48.449Z",
        "groups": [],
        "user_permissions": []
    }
},
{
    "model": "core.user",
    "pk": 14,
    "fields": {
        "password": "",
        "last_login": null,
        "is_superuser": false,
        "first_name": "",
        "last_name": "",
        "is_staff": false,
        "is_active": true,
        "date_joined": "2022-03-09T19:06:48.458Z",
        "username": "2022-2023-hl-u11-white-subdivision@domain.com",
        "email": "2022-2023-hl-u11-white-subdivision@domain.com",
        "inserted": "2022-03-09T19:06:48.458Z",
        "updated": "2022-03-09T19:06:48.458Z",
        "groups": [],
        "user_permissions": []
    }
},
{
    "model": "core.user",
    "pk": 15,
    "fields": {
        "password": "",
        "last_login": null,
        "is_superuser": false,
        "first_name": "",
        "last_name": "",
        "is_staff": false,
        "is_active": true,
        "date_joined": "2022-03-09T19:06:48.467Z",
        "username": "2022-2023-hl-u11-white-hl-u11-white-graham-coach@domain.com",
        "email": "2022-2023-hl-u11-white-hl-u11-white-graham-coach@domain.com",
        "inserted": "2022-03-09T19:06:48.467Z",
        "updated": "2022-03-09T19:06:48.467Z",
        "groups": [],
        "user_permissions": []
    }
},
{
    "model": "core.user",
    "pk": 16,
    "fields": {
        "password": "",
        "last_login": null,
        "is_superuser": false,
        "first_name": "",
        "last_name": "",
        "is_staff": false,
        "is_active": true,
        "date_joined": "2022-03-09T19:06:48.476Z",
        "username": "2022-2023-hl-u11-white-hl-u11-white-henry-coach@domain.com",
        "email": "2022-2023-hl-u11-white-hl-u11-white-henry-coach@domain.com",
        "inserted": "2022-03-09T19:06:48.476Z",
        "updated": "2022-03-09T19:06:48.476Z",
        "groups": [],
        "user_permissions": []
    }
},
{
    "model": "core.user",
    "pk": 17,
    "fields": {
        "password": "",
        "last_login": null,
        "is_superuser": false,
        "first_name": "",
        "last_name": "",
        "is_staff": false,
        "is_active": true,
        "date_joined": "2022-03-09T19:06:48.484Z",
        "username": "2022-2023-rep-vp@domain.com",
        "email": "2022-2023-rep-vp@domain.com",
        "inserted": "2022-03-09T19:06:48.485Z",
        "updated": "2022-03-09T19:06:48.485Z",
        "groups": [],
        "user_permissions": []
    }
},
{
    "model": "core.user",
    "pk": 18,
    "fields": {
        "password": "",
        "last_login": null,
        "is_superuser": false,
        "first_name": "",
        "last_name": "",
        "is_staff": false,
        "is_active": true,
        "date_joined": "2022-03-09T19:06:48.493Z",
        "username": "2022-2023-rep-u10-division@domain.com",
        "email": "2022-2023-rep-u10-division@domain.com",
        "inserted": "2022-03-09T19:06:48.493Z",
        "updated": "2022-03-09T19:06:48.493Z",
        "groups": [],
        "user_permissions": []
    }
},
{
    "model": "core.user",
    "pk": 19,
    "fields": {
        "password": "",
        "last_login": null,
        "is_superuser": false,
        "first_name": "",
        "last_name": "",
        "is_staff": false,
        "is_active": true,
        "date_joined": "2022-03-09T19:06:48.502Z",
        "username": "2022-2023-rep-u10-a-subdivision@domain.com",
        "email": "2022-2023-rep-u10-a-subdivision@domain.com",
        "inserted": "2022-03-09T19:06:48.503Z",
        "updated": "2022-03-09T19:06:48.503Z",
        "groups": [],
        "user_permissions": []
    }
},
{
    "model": "core.user",
    "pk": 20,
    "fields": {
        "password": "",
        "last_login": null,
        "is_superuser": false,
        "first_name": "",
        "last_name": "",
        "is_staff": false,
        "is_active": true,
        "date_joined": "2022-03-09T19:06:48.511Z",
        "username": "2022-2023-rep-u10-a-rep-u10-a-graham-coach@domain.com",
        "email": "2022-2023-rep-u10-a-rep-u10-a-graham-coach@domain.com",
        "inserted": "2022-03-09T19:06:48.511Z",
        "updated": "2022-03-09T19:06:48.511Z",
        "groups": [],
        "user_permissions": []
    }
},
{
    "model": "core.user",
    "pk": 21,
    "fields": {
        "password": "",
        "last_login": null,
        "is_superuser": false,
        "first_name": "",
        "last_name": "",
        "is_staff": false,
        "is_active": true,
        "date_joined": "2022-03-09T19:06:48.520Z",
        "username": "2022-2023-rep-u10-a-rep-u10-a-henry-coach@domain.com",
        "email": "2022-2023-rep-u10-a-rep-u10-a-henry-coach@domain.com",
        "inserted": "2022-03-09T19:06:48.520Z",
        "updated": "2022-03-09T19:06:48.520Z",
        "groups": [],
        "user_permissions": []
    }
},
{
    "model": "core.user",
    "pk": 22,
    "fields": {
        "password": "",
        "last_login": null,
        "is_superuser": false,
        "first_name": "",
        "last_name": "",
        "is_staff": false,
        "is_active": true,
        "date_joined": "2022-03-09T19:06:48.528Z",
        "username": "2022-2023-rep-u10-aa-subdivision@domain.com",
        "email": "2022-2023-rep-u10-aa-subdivision@domain.com",
        "inserted": "2022-03-09T19:06:48.529Z",
        "updated": "2022-03-09T19:06:48.529Z",
        "groups": [],
        "user_permissions": []
    }
},
{
    "model": "core.user",
    "pk": 23,
    "fields": {
        "password": "",
        "last_login": null,
        "is_superuser": false,
        "first_name": "",
        "last_name": "",
        "is_staff": false,
        "is_active": true,
        "date_joined": "2022-03-09T19:06:48.537Z",
        "username": "2022-2023-rep-u10-aa-rep-u10-aa-graham-coach@domain.com",
        "email": "2022-2023-rep-u10-aa-rep-u10-aa-graham-coach@domain.com",
        "inserted": "2022-03-09T19:06:48.537Z",
        "updated": "2022-03-09T19:06:48.537Z",
        "groups": [],
        "user_permissions": []
    }
},
{
    "model": "core.user",
    "pk": 24,
    "fields": {
        "password": "",
        "last_login": null,
        "is_superuser": false,
        "first_name": "",
        "last_name": "",
        "is_staff": false,
        "is_active": true,
        "date_joined": "2022-03-09T19:06:48.546Z",
        "username": "2022-2023-rep-u10-aa-rep-u10-aa-henry-coach@domain.com",
        "email": "2022-2023-rep-u10-aa-rep-u10-aa-henry-coach@domain.com",
        "inserted": "2022-03-09T19:06:48.546Z",
        "updated": "2022-03-09T19:06:48.546Z",
        "groups": [],
        "user_permissions": []
    }
},
{
    "model": "core.user",
    "pk": 25,
    "fields": {
        "password": "",
        "last_login": null,
        "is_superuser": false,
        "first_name": "",
        "last_name": "",
        "is_staff": false,
        "is_active": true,
        "date_joined": "2022-03-09T19:06:48.555Z",
        "username": "2022-2023-rep-u11-division@domain.com",
        "email": "2022-2023-rep-u11-division@domain.com",
        "inserted": "2022-03-09T19:06:48.555Z",
        "updated": "2022-03-09T19:06:48.555Z",
        "groups": [],
        "user_permissions": []
    }
},
{
    "model": "core.user",
    "pk": 26,
    "fields": {
        "password": "",
        "last_login": null,
        "is_superuser": false,
        "first_name": "",
        "last_name": "",
        "is_staff": false,
        "is_active": true,
        "date_joined": "2022-03-09T19:06:48.564Z",
        "username": "2022-2023-rep-u11-a-subdivision@domain.com",
        "email": "2022-2023-rep-u11-a-subdivision@domain.com",
        "inserted": "2022-03-09T19:06:48.565Z",
        "updated": "2022-03-09T19:06:48.565Z",
        "groups": [],
        "user_permissions": []
    }
},
{
    "model": "core.user",
    "pk": 27,
    "fields": {
        "password": "",
        "last_login": null,
        "is_superuser": false,
        "first_name": "",
        "last_name": "",
        "is_staff": false,
        "is_active": true,
        "date_joined": "2022-03-09T19:06:48.572Z",
        "username": "2022-2023-rep-u11-a-rep-u11-a-graham-coach@domain.com",
        "email": "2022-2023-rep-u11-a-rep-u11-a-graham-coach@domain.com",
        "inserted": "2022-03-09T19:06:48.573Z",
        "updated": "2022-03-09T19:06:48.573Z",
        "groups": [],
        "user_permissions": []
    }
},
{
    "model": "core.user",
    "pk": 28,
    "fields": {
        "password": "",
        "last_login": null,
        "is_superuser": false,
        "first_name": "",
        "last_name": "",
        "is_staff": false,
        "is_active": true,
        "date_joined": "2022-03-09T19:06:48.580Z",
        "username": "2022-2023-rep-u11-a-rep-u11-a-henry-coach@domain.com",
        "email": "2022-2023-rep-u11-a-rep-u11-a-henry-coach@domain.com",
        "inserted": "2022-03-09T19:06:48.581Z",
        "updated": "2022-03-09T19:06:48.581Z",
        "groups": [],
        "user_permissions": []
    }
},
{
    "model": "core.user",
    "pk": 29,
    "fields": {
        "password": "",
        "last_login": null,
        "is_superuser": false,
        "first_name": "",
        "last_name": "",
        "is_staff": false,
        "is_active": true,
        "date_joined": "2022-03-09T19:06:48.589Z",
        "username": "2022-2023-rep-u11-aa-subdivision@domain.com",
        "email": "2022-2023-rep-u11-aa-subdivision@domain.com",
        "inserted": "2022-03-09T19:06:48.589Z",
        "updated": "2022-03-09T19:06:48.589Z",
        "groups": [],
        "user_permissions": []
    }
},
{
    "model": "core.user",
    "pk": 30,
    "fields": {
        "password": "",
        "last_login": null,
        "is_superuser": false,
        "first_name": "",
        "last_name": "",
        "is_staff": false,
        "is_active": true,
        "date_joined": "2022-03-09T19:06:48.598Z",
        "username": "2022-2023-rep-u11-aa-rep-u11-aa-graham-coach@domain.com",
        "email": "2022-2023-rep-u11-aa-rep-u11-aa-graham-coach@domain.com",
        "inserted": "2022-03-09T19:06:48.598Z",
        "updated": "2022-03-09T19:06:48.598Z",
        "groups": [],
        "user_permissions": []
    }
},
{
    "model": "core.user",
    "pk": 31,
    "fields": {
        "password": "",
        "last_login": null,
        "is_superuser": false,
        "first_name": "",
        "last_name": "",
        "is_staff": false,
        "is_active": true,
        "date_joined": "2022-03-09T19:06:48.607Z",
        "username": "2022-2023-rep-u11-aa-rep-u11-aa-henry-coach@domain.com",
        "email": "2022-2023-rep-u11-aa-rep-u11-aa-henry-coach@domain.com",
        "inserted": "2022-03-09T19:06:48.607Z",
        "updated": "2022-03-09T19:06:48.607Z",
        "groups": [],
        "user_permissions": []
    }
},
{
    "model": "core.user",
    "pk": 32,
    "fields": {
        "password": "",
        "last_login": null,
        "is_superuser": false,
        "first_name": "",
        "last_name": "",
        "is_staff": false,
        "is_active": true,
        "date_joined": "2022-03-09T19:06:48.614Z",
        "username": "2023-2024-admin@domain.com",
        "email": "2023-2024-admin@domain.com",
        "inserted": "2022-03-09T19:06:48.615Z",
        "updated": "2022-03-09T19:06:48.615Z",
        "groups": [],
        "user_permissions": []
    }
},
{
    "model": "core.user",
    "pk": 33,
    "fields": {
        "password": "",
        "last_login": null,
        "is_superuser": false,
        "first_name": "",
        "last_name": "",
        "is_staff": false,
        "is_active": true,
        "date_joined": "2022-03-09T19:06:48.623Z",
        "username": "2023-2024-hl-vp@domain.com",
        "email": "2023-2024-hl-vp@domain.com",
        "inserted": "2022-03-09T19:06:48.623Z",
        "updated": "2022-03-09T19:06:48.623Z",
        "groups": [],
        "user_permissions": []
    }
},
{
    "model": "core.user",
    "pk": 34,
    "fields": {
        "password": "",
        "last_login": null,
        "is_superuser": false,
        "first_name": "",
        "last_name": "",
        "is_staff": false,
        "is_active": true,
        "date_joined": "2022-03-09T19:06:48.632Z",
        "username": "2023-2024-hl-u10-division@domain.com",
        "email": "2023-2024-hl-u10-division@domain.com",
        "inserted": "2022-03-09T19:06:48.632Z",
        "updated": "2022-03-09T19:06:48.632Z",
        "groups": [],
        "user_permissions": []
    }
},
{
    "model": "core.user",
    "pk": 35,
    "fields": {
        "password": "",
        "last_login": null,
        "is_superuser": false,
        "first_name": "",
        "last_name": "",
        "is_staff": false,
        "is_active": true,
        "date_joined": "2022-03-09T19:06:48.640Z",
        "username": "2023-2024-hl-u10-blue-subdivision@domain.com",
        "email": "2023-2024-hl-u10-blue-subdivision@domain.com",
        "inserted": "2022-03-09T19:06:48.640Z",
        "updated": "2022-03-09T19:06:48.640Z",
        "groups": [],
        "user_permissions": []
    }
},
{
    "model": "core.user",
    "pk": 36,
    "fields": {
        "password": "",
        "last_login": null,
        "is_superuser": false,
        "first_name": "",
        "last_name": "",
        "is_staff": false,
        "is_active": true,
        "date_joined": "2022-03-09T19:06:48.649Z",
        "username": "2023-2024-hl-u10-blue-hl-u10-blue-graham-coach@domain.com",
        "email": "2023-2024-hl-u10-blue-hl-u10-blue-graham-coach@domain.com",
        "inserted": "2022-03-09T19:06:48.649Z",
        "updated": "2022-03-09T19:06:48.649Z",
        "groups": [],
        "user_permissions": []
    }
},
{
    "model": "core.user",
    "pk": 37,
    "fields": {
        "password": "",
        "last_login": null,
        "is_superuser": false,
        "first_name": "",
        "last_name": "",
        "is_staff": false,
        "is_active": true,
        "date_joined": "2022-03-09T19:06:48.658Z",
        "username": "2023-2024-hl-u10-blue-hl-u10-blue-henry-coach@domain.com",
        "email": "2023-2024-hl-u10-blue-hl-u10-blue-henry-coach@domain.com",
        "inserted": "2022-03-09T19:06:48.658Z",
        "updated": "2022-03-09T19:06:48.658Z",
        "groups": [],
        "user_permissions": []
    }
},
{
    "model": "core.user",
    "pk": 38,
    "fields": {
        "password": "",
        "last_login": null,
        "is_superuser": false,
        "first_name": "",
        "last_name": "",
        "is_staff": false,
        "is_active": true,
        "date_joined": "2022-03-09T19:06:48.666Z",
        "username": "2023-2024-hl-u10-white-subdivision@domain.com",
        "email": "2023-2024-hl-u10-white-subdivision@domain.com",
        "inserted": "2022-03-09T19:06:48.666Z",
        "updated": "2022-03-09T19:06:48.666Z",
        "groups": [],
        "user_permissions": []
    }
},
{
    "model": "core.user",
    "pk": 39,
    "fields": {
        "password": "",
        "last_login": null,
        "is_superuser": false,
        "first_name": "",
        "last_name": "",
        "is_staff": false,
        "is_active": true,
        "date_joined": "2022-03-09T19:06:48.674Z",
        "username": "2023-2024-hl-u10-white-hl-u10-white-graham-coach@domain.com",
        "email": "2023-2024-hl-u10-white-hl-u10-white-graham-coach@domain.com",
        "inserted": "2022-03-09T19:06:48.674Z",
        "updated": "2022-03-09T19:06:48.674Z",
        "groups": [],
        "user_permissions": []
    }
},
{
    "model": "core.user",
    "pk": 40,
    "fields": {
        "password": "",
        "last_login": null,
        "is_superuser": false,
        "first_name": "",
        "last_name": "",
        "is_staff": false,
        "is_active": true,
        "date_joined": "2022-03-09T19:06:48.682Z",
        "username": "2023-2024-hl-u10-white-hl-u10-white-henry-coach@domain.com",
        "email": "2023-2024-hl-u10-white-hl-u10-white-henry-coach@domain.com",
        "inserted": "2022-03-09T19:06:48.682Z",
        "updated": "2022-03-09T19:06:48.682Z",
        "groups": [],
        "user_permissions": []
    }
},
{
    "model": "core.user",
    "pk": 41,
    "fields": {
        "password": "",
        "last_login": null,
        "is_superuser": false,
        "first_name": "",
        "last_name": "",
        "is_staff": false,
        "is_active": true,
        "date_joined": "2022-03-09T19:06:48.690Z",
        "username": "2023-2024-hl-u11-division@domain.com",
        "email": "2023-2024-hl-u11-division@domain.com",
        "inserted": "2022-03-09T19:06:48.690Z",
        "updated": "2022-03-09T19:06:48.690Z",
        "groups": [],
        "user_permissions": []
    }
},
{
    "model": "core.user",
    "pk": 42,
    "fields": {
        "password": "",
        "last_login": null,
        "is_superuser": false,
        "first_name": "",
        "last_name": "",
        "is_staff": false,
        "is_active": true,
        "date_joined": "2022-03-09T19:06:48.699Z",
        "username": "2023-2024-hl-u11-blue-subdivision@domain.com",
        "email": "2023-2024-hl-u11-blue-subdivision@domain.com",
        "inserted": "2022-03-09T19:06:48.700Z",
        "updated": "2022-03-09T19:06:48.700Z",
        "groups": [],
        "user_permissions": []
    }
},
{
    "model": "core.user",
    "pk": 43,
    "fields": {
        "password": "",
        "last_login": null,
        "is_superuser": false,
        "first_name": "",
        "last_name": "",
        "is_staff": false,
        "is_active": true,
        "date_joined": "2022-03-09T19:06:48.708Z",
        "username": "2023-2024-hl-u11-blue-hl-u11-blue-graham-coach@domain.com",
        "email": "2023-2024-hl-u11-blue-hl-u11-blue-graham-coach@domain.com",
        "inserted": "2022-03-09T19:06:48.708Z",
        "updated": "2022-03-09T19:06:48.708Z",
        "groups": [],
        "user_permissions": []
    }
},
{
    "model": "core.user",
    "pk": 44,
    "fields": {
        "password": "",
        "last_login": null,
        "is_superuser": false,
        "first_name": "",
        "last_name": "",
        "is_staff": false,
        "is_active": true,
        "date_joined": "2022-03-09T19:06:48.716Z",
        "username": "2023-2024-hl-u11-blue-hl-u11-blue-henry-coach@domain.com",
        "email": "2023-2024-hl-u11-blue-hl-u11-blue-henry-coach@domain.com",
        "inserted": "2022-03-09T19:06:48.717Z",
        "updated": "2022-03-09T19:06:48.717Z",
        "groups": [],
        "user_permissions": []
    }
},
{
    "model": "core.user",
    "pk": 45,
    "fields": {
        "password": "",
        "last_login": null,
        "is_superuser": false,
        "first_name": "",
        "last_name": "",
        "is_staff": false,
        "is_active": true,
        "date_joined": "2022-03-09T19:06:48.725Z",
        "username": "2023-2024-hl-u11-white-subdivision@domain.com",
        "email": "2023-2024-hl-u11-white-subdivision@domain.com",
        "inserted": "2022-03-09T19:06:48.725Z",
        "updated": "2022-03-09T19:06:48.725Z",
        "groups": [],
        "user_permissions": []
    }
},
{
    "model": "core.user",
    "pk": 46,
    "fields": {
        "password": "",
        "last_login": null,
        "is_superuser": false,
        "first_name": "",
        "last_name": "",
        "is_staff": false,
        "is_active": true,
        "date_joined": "2022-03-09T19:06:48.734Z",
        "username": "2023-2024-hl-u11-white-hl-u11-white-graham-coach@domain.com",
        "email": "2023-2024-hl-u11-white-hl-u11-white-graham-coach@domain.com",
        "inserted": "2022-03-09T19:06:48.734Z",
        "updated": "2022-03-09T19:06:48.734Z",
        "groups": [],
        "user_permissions": []
    }
},
{
    "model": "core.user",
    "pk": 47,
    "fields": {
        "password": "",
        "last_login": null,
        "is_superuser": false,
        "first_name": "",
        "last_name": "",
        "is_staff": false,
        "is_active": true,
        "date_joined": "2022-03-09T19:06:48.742Z",
        "username": "2023-2024-hl-u11-white-hl-u11-white-henry-coach@domain.com",
        "email": "2023-2024-hl-u11-white-hl-u11-white-henry-coach@domain.com",
        "inserted": "2022-03-09T19:06:48.743Z",
        "updated": "2022-03-09T19:06:48.743Z",
        "groups": [],
        "user_permissions": []
    }
},
{
    "model": "core.user",
    "pk": 48,
    "fields": {
        "password": "",
        "last_login": null,
        "is_superuser": false,
        "first_name": "",
        "last_name": "",
        "is_staff": false,
        "is_active": true,
        "date_joined": "2022-03-09T19:06:48.751Z",
        "username": "2023-2024-rep-vp@domain.com",
        "email": "2023-2024-rep-vp@domain.com",
        "inserted": "2022-03-09T19:06:48.752Z",
        "updated": "2022-03-09T19:06:48.752Z",
        "groups": [],
        "user_permissions": []
    }
},
{
    "model": "core.user",
    "pk": 49,
    "fields": {
        "password": "",
        "last_login": null,
        "is_superuser": false,
        "first_name": "",
        "last_name": "",
        "is_staff": false,
        "is_active": true,
        "date_joined": "2022-03-09T19:06:48.760Z",
        "username": "2023-2024-rep-u10-division@domain.com",
        "email": "2023-2024-rep-u10-division@domain.com",
        "inserted": "2022-03-09T19:06:48.760Z",
        "updated": "2022-03-09T19:06:48.760Z",
        "groups": [],
        "user_permissions": []
    }
},
{
    "model": "core.user",
    "pk": 50,
    "fields": {
        "password": "",
        "last_login": null,
        "is_superuser": false,
        "first_name": "",
        "last_name": "",
        "is_staff": false,
        "is_active": true,
        "date_joined": "2022-03-09T19:06:48.768Z",
        "username": "2023-2024-rep-u10-a-subdivision@domain.com",
        "email": "2023-2024-rep-u10-a-subdivision@domain.com",
        "inserted": "2022-03-09T19:06:48.769Z",
        "updated": "2022-03-09T19:06:48.769Z",
        "groups": [],
        "user_permissions": []
    }
},
{
    "model": "core.user",
    "pk": 51,
    "fields": {
        "password": "",
        "last_login": null,
        "is_superuser": false,
        "first_name": "",
        "last_name": "",
        "is_staff": false,
        "is_active": true,
        "date_joined": "2022-03-09T19:06:48.777Z",
        "username": "2023-2024-rep-u10-a-rep-u10-a-graham-coach@domain.com",
        "email": "2023-2024-rep-u10-a-rep-u10-a-graham-coach@domain.com",
        "inserted": "2022-03-09T19:06:48.778Z",
        "updated": "2022-03-09T19:06:48.778Z",
        "groups": [],
        "user_permissions": []
    }
},
{
    "model": "core.user",
    "pk": 52,
    "fields": {
        "password": "",
        "last_login": null,
        "is_superuser": false,
        "first_name": "",
        "last_name": "",
        "is_staff": false,
        "is_active": true,
        "date_joined": "2022-03-09T19:06:48.787Z",
        "username": "2023-2024-rep-u10-a-rep-u10-a-henry-coach@domain.com",
        "email": "2023-2024-rep-u10-a-rep-u10-a-henry-coach@domain.com",
        "inserted": "2022-03-09T19:06:48.787Z",
        "updated": "2022-03-09T19:06:48.787Z",
        "groups": [],
        "user_permissions": []
    }
},
{
    "model": "core.user",
    "pk": 53,
    "fields": {
        "password": "",
        "last_login": null,
        "is_superuser": false,
        "first_name": "",
        "last_name": "",
        "is_staff": false,
        "is_active": true,
        "date_joined": "2022-03-09T19:06:48.795Z",
        "username": "2023-2024-rep-u10-aa-subdivision@domain.com",
        "email": "2023-2024-rep-u10-aa-subdivision@domain.com",
        "inserted": "2022-03-09T19:06:48.795Z",
        "updated": "2022-03-09T19:06:48.795Z",
        "groups": [],
        "user_permissions": []
    }
},
{
    "model": "core.user",
    "pk": 54,
    "fields": {
        "password": "",
        "last_login": null,
        "is_superuser": false,
        "first_name": "",
        "last_name": "",
        "is_staff": false,
        "is_active": true,
        "date_joined": "2022-03-09T19:06:48.804Z",
        "username": "2023-2024-rep-u10-aa-rep-u10-aa-graham-coach@domain.com",
        "email": "2023-2024-rep-u10-aa-rep-u10-aa-graham-coach@domain.com",
        "inserted": "2022-03-09T19:06:48.805Z",
        "updated": "2022-03-09T19:06:48.805Z",
        "groups": [],
        "user_permissions": []
    }
},
{
    "model": "core.user",
    "pk": 55,
    "fields": {
        "password": "",
        "last_login": null,
        "is_superuser": false,
        "first_name": "",
        "last_name": "",
        "is_staff": false,
        "is_active": true,
        "date_joined": "2022-03-09T19:06:48.814Z",
        "username": "2023-2024-rep-u10-aa-rep-u10-aa-henry-coach@domain.com",
        "email": "2023-2024-rep-u10-aa-rep-u10-aa-henry-coach@domain.com",
        "inserted": "2022-03-09T19:06:48.814Z",
        "updated": "2022-03-09T19:06:48.814Z",
        "groups": [],
        "user_permissions": []
    }
},
{
    "model": "core.user",
    "pk": 56,
    "fields": {
        "password": "",
        "last_login": null,
        "is_superuser": false,
        "first_name": "",
        "last_name": "",
        "is_staff": false,
        "is_active": true,
        "date_joined": "2022-03-09T19:06:48.822Z",
        "username": "2023-2024-rep-u11-division@domain.com",
        "email": "2023-2024-rep-u11-division@domain.com",
        "inserted": "2022-03-09T19:06:48.822Z",
        "updated": "2022-03-09T19:06:48.822Z",
        "groups": [],
        "user_permissions": []
    }
},
{
    "model": "core.user",
    "pk": 57,
    "fields": {
        "password": "",
        "last_login": null,
        "is_superuser": false,
        "first_name": "",
        "last_name": "",
        "is_staff": false,
        "is_active": true,
        "date_joined": "2022-03-09T19:06:48.830Z",
        "username": "2023-2024-rep-u11-a-subdivision@domain.com",
        "email": "2023-2024-rep-u11-a-subdivision@domain.com",
        "inserted": "2022-03-09T19:06:48.831Z",
        "updated": "2022-03-09T19:06:48.831Z",
        "groups": [],
        "user_permissions": []
    }
},
{
    "model": "core.user",
    "pk": 58,
    "fields": {
        "password": "",
        "last_login": null,
        "is_superuser": false,
        "first_name": "",
        "last_name": "",
        "is_staff": false,
        "is_active": true,
        "date_joined": "2022-03-09T19:06:48.839Z",
        "username": "2023-2024-rep-u11-a-rep-u11-a-graham-coach@domain.com",
        "email": "2023-2024-rep-u11-a-rep-u11-a-graham-coach@domain.com",
        "inserted": "2022-03-09T19:06:48.839Z",
        "updated": "2022-03-09T19:06:48.839Z",
        "groups": [],
        "user_permissions": []
    }
},
{
    "model": "core.user",
    "pk": 59,
    "fields": {
        "password": "",
        "last_login": null,
        "is_superuser": false,
        "first_name": "",
        "last_name": "",
        "is_staff": false,
        "is_active": true,
        "date_joined": "2022-03-09T19:06:48.849Z",
        "username": "2023-2024-rep-u11-a-rep-u11-a-henry-coach@domain.com",
        "email": "2023-2024-rep-u11-a-rep-u11-a-henry-coach@domain.com",
        "inserted": "2022-03-09T19:06:48.850Z",
        "updated": "2022-03-09T19:06:48.850Z",
        "groups": [],
        "user_permissions": []
    }
},
{
    "model": "core.user",
    "pk": 60,
    "fields": {
        "password": "",
        "last_login": null,
        "is_superuser": false,
        "first_name": "",
        "last_name": "",
        "is_staff": false,
        "is_active": true,
        "date_joined": "2022-03-09T19:06:48.859Z",
        "username": "2023-2024-rep-u11-aa-subdivision@domain.com",
        "email": "2023-2024-rep-u11-aa-subdivision@domain.com",
        "inserted": "2022-03-09T19:06:48.859Z",
        "updated": "2022-03-09T19:06:48.859Z",
        "groups": [],
        "user_permissions": []
    }
},
{
    "model": "core.user",
    "pk": 61,
    "fields": {
        "password": "",
        "last_login": null,
        "is_superuser": false,
        "first_name": "",
        "last_name": "",
        "is_staff": false,
        "is_active": true,
        "date_joined": "2022-03-09T19:06:48.868Z",
        "username": "2023-2024-rep-u11-aa-rep-u11-aa-graham-coach@domain.com",
        "email": "2023-2024-rep-u11-aa-rep-u11-aa-graham-coach@domain.com",
        "inserted": "2022-03-09T19:06:48.868Z",
        "updated": "2022-03-09T19:06:48.868Z",
        "groups": [],
        "user_permissions": []
    }
},
{
    "model": "core.user",
    "pk": 62,
    "fields": {
        "password": "",
        "last_login": null,
        "is_superuser": false,
        "first_name": "",
        "last_name": "",
        "is_staff": false,
        "is_active": true,
        "date_joined": "2022-03-09T19:06:48.878Z",
        "username": "2023-2024-rep-u11-aa-rep-u11-aa-henry-coach@domain.com",
        "email": "2023-2024-rep-u11-aa-rep-u11-aa-henry-coach@domain.com",
        "inserted": "2022-03-09T19:06:48.878Z",
        "updated": "2022-03-09T19:06:48.878Z",
        "groups": [],
        "user_permissions": []
    }
},
{
    "model": "core.season",
    "pk": 1,
    "fields": {
        "old_sk_id": null,
        "inserted": "2022-03-09T19:06:48.324Z",
        "updated": "2022-03-09T19:06:48.324Z",
        "hockey_canada_id": null,
        "hockey_canada_system_id": null,
        "name": "2022-2023",
        "start": "2022-09-01",
        "end": "2023-08-31",
        "mbs_id": 0,
        "gsi_id": 0
    }
},
{
    "model": "core.season",
    "pk": 2,
    "fields": {
        "old_sk_id": null,
        "inserted": "2022-03-09T19:06:48.612Z",
        "updated": "2022-03-09T19:06:48.612Z",
        "hockey_canada_id": null,
        "hockey_canada_system_id": null,
        "name": "2023-2024",
        "start": "2023-09-01",
        "end": "2024-08-31",
        "mbs_id": 0,
        "gsi_id": 0
    }
},
{
    "model": "core.league",
    "pk": 1,
    "fields": {
        "old_sk_id": null,
        "inserted": "2022-03-09T19:06:48.333Z",
        "updated": "2022-03-09T19:06:48.333Z",
        "hockey_canada_id": null,
        "hockey_canada_system_id": null,
        "season": 1,
        "name": "HL",
        "weight": 0
    }
},
{
    "model": "core.league",
    "pk": 2,
    "fields": {
        "old_sk_id": null,
        "inserted": "2022-03-09T19:06:48.481Z",
        "updated": "2022-03-09T19:06:48.481Z",
        "hockey_canada_id": null,
        "hockey_canada_system_id": null,
        "season": 1,
        "name": "REP",
        "weight": 1
    }
},
{
    "model": "core.league",
    "pk": 3,
    "fields": {
        "old_sk_id": null,
        "inserted": "2022-03-09T19:06:48.619Z",
        "updated": "2022-03-09T19:06:48.619Z",
        "hockey_canada_id": null,
        "hockey_canada_system_id": null,
        "season": 2,
        "name": "HL",
        "weight": 0
    }
},
{
    "model": "core.league",
    "pk": 4,
    "fields": {
        "old_sk_id": null,
        "inserted": "2022-03-09T19:06:48.748Z",
        "updated": "2022-03-09T19:06:48.748Z",
        "hockey_canada_id": null,
        "hockey_canada_system_id": null,
        "season": 2,
        "name": "REP",
        "weight": 1
    }
},
{
    "model": "core.division",
    "pk": 1,
    "fields": {
        "old_sk_id": null,
        "inserted": "2022-03-09T19:06:48.344Z",
        "updated": "2022-03-09T19:06:48.344Z",
        "hockey_canada_id": null,
        "hockey_canada_system_id": null,
        "season": 1,
        "league": 1,
        "name": "U10",
        "age_from": 0,
        "age_to": 0,
        "weight": 0
    }
},
{
    "model": "core.division",
    "pk": 2,
    "fields": {
        "old_sk_id": null,
        "inserted": "2022-03-09T19:06:48.417Z",
        "updated": "2022-03-09T19:06:48.417Z",
        "hockey_canada_id": null,
        "hockey_canada_system_id": null,
        "season": 1,
        "league": 1,
        "name": "U11",
        "age_from": 0,
        "age_to": 0,
        "weight": 1
    }
},
{
    "model": "core.division",
    "pk": 3,
    "fields": {
        "old_sk_id": null,
        "inserted": "2022-03-09T19:06:48.489Z",
        "updated": "2022-03-09T19:06:48.489Z",
        "hockey_canada_id": null,
        "hockey_canada_system_id": null,
        "season": 1,
        "league": 2,
        "name": "U10",
        "age_from": 0,
        "age_to": 0,
        "weight": 2
    }
},
{
    "model": "core.division",
    "pk": 4,
    "fields": {
        "old_sk_id": null,
        "inserted": "2022-03-09T19:06:48.551Z",
        "updated": "2022-03-09T19:06:48.551Z",
        "hockey_canada_id": null,
        "hockey_canada_system_id": null,
        "season": 1,
        "league": 2,
        "name": "U11",
        "age_from": 0,
        "age_to": 0,
        "weight": 3
    }
},
{
    "model": "core.division",
    "pk": 5,
    "fields": {
        "old_sk_id": null,
        "inserted": "2022-03-09T19:06:48.628Z",
        "updated": "2022-03-09T19:06:48.628Z",
        "hockey_canada_id": null,
        "hockey_canada_system_id": null,
        "season": 2,
        "league": 3,
        "name": "U10",
        "age_from": 0,
        "age_to": 0,
        "weight": 0
    }
},
{
    "model": "core.division",
    "pk": 6,
    "fields": {
        "old_sk_id": null,
        "inserted": "2022-03-09T19:06:48.687Z",
        "updated": "2022-03-09T19:06:48.687Z",
        "hockey_canada_id": null,
        "hockey_canada_system_id": null,
        "season": 2,
        "league": 3,
        "name": "U11",
        "age_from": 0,
        "age_to": 0,
        "weight": 1
    }
},
{
    "model": "core.division",
    "pk": 7,
    "fields": {
        "old_sk_id": null,
        "inserted": "2022-03-09T19:06:48.756Z",
        "updated": "2022-03-09T19:06:48.756Z",
        "hockey_canada_id": null,
        "hockey_canada_system_id": null,
        "season": 2,
        "league": 4,
        "name": "U10",
        "age_from": 0,
        "age_to": 0,
        "weight": 2
    }
},
{
    "model": "core.division",
    "pk": 8,
    "fields": {
        "old_sk_id": null,
        "inserted": "2022-03-09T19:06:48.818Z",
        "updated": "2022-03-09T19:06:48.818Z",
        "hockey_canada_id": null,
        "hockey_canada_system_id": null,
        "season": 2,
        "league": 4,
        "name": "U11",
        "age_from": 0,
        "age_to": 0,
        "weight": 3
    }
},
{
    "model": "core.subdivision",
    "pk": 1,
    "fields": {
        "old_sk_id": null,
        "inserted": "2022-03-09T19:06:48.355Z",
        "updated": "2022-03-09T19:06:48.355Z",
        "hockey_canada_id": null,
        "hockey_canada_system_id": null,
        "season": 1,
        "league": 1,
        "division": 1,
        "name": "Blue",
        "weight": 0,
        "body_checking": false
    }
},
{
    "model": "core.subdivision",
    "pk": 2,
    "fields": {
        "old_sk_id": null,
        "inserted": "2022-03-09T19:06:48.388Z",
        "updated": "2022-03-09T19:06:48.388Z",
        "hockey_canada_id": null,
        "hockey_canada_system_id": null,
        "season": 1,
        "league": 1,
        "division": 1,
        "name": "White",
        "weight": 1,
        "body_checking": false
    }
},
{
    "model": "core.subdivision",
    "pk": 3,
    "fields": {
        "old_sk_id": null,
        "inserted": "2022-03-09T19:06:48.426Z",
        "updated": "2022-03-09T19:06:48.426Z",
        "hockey_canada_id": null,
        "hockey_canada_system_id": null,
        "season": 1,
        "league": 1,
        "division": 2,
        "name": "Blue",
        "weight": 2,
        "body_checking": false
    }
},
{
    "model": "core.subdivision",
    "pk": 4,
    "fields": {
        "old_sk_id": null,
        "inserted": "2022-03-09T19:06:48.454Z",
        "updated": "2022-03-09T19:06:48.454Z",
        "hockey_canada_id": null,
        "hockey_canada_system_id": null,
        "season": 1,
        "league": 1,
        "division": 2,
        "name": "White",
        "weight": 3,
        "body_checking": false
    }
},
{
    "model": "core.subdivision",
    "pk": 5,
    "fields": {
        "old_sk_id": null,
        "inserted": "2022-03-09T19:06:48.498Z",
        "updated": "2022-03-09T19:06:48.498Z",
        "hockey_canada_id": null,
        "hockey_canada_system_id": null,
        "season": 1,
        "league": 2,
        "division": 3,
        "name": "A",
        "weight": 4,
        "body_checking": false
    }
},
{
    "model": "core.subdivision",
    "pk": 6,
    "fields": {
        "old_sk_id": null,
        "inserted": "2022-03-09T19:06:48.525Z",
        "updated": "2022-03-09T19:06:48.525Z",
        "hockey_canada_id": null,
        "hockey_canada_system_id": null,
        "season": 1,
        "league": 2,
        "division": 3,
        "name": "AA",
        "weight": 5,
        "body_checking": false
    }
},
{
    "model": "core.subdivision",
    "pk": 7,
    "fields": {
        "old_sk_id": null,
        "inserted": "2022-03-09T19:06:48.560Z",
        "updated": "2022-03-09T19:06:48.560Z",
        "hockey_canada_id": null,
        "hockey_canada_system_id": null,
        "season": 1,
        "league": 2,
        "division": 4,
        "name": "A",
        "weight": 6,
        "body_checking": false
    }
},
{
    "model": "core.subdivision",
    "pk": 8,
    "fields": {
        "old_sk_id": null,
        "inserted": "2022-03-09T19:06:48.585Z",
        "updated": "2022-03-09T19:06:48.585Z",
        "hockey_canada_id": null,
        "hockey_canada_system_id": null,
        "season": 1,
        "league": 2,
        "division": 4,
        "name": "AA",
        "weight": 7,
        "body_checking": false
    }
},
{
    "model": "core.subdivision",
    "pk": 9,
    "fields": {
        "old_sk_id": null,
        "inserted": "2022-03-09T19:06:48.637Z",
        "updated": "2022-03-09T19:06:48.637Z",
        "hockey_canada_id": null,
        "hockey_canada_system_id": null,
        "season": 2,
        "league": 3,
        "division": 5,
        "name": "Blue",
        "weight": 0,
        "body_checking": false
    }
},
{
    "model": "core.subdivision",
    "pk": 10,
    "fields": {
        "old_sk_id": null,
        "inserted": "2022-03-09T19:06:48.662Z",
        "updated": "2022-03-09T19:06:48.662Z",
        "hockey_canada_id": null,
        "hockey_canada_system_id": null,
        "season": 2,
        "league": 3,
        "division": 5,
        "name": "White",
        "weight": 1,
        "body_checking": false
    }
},
{
    "model": "core.subdivision",
    "pk": 11,
    "fields": {
        "old_sk_id": null,
        "inserted": "2022-03-09T19:06:48.695Z",
        "updated": "2022-03-09T19:06:48.695Z",
        "hockey_canada_id": null,
        "hockey_canada_system_id": null,
        "season": 2,
        "league": 3,
        "division": 6,
        "name": "Blue",
        "weight": 2,
        "body_checking": false
    }
},
{
    "model": "core.subdivision",
    "pk": 12,
    "fields": {
        "old_sk_id": null,
        "inserted": "2022-03-09T19:06:48.721Z",
        "updated": "2022-03-09T19:06:48.721Z",
        "hockey_canada_id": null,
        "hockey_canada_system_id": null,
        "season": 2,
        "league": 3,
        "division": 6,
        "name": "White",
        "weight": 3,
        "body_checking": false
    }
},
{
    "model": "core.subdivision",
    "pk": 13,
    "fields": {
        "old_sk_id": null,
        "inserted": "2022-03-09T19:06:48.765Z",
        "updated": "2022-03-09T19:06:48.765Z",
        "hockey_canada_id": null,
        "hockey_canada_system_id": null,
        "season": 2,
        "league": 4,
        "division": 7,
        "name": "A",
        "weight": 4,
        "body_checking": false
    }
},
{
    "model": "core.subdivision",
    "pk": 14,
    "fields": {
        "old_sk_id": null,
        "inserted": "2022-03-09T19:06:48.792Z",
        "updated": "2022-03-09T19:06:48.792Z",
        "hockey_canada_id": null,
        "hockey_canada_system_id": null,
        "season": 2,
        "league": 4,
        "division": 7,
        "name": "AA",
        "weight": 5,
        "body_checking": false
    }
},
{
    "model": "core.subdivision",
    "pk": 15,
    "fields": {
        "old_sk_id": null,
        "inserted": "2022-03-09T19:06:48.827Z",
        "updated": "2022-03-09T19:06:48.827Z",
        "hockey_canada_id": null,
        "hockey_canada_system_id": null,
        "season": 2,
        "league": 4,
        "division": 8,
        "name": "A",
        "weight": 6,
        "body_checking": false
    }
},
{
    "model": "core.subdivision",
    "pk": 16,
    "fields": {
        "old_sk_id": null,
        "inserted": "2022-03-09T19:06:48.855Z",
        "updated": "2022-03-09T19:06:48.855Z",
        "hockey_canada_id": null,
        "hockey_canada_system_id": null,
        "season": 2,
        "league": 4,
        "division": 8,
        "name": "AA",
        "weight": 7,
        "body_checking": false
    }
}
]
