[
{
    "model": "team.team",
    "pk": 1,
    "fields": {
        "old_sk_id": null,
        "inserted": "2022-03-10T14:26:27.576Z",
        "inserted_by": null,
        "updated": "2022-03-10T14:26:27.609Z",
        "updated_by": null,
        "hockey_canada_id": null,
        "hockey_canada_system_id": null,
        "season": 1,
        "league": 1,
        "division": 1,
        "subdivision": 1,
        "name": "Graham",
        "number": 0,
        "status": 19,
        "players_has_changed_flag": false,
        "staff_has_changed_flag": true,
        "jersey_home": "",
        "jersey_away": "",
        "submitted": false,
        "submitted_date": null,
        "approved": false,
        "active": true,
        "draft_start_position": 1,
        "weight": 0
    }
},
{
    "model": "team.team",
    "pk": 2,
    "fields": {
        "old_sk_id": null,
        "inserted": "2022-03-10T14:26:27.615Z",
        "inserted_by": null,
        "updated": "2022-03-10T14:26:27.672Z",
        "updated_by": null,
        "hockey_canada_id": null,
        "hockey_canada_system_id": null,
        "season": 1,
        "league": 1,
        "division": 1,
        "subdivision": 1,
        "name": "Henry",
        "number": 0,
        "status": 19,
        "players_has_changed_flag": false,
        "staff_has_changed_flag": true,
        "jersey_home": "",
        "jersey_away": "",
        "submitted": false,
        "submitted_date": null,
        "approved": false,
        "active": true,
        "draft_start_position": 1,
        "weight": 1
    }
},
{
    "model": "team.team",
    "pk": 3,
    "fields": {
        "old_sk_id": null,
        "inserted": "2022-03-10T14:26:27.690Z",
        "inserted_by": null,
        "updated": "2022-03-10T14:26:27.722Z",
        "updated_by": null,
        "hockey_canada_id": null,
        "hockey_canada_system_id": null,
        "season": 1,
        "league": 1,
        "division": 1,
        "subdivision": 2,
        "name": "Graham",
        "number": 0,
        "status": 19,
        "players_has_changed_flag": false,
        "staff_has_changed_flag": true,
        "jersey_home": "",
        "jersey_away": "",
        "submitted": false,
        "submitted_date": null,
        "approved": false,
        "active": true,
        "draft_start_position": 1,
        "weight": 2
    }
},
{
    "model": "team.team",
    "pk": 4,
    "fields": {
        "old_sk_id": null,
        "inserted": "2022-03-10T14:26:27.728Z",
        "inserted_by": null,
        "updated": "2022-03-10T14:26:27.756Z",
        "updated_by": null,
        "hockey_canada_id": null,
        "hockey_canada_system_id": null,
        "season": 1,
        "league": 1,
        "division": 1,
        "subdivision": 2,
        "name": "Henry",
        "number": 0,
        "status": 19,
        "players_has_changed_flag": false,
        "staff_has_changed_flag": true,
        "jersey_home": "",
        "jersey_away": "",
        "submitted": false,
        "submitted_date": null,
        "approved": false,
        "active": true,
        "draft_start_position": 1,
        "weight": 3
    }
},
{
    "model": "team.team",
    "pk": 5,
    "fields": {
        "old_sk_id": null,
        "inserted": "2022-03-10T14:26:27.783Z",
        "inserted_by": null,
        "updated": "2022-03-10T14:26:27.809Z",
        "updated_by": null,
        "hockey_canada_id": null,
        "hockey_canada_system_id": null,
        "season": 1,
        "league": 1,
        "division": 2,
        "subdivision": 3,
        "name": "Graham",
        "number": 0,
        "status": 19,
        "players_has_changed_flag": false,
        "staff_has_changed_flag": true,
        "jersey_home": "",
        "jersey_away": "",
        "submitted": false,
        "submitted_date": null,
        "approved": false,
        "active": true,
        "draft_start_position": 1,
        "weight": 4
    }
},
{
    "model": "team.team",
    "pk": 6,
    "fields": {
        "old_sk_id": null,
        "inserted": "2022-03-10T14:26:27.814Z",
        "inserted_by": null,
        "updated": "2022-03-10T14:26:27.841Z",
        "updated_by": null,
        "hockey_canada_id": null,
        "hockey_canada_system_id": null,
        "season": 1,
        "league": 1,
        "division": 2,
        "subdivision": 3,
        "name": "Henry",
        "number": 0,
        "status": 19,
        "players_has_changed_flag": false,
        "staff_has_changed_flag": true,
        "jersey_home": "",
        "jersey_away": "",
        "submitted": false,
        "submitted_date": null,
        "approved": false,
        "active": true,
        "draft_start_position": 1,
        "weight": 5
    }
},
{
    "model": "team.team",
    "pk": 7,
    "fields": {
        "old_sk_id": null,
        "inserted": "2022-03-10T14:26:27.855Z",
        "inserted_by": null,
        "updated": "2022-03-10T14:26:27.880Z",
        "updated_by": null,
        "hockey_canada_id": null,
        "hockey_canada_system_id": null,
        "season": 1,
        "league": 1,
        "division": 2,
        "subdivision": 4,
        "name": "Graham",
        "number": 0,
        "status": 19,
        "players_has_changed_flag": false,
        "staff_has_changed_flag": true,
        "jersey_home": "",
        "jersey_away": "",
        "submitted": false,
        "submitted_date": null,
        "approved": false,
        "active": true,
        "draft_start_position": 1,
        "weight": 6
    }
},
{
    "model": "team.team",
    "pk": 8,
    "fields": {
        "old_sk_id": null,
        "inserted": "2022-03-10T14:26:27.885Z",
        "inserted_by": null,
        "updated": "2022-03-10T14:26:27.910Z",
        "updated_by": null,
        "hockey_canada_id": null,
        "hockey_canada_system_id": null,
        "season": 1,
        "league": 1,
        "division": 2,
        "subdivision": 4,
        "name": "Henry",
        "number": 0,
        "status": 19,
        "players_has_changed_flag": false,
        "staff_has_changed_flag": true,
        "jersey_home": "",
        "jersey_away": "",
        "submitted": false,
        "submitted_date": null,
        "approved": false,
        "active": true,
        "draft_start_position": 1,
        "weight": 7
    }
},
{
    "model": "team.team",
    "pk": 9,
    "fields": {
        "old_sk_id": null,
        "inserted": "2022-03-10T14:26:27.940Z",
        "inserted_by": null,
        "updated": "2022-03-10T14:26:27.965Z",
        "updated_by": null,
        "hockey_canada_id": null,
        "hockey_canada_system_id": null,
        "season": 1,
        "league": 2,
        "division": 3,
        "subdivision": 5,
        "name": "Graham",
        "number": 0,
        "status": 19,
        "players_has_changed_flag": false,
        "staff_has_changed_flag": true,
        "jersey_home": "",
        "jersey_away": "",
        "submitted": false,
        "submitted_date": null,
        "approved": false,
        "active": true,
        "draft_start_position": 1,
        "weight": 8
    }
},
{
    "model": "team.team",
    "pk": 10,
    "fields": {
        "old_sk_id": null,
        "inserted": "2022-03-10T14:26:27.970Z",
        "inserted_by": null,
        "updated": "2022-03-10T14:26:27.995Z",
        "updated_by": null,
        "hockey_canada_id": null,
        "hockey_canada_system_id": null,
        "season": 1,
        "league": 2,
        "division": 3,
        "subdivision": 5,
        "name": "Henry",
        "number": 0,
        "status": 19,
        "players_has_changed_flag": false,
        "staff_has_changed_flag": true,
        "jersey_home": "",
        "jersey_away": "",
        "submitted": false,
        "submitted_date": null,
        "approved": false,
        "active": true,
        "draft_start_position": 1,
        "weight": 9
    }
},
{
    "model": "team.team",
    "pk": 11,
    "fields": {
        "old_sk_id": null,
        "inserted": "2022-03-10T14:26:28.009Z",
        "inserted_by": null,
        "updated": "2022-03-10T14:26:28.034Z",
        "updated_by": null,
        "hockey_canada_id": null,
        "hockey_canada_system_id": null,
        "season": 1,
        "league": 2,
        "division": 3,
        "subdivision": 6,
        "name": "Graham",
        "number": 0,
        "status": 19,
        "players_has_changed_flag": false,
        "staff_has_changed_flag": true,
        "jersey_home": "",
        "jersey_away": "",
        "submitted": false,
        "submitted_date": null,
        "approved": false,
        "active": true,
        "draft_start_position": 1,
        "weight": 10
    }
},
{
    "model": "team.team",
    "pk": 12,
    "fields": {
        "old_sk_id": null,
        "inserted": "2022-03-10T14:26:28.038Z",
        "inserted_by": null,
        "updated": "2022-03-10T14:26:28.064Z",
        "updated_by": null,
        "hockey_canada_id": null,
        "hockey_canada_system_id": null,
        "season": 1,
        "league": 2,
        "division": 3,
        "subdivision": 6,
        "name": "Henry",
        "number": 0,
        "status": 19,
        "players_has_changed_flag": false,
        "staff_has_changed_flag": true,
        "jersey_home": "",
        "jersey_away": "",
        "submitted": false,
        "submitted_date": null,
        "approved": false,
        "active": true,
        "draft_start_position": 1,
        "weight": 11
    }
},
{
    "model": "team.team",
    "pk": 13,
    "fields": {
        "old_sk_id": null,
        "inserted": "2022-03-10T14:26:28.087Z",
        "inserted_by": null,
        "updated": "2022-03-10T14:26:28.113Z",
        "updated_by": null,
        "hockey_canada_id": null,
        "hockey_canada_system_id": null,
        "season": 1,
        "league": 2,
        "division": 4,
        "subdivision": 7,
        "name": "Graham",
        "number": 0,
        "status": 19,
        "players_has_changed_flag": false,
        "staff_has_changed_flag": true,
        "jersey_home": "",
        "jersey_away": "",
        "submitted": false,
        "submitted_date": null,
        "approved": false,
        "active": true,
        "draft_start_position": 1,
        "weight": 12
    }
},
{
    "model": "team.team",
    "pk": 14,
    "fields": {
        "old_sk_id": null,
        "inserted": "2022-03-10T14:26:28.117Z",
        "inserted_by": null,
        "updated": "2022-03-10T14:26:28.142Z",
        "updated_by": null,
        "hockey_canada_id": null,
        "hockey_canada_system_id": null,
        "season": 1,
        "league": 2,
        "division": 4,
        "subdivision": 7,
        "name": "Henry",
        "number": 0,
        "status": 19,
        "players_has_changed_flag": false,
        "staff_has_changed_flag": true,
        "jersey_home": "",
        "jersey_away": "",
        "submitted": false,
        "submitted_date": null,
        "approved": false,
        "active": true,
        "draft_start_position": 1,
        "weight": 13
    }
},
{
    "model": "team.team",
    "pk": 15,
    "fields": {
        "old_sk_id": null,
        "inserted": "2022-03-10T14:26:28.156Z",
        "inserted_by": null,
        "updated": "2022-03-10T14:26:28.180Z",
        "updated_by": null,
        "hockey_canada_id": null,
        "hockey_canada_system_id": null,
        "season": 1,
        "league": 2,
        "division": 4,
        "subdivision": 8,
        "name": "Graham",
        "number": 0,
        "status": 19,
        "players_has_changed_flag": false,
        "staff_has_changed_flag": true,
        "jersey_home": "",
        "jersey_away": "",
        "submitted": false,
        "submitted_date": null,
        "approved": false,
        "active": true,
        "draft_start_position": 1,
        "weight": 14
    }
},
{
    "model": "team.team",
    "pk": 16,
    "fields": {
        "old_sk_id": null,
        "inserted": "2022-03-10T14:26:28.185Z",
        "inserted_by": null,
        "updated": "2022-03-10T14:26:28.209Z",
        "updated_by": null,
        "hockey_canada_id": null,
        "hockey_canada_system_id": null,
        "season": 1,
        "league": 2,
        "division": 4,
        "subdivision": 8,
        "name": "Henry",
        "number": 0,
        "status": 19,
        "players_has_changed_flag": false,
        "staff_has_changed_flag": true,
        "jersey_home": "",
        "jersey_away": "",
        "submitted": false,
        "submitted_date": null,
        "approved": false,
        "active": true,
        "draft_start_position": 1,
        "weight": 15
    }
},
{
    "model": "team.team",
    "pk": 17,
    "fields": {
        "old_sk_id": null,
        "inserted": "2022-03-10T14:26:28.248Z",
        "inserted_by": null,
        "updated": "2022-03-10T14:26:28.272Z",
        "updated_by": null,
        "hockey_canada_id": null,
        "hockey_canada_system_id": null,
        "season": 2,
        "league": 3,
        "division": 5,
        "subdivision": 9,
        "name": "Graham",
        "number": 0,
        "status": 19,
        "players_has_changed_flag": false,
        "staff_has_changed_flag": true,
        "jersey_home": "",
        "jersey_away": "",
        "submitted": false,
        "submitted_date": null,
        "approved": false,
        "active": true,
        "draft_start_position": 1,
        "weight": 0
    }
},
{
    "model": "team.team",
    "pk": 18,
    "fields": {
        "old_sk_id": null,
        "inserted": "2022-03-10T14:26:28.277Z",
        "inserted_by": null,
        "updated": "2022-03-10T14:26:28.302Z",
        "updated_by": null,
        "hockey_canada_id": null,
        "hockey_canada_system_id": null,
        "season": 2,
        "league": 3,
        "division": 5,
        "subdivision": 9,
        "name": "Henry",
        "number": 0,
        "status": 19,
        "players_has_changed_flag": false,
        "staff_has_changed_flag": true,
        "jersey_home": "",
        "jersey_away": "",
        "submitted": false,
        "submitted_date": null,
        "approved": false,
        "active": true,
        "draft_start_position": 1,
        "weight": 1
    }
},
{
    "model": "team.team",
    "pk": 19,
    "fields": {
        "old_sk_id": null,
        "inserted": "2022-03-10T14:26:28.315Z",
        "inserted_by": null,
        "updated": "2022-03-10T14:26:28.340Z",
        "updated_by": null,
        "hockey_canada_id": null,
        "hockey_canada_system_id": null,
        "season": 2,
        "league": 3,
        "division": 5,
        "subdivision": 10,
        "name": "Graham",
        "number": 0,
        "status": 19,
        "players_has_changed_flag": false,
        "staff_has_changed_flag": true,
        "jersey_home": "",
        "jersey_away": "",
        "submitted": false,
        "submitted_date": null,
        "approved": false,
        "active": true,
        "draft_start_position": 1,
        "weight": 2
    }
},
{
    "model": "team.team",
    "pk": 20,
    "fields": {
        "old_sk_id": null,
        "inserted": "2022-03-10T14:26:28.345Z",
        "inserted_by": null,
        "updated": "2022-03-10T14:26:28.369Z",
        "updated_by": null,
        "hockey_canada_id": null,
        "hockey_canada_system_id": null,
        "season": 2,
        "league": 3,
        "division": 5,
        "subdivision": 10,
        "name": "Henry",
        "number": 0,
        "status": 19,
        "players_has_changed_flag": false,
        "staff_has_changed_flag": true,
        "jersey_home": "",
        "jersey_away": "",
        "submitted": false,
        "submitted_date": null,
        "approved": false,
        "active": true,
        "draft_start_position": 1,
        "weight": 3
    }
},
{
    "model": "team.team",
    "pk": 21,
    "fields": {
        "old_sk_id": null,
        "inserted": "2022-03-10T14:26:28.392Z",
        "inserted_by": null,
        "updated": "2022-03-10T14:26:28.416Z",
        "updated_by": null,
        "hockey_canada_id": null,
        "hockey_canada_system_id": null,
        "season": 2,
        "league": 3,
        "division": 6,
        "subdivision": 11,
        "name": "Graham",
        "number": 0,
        "status": 19,
        "players_has_changed_flag": false,
        "staff_has_changed_flag": true,
        "jersey_home": "",
        "jersey_away": "",
        "submitted": false,
        "submitted_date": null,
        "approved": false,
        "active": true,
        "draft_start_position": 1,
        "weight": 4
    }
},
{
    "model": "team.team",
    "pk": 22,
    "fields": {
        "old_sk_id": null,
        "inserted": "2022-03-10T14:26:28.420Z",
        "inserted_by": null,
        "updated": "2022-03-10T14:26:28.444Z",
        "updated_by": null,
        "hockey_canada_id": null,
        "hockey_canada_system_id": null,
        "season": 2,
        "league": 3,
        "division": 6,
        "subdivision": 11,
        "name": "Henry",
        "number": 0,
        "status": 19,
        "players_has_changed_flag": false,
        "staff_has_changed_flag": true,
        "jersey_home": "",
        "jersey_away": "",
        "submitted": false,
        "submitted_date": null,
        "approved": false,
        "active": true,
        "draft_start_position": 1,
        "weight": 5
    }
},
{
    "model": "team.team",
    "pk": 23,
    "fields": {
        "old_sk_id": null,
        "inserted": "2022-03-10T14:26:28.457Z",
        "inserted_by": null,
        "updated": "2022-03-10T14:26:28.481Z",
        "updated_by": null,
        "hockey_canada_id": null,
        "hockey_canada_system_id": null,
        "season": 2,
        "league": 3,
        "division": 6,
        "subdivision": 12,
        "name": "Graham",
        "number": 0,
        "status": 19,
        "players_has_changed_flag": false,
        "staff_has_changed_flag": true,
        "jersey_home": "",
        "jersey_away": "",
        "submitted": false,
        "submitted_date": null,
        "approved": false,
        "active": true,
        "draft_start_position": 1,
        "weight": 6
    }
},
{
    "model": "team.team",
    "pk": 24,
    "fields": {
        "old_sk_id": null,
        "inserted": "2022-03-10T14:26:28.485Z",
        "inserted_by": null,
        "updated": "2022-03-10T14:26:28.510Z",
        "updated_by": null,
        "hockey_canada_id": null,
        "hockey_canada_system_id": null,
        "season": 2,
        "league": 3,
        "division": 6,
        "subdivision": 12,
        "name": "Henry",
        "number": 0,
        "status": 19,
        "players_has_changed_flag": false,
        "staff_has_changed_flag": true,
        "jersey_home": "",
        "jersey_away": "",
        "submitted": false,
        "submitted_date": null,
        "approved": false,
        "active": true,
        "draft_start_position": 1,
        "weight": 7
    }
},
{
    "model": "team.team",
    "pk": 25,
    "fields": {
        "old_sk_id": null,
        "inserted": "2022-03-10T14:26:28.541Z",
        "inserted_by": null,
        "updated": "2022-03-10T14:26:28.565Z",
        "updated_by": null,
        "hockey_canada_id": null,
        "hockey_canada_system_id": null,
        "season": 2,
        "league": 4,
        "division": 7,
        "subdivision": 13,
        "name": "Graham",
        "number": 0,
        "status": 19,
        "players_has_changed_flag": false,
        "staff_has_changed_flag": true,
        "jersey_home": "",
        "jersey_away": "",
        "submitted": false,
        "submitted_date": null,
        "approved": false,
        "active": true,
        "draft_start_position": 1,
        "weight": 8
    }
},
{
    "model": "team.team",
    "pk": 26,
    "fields": {
        "old_sk_id": null,
        "inserted": "2022-03-10T14:26:28.570Z",
        "inserted_by": null,
        "updated": "2022-03-10T14:26:28.595Z",
        "updated_by": null,
        "hockey_canada_id": null,
        "hockey_canada_system_id": null,
        "season": 2,
        "league": 4,
        "division": 7,
        "subdivision": 13,
        "name": "Henry",
        "number": 0,
        "status": 19,
        "players_has_changed_flag": false,
        "staff_has_changed_flag": true,
        "jersey_home": "",
        "jersey_away": "",
        "submitted": false,
        "submitted_date": null,
        "approved": false,
        "active": true,
        "draft_start_position": 1,
        "weight": 9
    }
},
{
    "model": "team.team",
    "pk": 27,
    "fields": {
        "old_sk_id": null,
        "inserted": "2022-03-10T14:26:28.609Z",
        "inserted_by": null,
        "updated": "2022-03-10T14:26:28.633Z",
        "updated_by": null,
        "hockey_canada_id": null,
        "hockey_canada_system_id": null,
        "season": 2,
        "league": 4,
        "division": 7,
        "subdivision": 14,
        "name": "Graham",
        "number": 0,
        "status": 19,
        "players_has_changed_flag": false,
        "staff_has_changed_flag": true,
        "jersey_home": "",
        "jersey_away": "",
        "submitted": false,
        "submitted_date": null,
        "approved": false,
        "active": true,
        "draft_start_position": 1,
        "weight": 10
    }
},
{
    "model": "team.team",
    "pk": 28,
    "fields": {
        "old_sk_id": null,
        "inserted": "2022-03-10T14:26:28.638Z",
        "inserted_by": null,
        "updated": "2022-03-10T14:26:28.662Z",
        "updated_by": null,
        "hockey_canada_id": null,
        "hockey_canada_system_id": null,
        "season": 2,
        "league": 4,
        "division": 7,
        "subdivision": 14,
        "name": "Henry",
        "number": 0,
        "status": 19,
        "players_has_changed_flag": false,
        "staff_has_changed_flag": true,
        "jersey_home": "",
        "jersey_away": "",
        "submitted": false,
        "submitted_date": null,
        "approved": false,
        "active": true,
        "draft_start_position": 1,
        "weight": 11
    }
},
{
    "model": "team.team",
    "pk": 29,
    "fields": {
        "old_sk_id": null,
        "inserted": "2022-03-10T14:26:28.683Z",
        "inserted_by": null,
        "updated": "2022-03-10T14:26:28.707Z",
        "updated_by": null,
        "hockey_canada_id": null,
        "hockey_canada_system_id": null,
        "season": 2,
        "league": 4,
        "division": 8,
        "subdivision": 15,
        "name": "Graham",
        "number": 0,
        "status": 19,
        "players_has_changed_flag": false,
        "staff_has_changed_flag": true,
        "jersey_home": "",
        "jersey_away": "",
        "submitted": false,
        "submitted_date": null,
        "approved": false,
        "active": true,
        "draft_start_position": 1,
        "weight": 12
    }
},
{
    "model": "team.team",
    "pk": 30,
    "fields": {
        "old_sk_id": null,
        "inserted": "2022-03-10T14:26:28.711Z",
        "inserted_by": null,
        "updated": "2022-03-10T14:26:28.735Z",
        "updated_by": null,
        "hockey_canada_id": null,
        "hockey_canada_system_id": null,
        "season": 2,
        "league": 4,
        "division": 8,
        "subdivision": 15,
        "name": "Henry",
        "number": 0,
        "status": 19,
        "players_has_changed_flag": false,
        "staff_has_changed_flag": true,
        "jersey_home": "",
        "jersey_away": "",
        "submitted": false,
        "submitted_date": null,
        "approved": false,
        "active": true,
        "draft_start_position": 1,
        "weight": 13
    }
},
{
    "model": "team.team",
    "pk": 31,
    "fields": {
        "old_sk_id": null,
        "inserted": "2022-03-10T14:26:28.748Z",
        "inserted_by": null,
        "updated": "2022-03-10T14:26:28.772Z",
        "updated_by": null,
        "hockey_canada_id": null,
        "hockey_canada_system_id": null,
        "season": 2,
        "league": 4,
        "division": 8,
        "subdivision": 16,
        "name": "Graham",
        "number": 0,
        "status": 19,
        "players_has_changed_flag": false,
        "staff_has_changed_flag": true,
        "jersey_home": "",
        "jersey_away": "",
        "submitted": false,
        "submitted_date": null,
        "approved": false,
        "active": true,
        "draft_start_position": 1,
        "weight": 14
    }
},
{
    "model": "team.team",
    "pk": 32,
    "fields": {
        "old_sk_id": null,
        "inserted": "2022-03-10T14:26:28.777Z",
        "inserted_by": null,
        "updated": "2022-03-10T14:26:28.801Z",
        "updated_by": null,
        "hockey_canada_id": null,
        "hockey_canada_system_id": null,
        "season": 2,
        "league": 4,
        "division": 8,
        "subdivision": 16,
        "name": "Henry",
        "number": 0,
        "status": 19,
        "players_has_changed_flag": false,
        "staff_has_changed_flag": true,
        "jersey_home": "",
        "jersey_away": "",
        "submitted": false,
        "submitted_date": null,
        "approved": false,
        "active": true,
        "draft_start_position": 1,
        "weight": 15
    }
},
{
    "model": "team.stafftype",
    "pk": 21,
    "fields": {
        "old_sk_id": null,
        "inserted": "2022-03-10T14:26:27.257Z",
        "inserted_by": null,
        "updated": "2022-03-10T14:26:27.257Z",
        "updated_by": null,
        "team_can_edit": true,
        "team_can_vote": false,
        "name": "Manager",
        "weight": 0,
        "required": false,
        "web_access": false,
        "change_causes_staff_flag_on_team_to_enable": true
    }
},
{
    "model": "team.stafftype",
    "pk": 22,
    "fields": {
        "old_sk_id": null,
        "inserted": "2022-03-10T14:26:27.262Z",
        "inserted_by": null,
        "updated": "2022-03-10T14:26:27.262Z",
        "updated_by": null,
        "team_can_edit": true,
        "team_can_vote": false,
        "name": "Coach",
        "weight": 1,
        "required": false,
        "web_access": false,
        "change_causes_staff_flag_on_team_to_enable": true
    }
},
{
    "model": "team.stafftype",
    "pk": 23,
    "fields": {
        "old_sk_id": null,
        "inserted": "2022-03-10T14:26:27.268Z",
        "inserted_by": null,
        "updated": "2022-03-10T14:26:27.268Z",
        "updated_by": null,
        "team_can_edit": true,
        "team_can_vote": false,
        "name": "Convenor",
        "weight": 2,
        "required": false,
        "web_access": false,
        "change_causes_staff_flag_on_team_to_enable": true
    }
},
{
    "model": "team.stafftype",
    "pk": 24,
    "fields": {
        "old_sk_id": null,
        "inserted": "2022-03-10T14:26:27.274Z",
        "inserted_by": null,
        "updated": "2022-03-10T14:26:27.274Z",
        "updated_by": null,
        "team_can_edit": true,
        "team_can_vote": false,
        "name": "VP",
        "weight": 3,
        "required": false,
        "web_access": false,
        "change_causes_staff_flag_on_team_to_enable": true
    }
},
{
    "model": "team.stafftype",
    "pk": 25,
    "fields": {
        "old_sk_id": null,
        "inserted": "2022-03-10T14:26:27.280Z",
        "inserted_by": null,
        "updated": "2022-03-10T14:26:27.280Z",
        "updated_by": null,
        "team_can_edit": true,
        "team_can_vote": false,
        "name": "Admin",
        "weight": 4,
        "required": false,
        "web_access": false,
        "change_causes_staff_flag_on_team_to_enable": true
    }
},
{
    "model": "team.staffstatus",
    "pk": 1,
    "fields": {
        "old_sk_id": 9,
        "inserted": "2014-09-24T20:52:56Z",
        "inserted_by": null,
        "updated": "2022-03-10T14:26:26.689Z",
        "updated_by": null,
        "name": "NEW",
        "weight": 0,
        "include_in_roster_export": true
    }
},
{
    "model": "team.staffstatus",
    "pk": 2,
    "fields": {
        "old_sk_id": 1,
        "inserted": "2012-07-03T09:54:05.640Z",
        "inserted_by": null,
        "updated": "2022-03-10T14:26:26.698Z",
        "updated_by": null,
        "name": "INPROGRESS",
        "weight": 1,
        "include_in_roster_export": true
    }
},
{
    "model": "team.staffstatus",
    "pk": 3,
    "fields": {
        "old_sk_id": 6,
        "inserted": "2012-10-01T21:21:22Z",
        "inserted_by": null,
        "updated": "2022-03-10T14:26:26.706Z",
        "updated_by": null,
        "name": "TRANSFER REQUIRED",
        "weight": 2,
        "include_in_roster_export": true
    }
},
{
    "model": "team.staffstatus",
    "pk": 4,
    "fields": {
        "old_sk_id": 7,
        "inserted": "2013-09-08T22:15:50Z",
        "inserted_by": null,
        "updated": "2022-03-10T14:26:26.715Z",
        "updated_by": null,
        "name": "AWAITING CERTIFICATIONS",
        "weight": 3,
        "include_in_roster_export": true
    }
},
{
    "model": "team.staffstatus",
    "pk": 5,
    "fields": {
        "old_sk_id": 8,
        "inserted": "2013-09-08T22:17:40Z",
        "inserted_by": null,
        "updated": "2022-03-10T14:26:26.724Z",
        "updated_by": null,
        "name": "CHECK CERTIFICATIONS",
        "weight": 4,
        "include_in_roster_export": true
    }
},
{
    "model": "team.staffstatus",
    "pk": 6,
    "fields": {
        "old_sk_id": 10,
        "inserted": "2014-10-06T19:11:42Z",
        "inserted_by": null,
        "updated": "2022-03-10T14:26:26.734Z",
        "updated_by": null,
        "name": "DECLARATION REQUIRED",
        "weight": 5,
        "include_in_roster_export": true
    }
},
{
    "model": "team.staffstatus",
    "pk": 7,
    "fields": {
        "old_sk_id": 11,
        "inserted": "2015-03-05T20:32:35Z",
        "inserted_by": null,
        "updated": "2022-03-10T14:26:26.743Z",
        "updated_by": null,
        "name": "PC REQUIRED",
        "weight": 6,
        "include_in_roster_export": true
    }
},
{
    "model": "team.staffstatus",
    "pk": 8,
    "fields": {
        "old_sk_id": 2,
        "inserted": "2012-07-03T09:54:05.640Z",
        "inserted_by": null,
        "updated": "2022-03-10T14:26:26.751Z",
        "updated_by": null,
        "name": "READY TO SUBMIT",
        "weight": 7,
        "include_in_roster_export": true
    }
},
{
    "model": "team.staffstatus",
    "pk": 9,
    "fields": {
        "old_sk_id": 3,
        "inserted": "2012-07-03T09:54:05.640Z",
        "inserted_by": null,
        "updated": "2022-03-10T14:26:26.761Z",
        "updated_by": null,
        "name": "SUBMITTED",
        "weight": 8,
        "include_in_roster_export": true
    }
},
{
    "model": "team.staffstatus",
    "pk": 10,
    "fields": {
        "old_sk_id": 4,
        "inserted": "2012-07-03T09:54:05.640Z",
        "inserted_by": null,
        "updated": "2022-03-10T14:26:26.770Z",
        "updated_by": null,
        "name": "APPROVED",
        "weight": 9,
        "include_in_roster_export": true
    }
},
{
    "model": "team.staffstatus",
    "pk": 11,
    "fields": {
        "old_sk_id": 5,
        "inserted": "2012-07-03T09:54:05.640Z",
        "inserted_by": null,
        "updated": "2022-03-10T14:26:26.779Z",
        "updated_by": null,
        "name": "REJECTED",
        "weight": 10,
        "include_in_roster_export": true
    }
},
{
    "model": "team.staffstatusreason",
    "pk": 1,
    "fields": {
        "old_sk_id": 1,
        "inserted": "2012-07-21T21:38:29.157Z",
        "inserted_by": null,
        "updated": "2022-03-10T14:26:26.790Z",
        "updated_by": null,
        "name": "OK",
        "weight": 0
    }
},
{
    "model": "team.staffstatusreason",
    "pk": 2,
    "fields": {
        "old_sk_id": 2,
        "inserted": "2012-07-21T21:38:29.157Z",
        "inserted_by": null,
        "updated": "2022-03-10T14:26:26.799Z",
        "updated_by": null,
        "name": "CERTIFICATIONS REQUIRED",
        "weight": 1
    }
},
{
    "model": "team.staff",
    "pk": 1,
    "fields": {
        "old_sk_id": null,
        "inserted": "2022-03-10T14:26:27.539Z",
        "inserted_by": null,
        "updated": "2022-03-10T14:26:27.539Z",
        "updated_by": null,
        "season": 1,
        "league": null,
        "division": null,
        "subdivision": null,
        "team": null,
        "user": 1,
        "type": 25,
        "status": 10,
        "importer": false,
        "affiliate": false,
        "tryout": false,
        "registration_date": null,
        "release_date": null
    }
},
{
    "model": "team.staff",
    "pk": 2,
    "fields": {
        "old_sk_id": null,
        "inserted": "2022-03-10T14:26:27.549Z",
        "inserted_by": null,
        "updated": "2022-03-10T14:26:27.549Z",
        "updated_by": null,
        "season": 1,
        "league": 1,
        "division": null,
        "subdivision": null,
        "team": null,
        "user": 2,
        "type": 24,
        "status": 10,
        "importer": false,
        "affiliate": false,
        "tryout": false,
        "registration_date": null,
        "release_date": null
    }
},
{
    "model": "team.staff",
    "pk": 3,
    "fields": {
        "old_sk_id": null,
        "inserted": "2022-03-10T14:26:27.561Z",
        "inserted_by": null,
        "updated": "2022-03-10T14:26:27.561Z",
        "updated_by": null,
        "season": 1,
        "league": 1,
        "division": 1,
        "subdivision": null,
        "team": null,
        "user": 3,
        "type": 24,
        "status": 10,
        "importer": false,
        "affiliate": false,
        "tryout": false,
        "registration_date": null,
        "release_date": null
    }
},
{
    "model": "team.staff",
    "pk": 4,
    "fields": {
        "old_sk_id": null,
        "inserted": "2022-03-10T14:26:27.572Z",
        "inserted_by": null,
        "updated": "2022-03-10T14:26:27.572Z",
        "updated_by": null,
        "season": 1,
        "league": 1,
        "division": 1,
        "subdivision": 1,
        "team": null,
        "user": 4,
        "type": 23,
        "status": 10,
        "importer": false,
        "affiliate": false,
        "tryout": false,
        "registration_date": null,
        "release_date": null
    }
},
{
    "model": "team.staff",
    "pk": 5,
    "fields": {
        "old_sk_id": null,
        "inserted": "2022-03-10T14:26:27.584Z",
        "inserted_by": null,
        "updated": "2022-03-10T14:26:27.584Z",
        "updated_by": null,
        "season": 1,
        "league": 1,
        "division": 1,
        "subdivision": 1,
        "team": 1,
        "user": 5,
        "type": 22,
        "status": 10,
        "importer": false,
        "affiliate": false,
        "tryout": false,
        "registration_date": null,
        "release_date": null
    }
},
{
    "model": "team.staff",
    "pk": 6,
    "fields": {
        "old_sk_id": null,
        "inserted": "2022-03-10T14:26:27.601Z",
        "inserted_by": null,
        "updated": "2022-03-10T14:26:27.601Z",
        "updated_by": null,
        "season": 1,
        "league": 1,
        "division": 1,
        "subdivision": 1,
        "team": 1,
        "user": 6,
        "type": 21,
        "status": 10,
        "importer": false,
        "affiliate": false,
        "tryout": false,
        "registration_date": null,
        "release_date": null
    }
},
{
    "model": "team.staff",
    "pk": 7,
    "fields": {
        "old_sk_id": null,
        "inserted": "2022-03-10T14:26:27.624Z",
        "inserted_by": null,
        "updated": "2022-03-10T14:26:27.624Z",
        "updated_by": null,
        "season": 1,
        "league": 1,
        "division": 1,
        "subdivision": 1,
        "team": 2,
        "user": 7,
        "type": 22,
        "status": 10,
        "importer": false,
        "affiliate": false,
        "tryout": false,
        "registration_date": null,
        "release_date": null
    }
},
{
    "model": "team.staff",
    "pk": 8,
    "fields": {
        "old_sk_id": null,
        "inserted": "2022-03-10T14:26:27.657Z",
        "inserted_by": null,
        "updated": "2022-03-10T14:26:27.657Z",
        "updated_by": null,
        "season": 1,
        "league": 1,
        "division": 1,
        "subdivision": 1,
        "team": 2,
        "user": 8,
        "type": 21,
        "status": 10,
        "importer": false,
        "affiliate": false,
        "tryout": false,
        "registration_date": null,
        "release_date": null
    }
},
{
    "model": "team.staff",
    "pk": 9,
    "fields": {
        "old_sk_id": null,
        "inserted": "2022-03-10T14:26:27.686Z",
        "inserted_by": null,
        "updated": "2022-03-10T14:26:27.686Z",
        "updated_by": null,
        "season": 1,
        "league": 1,
        "division": 1,
        "subdivision": 2,
        "team": null,
        "user": 9,
        "type": 23,
        "status": 10,
        "importer": false,
        "affiliate": false,
        "tryout": false,
        "registration_date": null,
        "release_date": null
    }
},
{
    "model": "team.staff",
    "pk": 10,
    "fields": {
        "old_sk_id": null,
        "inserted": "2022-03-10T14:26:27.698Z",
        "inserted_by": null,
        "updated": "2022-03-10T14:26:27.698Z",
        "updated_by": null,
        "season": 1,
        "league": 1,
        "division": 1,
        "subdivision": 2,
        "team": 3,
        "user": 10,
        "type": 22,
        "status": 10,
        "importer": false,
        "affiliate": false,
        "tryout": false,
        "registration_date": null,
        "release_date": null
    }
},
{
    "model": "team.staff",
    "pk": 11,
    "fields": {
        "old_sk_id": null,
        "inserted": "2022-03-10T14:26:27.714Z",
        "inserted_by": null,
        "updated": "2022-03-10T14:26:27.714Z",
        "updated_by": null,
        "season": 1,
        "league": 1,
        "division": 1,
        "subdivision": 2,
        "team": 3,
        "user": 11,
        "type": 21,
        "status": 10,
        "importer": false,
        "affiliate": false,
        "tryout": false,
        "registration_date": null,
        "release_date": null
    }
},
{
    "model": "team.staff",
    "pk": 12,
    "fields": {
        "old_sk_id": null,
        "inserted": "2022-03-10T14:26:27.737Z",
        "inserted_by": null,
        "updated": "2022-03-10T14:26:27.737Z",
        "updated_by": null,
        "season": 1,
        "league": 1,
        "division": 1,
        "subdivision": 2,
        "team": 4,
        "user": 12,
        "type": 22,
        "status": 10,
        "importer": false,
        "affiliate": false,
        "tryout": false,
        "registration_date": null,
        "release_date": null
    }
},
{
    "model": "team.staff",
    "pk": 13,
    "fields": {
        "old_sk_id": null,
        "inserted": "2022-03-10T14:26:27.750Z",
        "inserted_by": null,
        "updated": "2022-03-10T14:26:27.750Z",
        "updated_by": null,
        "season": 1,
        "league": 1,
        "division": 1,
        "subdivision": 2,
        "team": 4,
        "user": 13,
        "type": 21,
        "status": 10,
        "importer": false,
        "affiliate": false,
        "tryout": false,
        "registration_date": null,
        "release_date": null
    }
},
{
    "model": "team.staff",
    "pk": 14,
    "fields": {
        "old_sk_id": null,
        "inserted": "2022-03-10T14:26:27.769Z",
        "inserted_by": null,
        "updated": "2022-03-10T14:26:27.769Z",
        "updated_by": null,
        "season": 1,
        "league": 1,
        "division": 2,
        "subdivision": null,
        "team": null,
        "user": 14,
        "type": 24,
        "status": 10,
        "importer": false,
        "affiliate": false,
        "tryout": false,
        "registration_date": null,
        "release_date": null
    }
},
{
    "model": "team.staff",
    "pk": 15,
    "fields": {
        "old_sk_id": null,
        "inserted": "2022-03-10T14:26:27.780Z",
        "inserted_by": null,
        "updated": "2022-03-10T14:26:27.780Z",
        "updated_by": null,
        "season": 1,
        "league": 1,
        "division": 2,
        "subdivision": 3,
        "team": null,
        "user": 15,
        "type": 23,
        "status": 10,
        "importer": false,
        "affiliate": false,
        "tryout": false,
        "registration_date": null,
        "release_date": null
    }
},
{
    "model": "team.staff",
    "pk": 16,
    "fields": {
        "old_sk_id": null,
        "inserted": "2022-03-10T14:26:27.790Z",
        "inserted_by": null,
        "updated": "2022-03-10T14:26:27.790Z",
        "updated_by": null,
        "season": 1,
        "league": 1,
        "division": 2,
        "subdivision": 3,
        "team": 5,
        "user": 16,
        "type": 22,
        "status": 10,
        "importer": false,
        "affiliate": false,
        "tryout": false,
        "registration_date": null,
        "release_date": null
    }
},
{
    "model": "team.staff",
    "pk": 17,
    "fields": {
        "old_sk_id": null,
        "inserted": "2022-03-10T14:26:27.803Z",
        "inserted_by": null,
        "updated": "2022-03-10T14:26:27.803Z",
        "updated_by": null,
        "season": 1,
        "league": 1,
        "division": 2,
        "subdivision": 3,
        "team": 5,
        "user": 17,
        "type": 21,
        "status": 10,
        "importer": false,
        "affiliate": false,
        "tryout": false,
        "registration_date": null,
        "release_date": null
    }
},
{
    "model": "team.staff",
    "pk": 18,
    "fields": {
        "old_sk_id": null,
        "inserted": "2022-03-10T14:26:27.821Z",
        "inserted_by": null,
        "updated": "2022-03-10T14:26:27.821Z",
        "updated_by": null,
        "season": 1,
        "league": 1,
        "division": 2,
        "subdivision": 3,
        "team": 6,
        "user": 18,
        "type": 22,
        "status": 10,
        "importer": false,
        "affiliate": false,
        "tryout": false,
        "registration_date": null,
        "release_date": null
    }
},
{
    "model": "team.staff",
    "pk": 19,
    "fields": {
        "old_sk_id": null,
        "inserted": "2022-03-10T14:26:27.835Z",
        "inserted_by": null,
        "updated": "2022-03-10T14:26:27.835Z",
        "updated_by": null,
        "season": 1,
        "league": 1,
        "division": 2,
        "subdivision": 3,
        "team": 6,
        "user": 19,
        "type": 21,
        "status": 10,
        "importer": false,
        "affiliate": false,
        "tryout": false,
        "registration_date": null,
        "release_date": null
    }
},
{
    "model": "team.staff",
    "pk": 20,
    "fields": {
        "old_sk_id": null,
        "inserted": "2022-03-10T14:26:27.852Z",
        "inserted_by": null,
        "updated": "2022-03-10T14:26:27.852Z",
        "updated_by": null,
        "season": 1,
        "league": 1,
        "division": 2,
        "subdivision": 4,
        "team": null,
        "user": 20,
        "type": 23,
        "status": 10,
        "importer": false,
        "affiliate": false,
        "tryout": false,
        "registration_date": null,
        "release_date": null
    }
},
{
    "model": "team.staff",
    "pk": 21,
    "fields": {
        "old_sk_id": null,
        "inserted": "2022-03-10T14:26:27.861Z",
        "inserted_by": null,
        "updated": "2022-03-10T14:26:27.861Z",
        "updated_by": null,
        "season": 1,
        "league": 1,
        "division": 2,
        "subdivision": 4,
        "team": 7,
        "user": 21,
        "type": 22,
        "status": 10,
        "importer": false,
        "affiliate": false,
        "tryout": false,
        "registration_date": null,
        "release_date": null
    }
},
{
    "model": "team.staff",
    "pk": 22,
    "fields": {
        "old_sk_id": null,
        "inserted": "2022-03-10T14:26:27.874Z",
        "inserted_by": null,
        "updated": "2022-03-10T14:26:27.874Z",
        "updated_by": null,
        "season": 1,
        "league": 1,
        "division": 2,
        "subdivision": 4,
        "team": 7,
        "user": 22,
        "type": 21,
        "status": 10,
        "importer": false,
        "affiliate": false,
        "tryout": false,
        "registration_date": null,
        "release_date": null
    }
},
{
    "model": "team.staff",
    "pk": 23,
    "fields": {
        "old_sk_id": null,
        "inserted": "2022-03-10T14:26:27.891Z",
        "inserted_by": null,
        "updated": "2022-03-10T14:26:27.891Z",
        "updated_by": null,
        "season": 1,
        "league": 1,
        "division": 2,
        "subdivision": 4,
        "team": 8,
        "user": 23,
        "type": 22,
        "status": 10,
        "importer": false,
        "affiliate": false,
        "tryout": false,
        "registration_date": null,
        "release_date": null
    }
},
{
    "model": "team.staff",
    "pk": 24,
    "fields": {
        "old_sk_id": null,
        "inserted": "2022-03-10T14:26:27.904Z",
        "inserted_by": null,
        "updated": "2022-03-10T14:26:27.904Z",
        "updated_by": null,
        "season": 1,
        "league": 1,
        "division": 2,
        "subdivision": 4,
        "team": 8,
        "user": 24,
        "type": 21,
        "status": 10,
        "importer": false,
        "affiliate": false,
        "tryout": false,
        "registration_date": null,
        "release_date": null
    }
},
{
    "model": "team.staff",
    "pk": 25,
    "fields": {
        "old_sk_id": null,
        "inserted": "2022-03-10T14:26:27.920Z",
        "inserted_by": null,
        "updated": "2022-03-10T14:26:27.920Z",
        "updated_by": null,
        "season": 1,
        "league": 2,
        "division": null,
        "subdivision": null,
        "team": null,
        "user": 25,
        "type": 24,
        "status": 10,
        "importer": false,
        "affiliate": false,
        "tryout": false,
        "registration_date": null,
        "release_date": null
    }
},
{
    "model": "team.staff",
    "pk": 26,
    "fields": {
        "old_sk_id": null,
        "inserted": "2022-03-10T14:26:27.929Z",
        "inserted_by": null,
        "updated": "2022-03-10T14:26:27.929Z",
        "updated_by": null,
        "season": 1,
        "league": 2,
        "division": 3,
        "subdivision": null,
        "team": null,
        "user": 26,
        "type": 24,
        "status": 10,
        "importer": false,
        "affiliate": false,
        "tryout": false,
        "registration_date": null,
        "release_date": null
    }
},
{
    "model": "team.staff",
    "pk": 27,
    "fields": {
        "old_sk_id": null,
        "inserted": "2022-03-10T14:26:27.938Z",
        "inserted_by": null,
        "updated": "2022-03-10T14:26:27.938Z",
        "updated_by": null,
        "season": 1,
        "league": 2,
        "division": 3,
        "subdivision": 5,
        "team": null,
        "user": 27,
        "type": 23,
        "status": 10,
        "importer": false,
        "affiliate": false,
        "tryout": false,
        "registration_date": null,
        "release_date": null
    }
},
{
    "model": "team.staff",
    "pk": 28,
    "fields": {
        "old_sk_id": null,
        "inserted": "2022-03-10T14:26:27.947Z",
        "inserted_by": null,
        "updated": "2022-03-10T14:26:27.947Z",
        "updated_by": null,
        "season": 1,
        "league": 2,
        "division": 3,
        "subdivision": 5,
        "team": 9,
        "user": 28,
        "type": 22,
        "status": 10,
        "importer": false,
        "affiliate": false,
        "tryout": false,
        "registration_date": null,
        "release_date": null
    }
},
{
    "model": "team.staff",
    "pk": 29,
    "fields": {
        "old_sk_id": null,
        "inserted": "2022-03-10T14:26:27.959Z",
        "inserted_by": null,
        "updated": "2022-03-10T14:26:27.959Z",
        "updated_by": null,
        "season": 1,
        "league": 2,
        "division": 3,
        "subdivision": 5,
        "team": 9,
        "user": 29,
        "type": 21,
        "status": 10,
        "importer": false,
        "affiliate": false,
        "tryout": false,
        "registration_date": null,
        "release_date": null
    }
},
{
    "model": "team.staff",
    "pk": 30,
    "fields": {
        "old_sk_id": null,
        "inserted": "2022-03-10T14:26:27.976Z",
        "inserted_by": null,
        "updated": "2022-03-10T14:26:27.976Z",
        "updated_by": null,
        "season": 1,
        "league": 2,
        "division": 3,
        "subdivision": 5,
        "team": 10,
        "user": 30,
        "type": 22,
        "status": 10,
        "importer": false,
        "affiliate": false,
        "tryout": false,
        "registration_date": null,
        "release_date": null
    }
},
{
    "model": "team.staff",
    "pk": 31,
    "fields": {
        "old_sk_id": null,
        "inserted": "2022-03-10T14:26:27.989Z",
        "inserted_by": null,
        "updated": "2022-03-10T14:26:27.989Z",
        "updated_by": null,
        "season": 1,
        "league": 2,
        "division": 3,
        "subdivision": 5,
        "team": 10,
        "user": 31,
        "type": 21,
        "status": 10,
        "importer": false,
        "affiliate": false,
        "tryout": false,
        "registration_date": null,
        "release_date": null
    }
},
{
    "model": "team.staff",
    "pk": 32,
    "fields": {
        "old_sk_id": null,
        "inserted": "2022-03-10T14:26:28.006Z",
        "inserted_by": null,
        "updated": "2022-03-10T14:26:28.006Z",
        "updated_by": null,
        "season": 1,
        "league": 2,
        "division": 3,
        "subdivision": 6,
        "team": null,
        "user": 32,
        "type": 23,
        "status": 10,
        "importer": false,
        "affiliate": false,
        "tryout": false,
        "registration_date": null,
        "release_date": null
    }
},
{
    "model": "team.staff",
    "pk": 33,
    "fields": {
        "old_sk_id": null,
        "inserted": "2022-03-10T14:26:28.015Z",
        "inserted_by": null,
        "updated": "2022-03-10T14:26:28.016Z",
        "updated_by": null,
        "season": 1,
        "league": 2,
        "division": 3,
        "subdivision": 6,
        "team": 11,
        "user": 33,
        "type": 22,
        "status": 10,
        "importer": false,
        "affiliate": false,
        "tryout": false,
        "registration_date": null,
        "release_date": null
    }
},
{
    "model": "team.staff",
    "pk": 34,
    "fields": {
        "old_sk_id": null,
        "inserted": "2022-03-10T14:26:28.028Z",
        "inserted_by": null,
        "updated": "2022-03-10T14:26:28.028Z",
        "updated_by": null,
        "season": 1,
        "league": 2,
        "division": 3,
        "subdivision": 6,
        "team": 11,
        "user": 34,
        "type": 21,
        "status": 10,
        "importer": false,
        "affiliate": false,
        "tryout": false,
        "registration_date": null,
        "release_date": null
    }
},
{
    "model": "team.staff",
    "pk": 35,
    "fields": {
        "old_sk_id": null,
        "inserted": "2022-03-10T14:26:28.045Z",
        "inserted_by": null,
        "updated": "2022-03-10T14:26:28.045Z",
        "updated_by": null,
        "season": 1,
        "league": 2,
        "division": 3,
        "subdivision": 6,
        "team": 12,
        "user": 35,
        "type": 22,
        "status": 10,
        "importer": false,
        "affiliate": false,
        "tryout": false,
        "registration_date": null,
        "release_date": null
    }
},
{
    "model": "team.staff",
    "pk": 36,
    "fields": {
        "old_sk_id": null,
        "inserted": "2022-03-10T14:26:28.058Z",
        "inserted_by": null,
        "updated": "2022-03-10T14:26:28.058Z",
        "updated_by": null,
        "season": 1,
        "league": 2,
        "division": 3,
        "subdivision": 6,
        "team": 12,
        "user": 36,
        "type": 21,
        "status": 10,
        "importer": false,
        "affiliate": false,
        "tryout": false,
        "registration_date": null,
        "release_date": null
    }
},
{
    "model": "team.staff",
    "pk": 37,
    "fields": {
        "old_sk_id": null,
        "inserted": "2022-03-10T14:26:28.075Z",
        "inserted_by": null,
        "updated": "2022-03-10T14:26:28.075Z",
        "updated_by": null,
        "season": 1,
        "league": 2,
        "division": 4,
        "subdivision": null,
        "team": null,
        "user": 37,
        "type": 24,
        "status": 10,
        "importer": false,
        "affiliate": false,
        "tryout": false,
        "registration_date": null,
        "release_date": null
    }
},
{
    "model": "team.staff",
    "pk": 38,
    "fields": {
        "old_sk_id": null,
        "inserted": "2022-03-10T14:26:28.084Z",
        "inserted_by": null,
        "updated": "2022-03-10T14:26:28.084Z",
        "updated_by": null,
        "season": 1,
        "league": 2,
        "division": 4,
        "subdivision": 7,
        "team": null,
        "user": 38,
        "type": 23,
        "status": 10,
        "importer": false,
        "affiliate": false,
        "tryout": false,
        "registration_date": null,
        "release_date": null
    }
},
{
    "model": "team.staff",
    "pk": 39,
    "fields": {
        "old_sk_id": null,
        "inserted": "2022-03-10T14:26:28.094Z",
        "inserted_by": null,
        "updated": "2022-03-10T14:26:28.094Z",
        "updated_by": null,
        "season": 1,
        "league": 2,
        "division": 4,
        "subdivision": 7,
        "team": 13,
        "user": 39,
        "type": 22,
        "status": 10,
        "importer": false,
        "affiliate": false,
        "tryout": false,
        "registration_date": null,
        "release_date": null
    }
},
{
    "model": "team.staff",
    "pk": 40,
    "fields": {
        "old_sk_id": null,
        "inserted": "2022-03-10T14:26:28.107Z",
        "inserted_by": null,
        "updated": "2022-03-10T14:26:28.107Z",
        "updated_by": null,
        "season": 1,
        "league": 2,
        "division": 4,
        "subdivision": 7,
        "team": 13,
        "user": 40,
        "type": 21,
        "status": 10,
        "importer": false,
        "affiliate": false,
        "tryout": false,
        "registration_date": null,
        "release_date": null
    }
},
{
    "model": "team.staff",
    "pk": 41,
    "fields": {
        "old_sk_id": null,
        "inserted": "2022-03-10T14:26:28.124Z",
        "inserted_by": null,
        "updated": "2022-03-10T14:26:28.124Z",
        "updated_by": null,
        "season": 1,
        "league": 2,
        "division": 4,
        "subdivision": 7,
        "team": 14,
        "user": 41,
        "type": 22,
        "status": 10,
        "importer": false,
        "affiliate": false,
        "tryout": false,
        "registration_date": null,
        "release_date": null
    }
},
{
    "model": "team.staff",
    "pk": 42,
    "fields": {
        "old_sk_id": null,
        "inserted": "2022-03-10T14:26:28.137Z",
        "inserted_by": null,
        "updated": "2022-03-10T14:26:28.137Z",
        "updated_by": null,
        "season": 1,
        "league": 2,
        "division": 4,
        "subdivision": 7,
        "team": 14,
        "user": 42,
        "type": 21,
        "status": 10,
        "importer": false,
        "affiliate": false,
        "tryout": false,
        "registration_date": null,
        "release_date": null
    }
},
{
    "model": "team.staff",
    "pk": 43,
    "fields": {
        "old_sk_id": null,
        "inserted": "2022-03-10T14:26:28.153Z",
        "inserted_by": null,
        "updated": "2022-03-10T14:26:28.153Z",
        "updated_by": null,
        "season": 1,
        "league": 2,
        "division": 4,
        "subdivision": 8,
        "team": null,
        "user": 43,
        "type": 23,
        "status": 10,
        "importer": false,
        "affiliate": false,
        "tryout": false,
        "registration_date": null,
        "release_date": null
    }
},
{
    "model": "team.staff",
    "pk": 44,
    "fields": {
        "old_sk_id": null,
        "inserted": "2022-03-10T14:26:28.162Z",
        "inserted_by": null,
        "updated": "2022-03-10T14:26:28.162Z",
        "updated_by": null,
        "season": 1,
        "league": 2,
        "division": 4,
        "subdivision": 8,
        "team": 15,
        "user": 44,
        "type": 22,
        "status": 10,
        "importer": false,
        "affiliate": false,
        "tryout": false,
        "registration_date": null,
        "release_date": null
    }
},
{
    "model": "team.staff",
    "pk": 45,
    "fields": {
        "old_sk_id": null,
        "inserted": "2022-03-10T14:26:28.175Z",
        "inserted_by": null,
        "updated": "2022-03-10T14:26:28.175Z",
        "updated_by": null,
        "season": 1,
        "league": 2,
        "division": 4,
        "subdivision": 8,
        "team": 15,
        "user": 45,
        "type": 21,
        "status": 10,
        "importer": false,
        "affiliate": false,
        "tryout": false,
        "registration_date": null,
        "release_date": null
    }
},
{
    "model": "team.staff",
    "pk": 46,
    "fields": {
        "old_sk_id": null,
        "inserted": "2022-03-10T14:26:28.191Z",
        "inserted_by": null,
        "updated": "2022-03-10T14:26:28.191Z",
        "updated_by": null,
        "season": 1,
        "league": 2,
        "division": 4,
        "subdivision": 8,
        "team": 16,
        "user": 46,
        "type": 22,
        "status": 10,
        "importer": false,
        "affiliate": false,
        "tryout": false,
        "registration_date": null,
        "release_date": null
    }
},
{
    "model": "team.staff",
    "pk": 47,
    "fields": {
        "old_sk_id": null,
        "inserted": "2022-03-10T14:26:28.204Z",
        "inserted_by": null,
        "updated": "2022-03-10T14:26:28.204Z",
        "updated_by": null,
        "season": 1,
        "league": 2,
        "division": 4,
        "subdivision": 8,
        "team": 16,
        "user": 47,
        "type": 21,
        "status": 10,
        "importer": false,
        "affiliate": false,
        "tryout": false,
        "registration_date": null,
        "release_date": null
    }
},
{
    "model": "team.staff",
    "pk": 48,
    "fields": {
        "old_sk_id": null,
        "inserted": "2022-03-10T14:26:28.220Z",
        "inserted_by": null,
        "updated": "2022-03-10T14:26:28.220Z",
        "updated_by": null,
        "season": 2,
        "league": null,
        "division": null,
        "subdivision": null,
        "team": null,
        "user": 48,
        "type": 25,
        "status": 10,
        "importer": false,
        "affiliate": false,
        "tryout": false,
        "registration_date": null,
        "release_date": null
    }
},
{
    "model": "team.staff",
    "pk": 49,
    "fields": {
        "old_sk_id": null,
        "inserted": "2022-03-10T14:26:28.229Z",
        "inserted_by": null,
        "updated": "2022-03-10T14:26:28.229Z",
        "updated_by": null,
        "season": 2,
        "league": 3,
        "division": null,
        "subdivision": null,
        "team": null,
        "user": 49,
        "type": 24,
        "status": 10,
        "importer": false,
        "affiliate": false,
        "tryout": false,
        "registration_date": null,
        "release_date": null
    }
},
{
    "model": "team.staff",
    "pk": 50,
    "fields": {
        "old_sk_id": null,
        "inserted": "2022-03-10T14:26:28.237Z",
        "inserted_by": null,
        "updated": "2022-03-10T14:26:28.237Z",
        "updated_by": null,
        "season": 2,
        "league": 3,
        "division": 5,
        "subdivision": null,
        "team": null,
        "user": 50,
        "type": 24,
        "status": 10,
        "importer": false,
        "affiliate": false,
        "tryout": false,
        "registration_date": null,
        "release_date": null
    }
},
{
    "model": "team.staff",
    "pk": 51,
    "fields": {
        "old_sk_id": null,
        "inserted": "2022-03-10T14:26:28.245Z",
        "inserted_by": null,
        "updated": "2022-03-10T14:26:28.245Z",
        "updated_by": null,
        "season": 2,
        "league": 3,
        "division": 5,
        "subdivision": 9,
        "team": null,
        "user": 51,
        "type": 23,
        "status": 10,
        "importer": false,
        "affiliate": false,
        "tryout": false,
        "registration_date": null,
        "release_date": null
    }
},
{
    "model": "team.staff",
    "pk": 52,
    "fields": {
        "old_sk_id": null,
        "inserted": "2022-03-10T14:26:28.254Z",
        "inserted_by": null,
        "updated": "2022-03-10T14:26:28.254Z",
        "updated_by": null,
        "season": 2,
        "league": 3,
        "division": 5,
        "subdivision": 9,
        "team": 17,
        "user": 52,
        "type": 22,
        "status": 10,
        "importer": false,
        "affiliate": false,
        "tryout": false,
        "registration_date": null,
        "release_date": null
    }
},
{
    "model": "team.staff",
    "pk": 53,
    "fields": {
        "old_sk_id": null,
        "inserted": "2022-03-10T14:26:28.267Z",
        "inserted_by": null,
        "updated": "2022-03-10T14:26:28.267Z",
        "updated_by": null,
        "season": 2,
        "league": 3,
        "division": 5,
        "subdivision": 9,
        "team": 17,
        "user": 53,
        "type": 21,
        "status": 10,
        "importer": false,
        "affiliate": false,
        "tryout": false,
        "registration_date": null,
        "release_date": null
    }
},
{
    "model": "team.staff",
    "pk": 54,
    "fields": {
        "old_sk_id": null,
        "inserted": "2022-03-10T14:26:28.283Z",
        "inserted_by": null,
        "updated": "2022-03-10T14:26:28.283Z",
        "updated_by": null,
        "season": 2,
        "league": 3,
        "division": 5,
        "subdivision": 9,
        "team": 18,
        "user": 54,
        "type": 22,
        "status": 10,
        "importer": false,
        "affiliate": false,
        "tryout": false,
        "registration_date": null,
        "release_date": null
    }
},
{
    "model": "team.staff",
    "pk": 55,
    "fields": {
        "old_sk_id": null,
        "inserted": "2022-03-10T14:26:28.296Z",
        "inserted_by": null,
        "updated": "2022-03-10T14:26:28.296Z",
        "updated_by": null,
        "season": 2,
        "league": 3,
        "division": 5,
        "subdivision": 9,
        "team": 18,
        "user": 55,
        "type": 21,
        "status": 10,
        "importer": false,
        "affiliate": false,
        "tryout": false,
        "registration_date": null,
        "release_date": null
    }
},
{
    "model": "team.staff",
    "pk": 56,
    "fields": {
        "old_sk_id": null,
        "inserted": "2022-03-10T14:26:28.313Z",
        "inserted_by": null,
        "updated": "2022-03-10T14:26:28.313Z",
        "updated_by": null,
        "season": 2,
        "league": 3,
        "division": 5,
        "subdivision": 10,
        "team": null,
        "user": 56,
        "type": 23,
        "status": 10,
        "importer": false,
        "affiliate": false,
        "tryout": false,
        "registration_date": null,
        "release_date": null
    }
},
{
    "model": "team.staff",
    "pk": 57,
    "fields": {
        "old_sk_id": null,
        "inserted": "2022-03-10T14:26:28.322Z",
        "inserted_by": null,
        "updated": "2022-03-10T14:26:28.322Z",
        "updated_by": null,
        "season": 2,
        "league": 3,
        "division": 5,
        "subdivision": 10,
        "team": 19,
        "user": 57,
        "type": 22,
        "status": 10,
        "importer": false,
        "affiliate": false,
        "tryout": false,
        "registration_date": null,
        "release_date": null
    }
},
{
    "model": "team.staff",
    "pk": 58,
    "fields": {
        "old_sk_id": null,
        "inserted": "2022-03-10T14:26:28.335Z",
        "inserted_by": null,
        "updated": "2022-03-10T14:26:28.335Z",
        "updated_by": null,
        "season": 2,
        "league": 3,
        "division": 5,
        "subdivision": 10,
        "team": 19,
        "user": 58,
        "type": 21,
        "status": 10,
        "importer": false,
        "affiliate": false,
        "tryout": false,
        "registration_date": null,
        "release_date": null
    }
},
{
    "model": "team.staff",
    "pk": 59,
    "fields": {
        "old_sk_id": null,
        "inserted": "2022-03-10T14:26:28.351Z",
        "inserted_by": null,
        "updated": "2022-03-10T14:26:28.351Z",
        "updated_by": null,
        "season": 2,
        "league": 3,
        "division": 5,
        "subdivision": 10,
        "team": 20,
        "user": 59,
        "type": 22,
        "status": 10,
        "importer": false,
        "affiliate": false,
        "tryout": false,
        "registration_date": null,
        "release_date": null
    }
},
{
    "model": "team.staff",
    "pk": 60,
    "fields": {
        "old_sk_id": null,
        "inserted": "2022-03-10T14:26:28.364Z",
        "inserted_by": null,
        "updated": "2022-03-10T14:26:28.364Z",
        "updated_by": null,
        "season": 2,
        "league": 3,
        "division": 5,
        "subdivision": 10,
        "team": 20,
        "user": 60,
        "type": 21,
        "status": 10,
        "importer": false,
        "affiliate": false,
        "tryout": false,
        "registration_date": null,
        "release_date": null
    }
},
{
    "model": "team.staff",
    "pk": 61,
    "fields": {
        "old_sk_id": null,
        "inserted": "2022-03-10T14:26:28.380Z",
        "inserted_by": null,
        "updated": "2022-03-10T14:26:28.380Z",
        "updated_by": null,
        "season": 2,
        "league": 3,
        "division": 6,
        "subdivision": null,
        "team": null,
        "user": 61,
        "type": 24,
        "status": 10,
        "importer": false,
        "affiliate": false,
        "tryout": false,
        "registration_date": null,
        "release_date": null
    }
},
{
    "model": "team.staff",
    "pk": 62,
    "fields": {
        "old_sk_id": null,
        "inserted": "2022-03-10T14:26:28.389Z",
        "inserted_by": null,
        "updated": "2022-03-10T14:26:28.389Z",
        "updated_by": null,
        "season": 2,
        "league": 3,
        "division": 6,
        "subdivision": 11,
        "team": null,
        "user": 62,
        "type": 23,
        "status": 10,
        "importer": false,
        "affiliate": false,
        "tryout": false,
        "registration_date": null,
        "release_date": null
    }
},
{
    "model": "team.staff",
    "pk": 63,
    "fields": {
        "old_sk_id": null,
        "inserted": "2022-03-10T14:26:28.398Z",
        "inserted_by": null,
        "updated": "2022-03-10T14:26:28.398Z",
        "updated_by": null,
        "season": 2,
        "league": 3,
        "division": 6,
        "subdivision": 11,
        "team": 21,
        "user": 63,
        "type": 22,
        "status": 10,
        "importer": false,
        "affiliate": false,
        "tryout": false,
        "registration_date": null,
        "release_date": null
    }
},
{
    "model": "team.staff",
    "pk": 64,
    "fields": {
        "old_sk_id": null,
        "inserted": "2022-03-10T14:26:28.411Z",
        "inserted_by": null,
        "updated": "2022-03-10T14:26:28.411Z",
        "updated_by": null,
        "season": 2,
        "league": 3,
        "division": 6,
        "subdivision": 11,
        "team": 21,
        "user": 64,
        "type": 21,
        "status": 10,
        "importer": false,
        "affiliate": false,
        "tryout": false,
        "registration_date": null,
        "release_date": null
    }
},
{
    "model": "team.staff",
    "pk": 65,
    "fields": {
        "old_sk_id": null,
        "inserted": "2022-03-10T14:26:28.426Z",
        "inserted_by": null,
        "updated": "2022-03-10T14:26:28.426Z",
        "updated_by": null,
        "season": 2,
        "league": 3,
        "division": 6,
        "subdivision": 11,
        "team": 22,
        "user": 65,
        "type": 22,
        "status": 10,
        "importer": false,
        "affiliate": false,
        "tryout": false,
        "registration_date": null,
        "release_date": null
    }
},
{
    "model": "team.staff",
    "pk": 66,
    "fields": {
        "old_sk_id": null,
        "inserted": "2022-03-10T14:26:28.438Z",
        "inserted_by": null,
        "updated": "2022-03-10T14:26:28.438Z",
        "updated_by": null,
        "season": 2,
        "league": 3,
        "division": 6,
        "subdivision": 11,
        "team": 22,
        "user": 66,
        "type": 21,
        "status": 10,
        "importer": false,
        "affiliate": false,
        "tryout": false,
        "registration_date": null,
        "release_date": null
    }
},
{
    "model": "team.staff",
    "pk": 67,
    "fields": {
        "old_sk_id": null,
        "inserted": "2022-03-10T14:26:28.454Z",
        "inserted_by": null,
        "updated": "2022-03-10T14:26:28.454Z",
        "updated_by": null,
        "season": 2,
        "league": 3,
        "division": 6,
        "subdivision": 12,
        "team": null,
        "user": 67,
        "type": 23,
        "status": 10,
        "importer": false,
        "affiliate": false,
        "tryout": false,
        "registration_date": null,
        "release_date": null
    }
},
{
    "model": "team.staff",
    "pk": 68,
    "fields": {
        "old_sk_id": null,
        "inserted": "2022-03-10T14:26:28.463Z",
        "inserted_by": null,
        "updated": "2022-03-10T14:26:28.463Z",
        "updated_by": null,
        "season": 2,
        "league": 3,
        "division": 6,
        "subdivision": 12,
        "team": 23,
        "user": 68,
        "type": 22,
        "status": 10,
        "importer": false,
        "affiliate": false,
        "tryout": false,
        "registration_date": null,
        "release_date": null
    }
},
{
    "model": "team.staff",
    "pk": 69,
    "fields": {
        "old_sk_id": null,
        "inserted": "2022-03-10T14:26:28.475Z",
        "inserted_by": null,
        "updated": "2022-03-10T14:26:28.475Z",
        "updated_by": null,
        "season": 2,
        "league": 3,
        "division": 6,
        "subdivision": 12,
        "team": 23,
        "user": 69,
        "type": 21,
        "status": 10,
        "importer": false,
        "affiliate": false,
        "tryout": false,
        "registration_date": null,
        "release_date": null
    }
},
{
    "model": "team.staff",
    "pk": 70,
    "fields": {
        "old_sk_id": null,
        "inserted": "2022-03-10T14:26:28.492Z",
        "inserted_by": null,
        "updated": "2022-03-10T14:26:28.492Z",
        "updated_by": null,
        "season": 2,
        "league": 3,
        "division": 6,
        "subdivision": 12,
        "team": 24,
        "user": 70,
        "type": 22,
        "status": 10,
        "importer": false,
        "affiliate": false,
        "tryout": false,
        "registration_date": null,
        "release_date": null
    }
},
{
    "model": "team.staff",
    "pk": 71,
    "fields": {
        "old_sk_id": null,
        "inserted": "2022-03-10T14:26:28.504Z",
        "inserted_by": null,
        "updated": "2022-03-10T14:26:28.504Z",
        "updated_by": null,
        "season": 2,
        "league": 3,
        "division": 6,
        "subdivision": 12,
        "team": 24,
        "user": 71,
        "type": 21,
        "status": 10,
        "importer": false,
        "affiliate": false,
        "tryout": false,
        "registration_date": null,
        "release_date": null
    }
},
{
    "model": "team.staff",
    "pk": 72,
    "fields": {
        "old_sk_id": null,
        "inserted": "2022-03-10T14:26:28.521Z",
        "inserted_by": null,
        "updated": "2022-03-10T14:26:28.521Z",
        "updated_by": null,
        "season": 2,
        "league": 4,
        "division": null,
        "subdivision": null,
        "team": null,
        "user": 72,
        "type": 24,
        "status": 10,
        "importer": false,
        "affiliate": false,
        "tryout": false,
        "registration_date": null,
        "release_date": null
    }
},
{
    "model": "team.staff",
    "pk": 73,
    "fields": {
        "old_sk_id": null,
        "inserted": "2022-03-10T14:26:28.530Z",
        "inserted_by": null,
        "updated": "2022-03-10T14:26:28.530Z",
        "updated_by": null,
        "season": 2,
        "league": 4,
        "division": 7,
        "subdivision": null,
        "team": null,
        "user": 73,
        "type": 24,
        "status": 10,
        "importer": false,
        "affiliate": false,
        "tryout": false,
        "registration_date": null,
        "release_date": null
    }
},
{
    "model": "team.staff",
    "pk": 74,
    "fields": {
        "old_sk_id": null,
        "inserted": "2022-03-10T14:26:28.538Z",
        "inserted_by": null,
        "updated": "2022-03-10T14:26:28.538Z",
        "updated_by": null,
        "season": 2,
        "league": 4,
        "division": 7,
        "subdivision": 13,
        "team": null,
        "user": 74,
        "type": 23,
        "status": 10,
        "importer": false,
        "affiliate": false,
        "tryout": false,
        "registration_date": null,
        "release_date": null
    }
},
{
    "model": "team.staff",
    "pk": 75,
    "fields": {
        "old_sk_id": null,
        "inserted": "2022-03-10T14:26:28.547Z",
        "inserted_by": null,
        "updated": "2022-03-10T14:26:28.547Z",
        "updated_by": null,
        "season": 2,
        "league": 4,
        "division": 7,
        "subdivision": 13,
        "team": 25,
        "user": 75,
        "type": 22,
        "status": 10,
        "importer": false,
        "affiliate": false,
        "tryout": false,
        "registration_date": null,
        "release_date": null
    }
},
{
    "model": "team.staff",
    "pk": 76,
    "fields": {
        "old_sk_id": null,
        "inserted": "2022-03-10T14:26:28.560Z",
        "inserted_by": null,
        "updated": "2022-03-10T14:26:28.560Z",
        "updated_by": null,
        "season": 2,
        "league": 4,
        "division": 7,
        "subdivision": 13,
        "team": 25,
        "user": 76,
        "type": 21,
        "status": 10,
        "importer": false,
        "affiliate": false,
        "tryout": false,
        "registration_date": null,
        "release_date": null
    }
},
{
    "model": "team.staff",
    "pk": 77,
    "fields": {
        "old_sk_id": null,
        "inserted": "2022-03-10T14:26:28.576Z",
        "inserted_by": null,
        "updated": "2022-03-10T14:26:28.576Z",
        "updated_by": null,
        "season": 2,
        "league": 4,
        "division": 7,
        "subdivision": 13,
        "team": 26,
        "user": 77,
        "type": 22,
        "status": 10,
        "importer": false,
        "affiliate": false,
        "tryout": false,
        "registration_date": null,
        "release_date": null
    }
},
{
    "model": "team.staff",
    "pk": 78,
    "fields": {
        "old_sk_id": null,
        "inserted": "2022-03-10T14:26:28.589Z",
        "inserted_by": null,
        "updated": "2022-03-10T14:26:28.589Z",
        "updated_by": null,
        "season": 2,
        "league": 4,
        "division": 7,
        "subdivision": 13,
        "team": 26,
        "user": 78,
        "type": 21,
        "status": 10,
        "importer": false,
        "affiliate": false,
        "tryout": false,
        "registration_date": null,
        "release_date": null
    }
},
{
    "model": "team.staff",
    "pk": 79,
    "fields": {
        "old_sk_id": null,
        "inserted": "2022-03-10T14:26:28.606Z",
        "inserted_by": null,
        "updated": "2022-03-10T14:26:28.606Z",
        "updated_by": null,
        "season": 2,
        "league": 4,
        "division": 7,
        "subdivision": 14,
        "team": null,
        "user": 79,
        "type": 23,
        "status": 10,
        "importer": false,
        "affiliate": false,
        "tryout": false,
        "registration_date": null,
        "release_date": null
    }
},
{
    "model": "team.staff",
    "pk": 80,
    "fields": {
        "old_sk_id": null,
        "inserted": "2022-03-10T14:26:28.615Z",
        "inserted_by": null,
        "updated": "2022-03-10T14:26:28.615Z",
        "updated_by": null,
        "season": 2,
        "league": 4,
        "division": 7,
        "subdivision": 14,
        "team": 27,
        "user": 80,
        "type": 22,
        "status": 10,
        "importer": false,
        "affiliate": false,
        "tryout": false,
        "registration_date": null,
        "release_date": null
    }
},
{
    "model": "team.staff",
    "pk": 81,
    "fields": {
        "old_sk_id": null,
        "inserted": "2022-03-10T14:26:28.628Z",
        "inserted_by": null,
        "updated": "2022-03-10T14:26:28.628Z",
        "updated_by": null,
        "season": 2,
        "league": 4,
        "division": 7,
        "subdivision": 14,
        "team": 27,
        "user": 81,
        "type": 21,
        "status": 10,
        "importer": false,
        "affiliate": false,
        "tryout": false,
        "registration_date": null,
        "release_date": null
    }
},
{
    "model": "team.staff",
    "pk": 82,
    "fields": {
        "old_sk_id": null,
        "inserted": "2022-03-10T14:26:28.644Z",
        "inserted_by": null,
        "updated": "2022-03-10T14:26:28.644Z",
        "updated_by": null,
        "season": 2,
        "league": 4,
        "division": 7,
        "subdivision": 14,
        "team": 28,
        "user": 82,
        "type": 22,
        "status": 10,
        "importer": false,
        "affiliate": false,
        "tryout": false,
        "registration_date": null,
        "release_date": null
    }
},
{
    "model": "team.staff",
    "pk": 83,
    "fields": {
        "old_sk_id": null,
        "inserted": "2022-03-10T14:26:28.656Z",
        "inserted_by": null,
        "updated": "2022-03-10T14:26:28.656Z",
        "updated_by": null,
        "season": 2,
        "league": 4,
        "division": 7,
        "subdivision": 14,
        "team": 28,
        "user": 83,
        "type": 21,
        "status": 10,
        "importer": false,
        "affiliate": false,
        "tryout": false,
        "registration_date": null,
        "release_date": null
    }
},
{
    "model": "team.staff",
    "pk": 84,
    "fields": {
        "old_sk_id": null,
        "inserted": "2022-03-10T14:26:28.673Z",
        "inserted_by": null,
        "updated": "2022-03-10T14:26:28.673Z",
        "updated_by": null,
        "season": 2,
        "league": 4,
        "division": 8,
        "subdivision": null,
        "team": null,
        "user": 84,
        "type": 24,
        "status": 10,
        "importer": false,
        "affiliate": false,
        "tryout": false,
        "registration_date": null,
        "release_date": null
    }
},
{
    "model": "team.staff",
    "pk": 85,
    "fields": {
        "old_sk_id": null,
        "inserted": "2022-03-10T14:26:28.681Z",
        "inserted_by": null,
        "updated": "2022-03-10T14:26:28.681Z",
        "updated_by": null,
        "season": 2,
        "league": 4,
        "division": 8,
        "subdivision": 15,
        "team": null,
        "user": 85,
        "type": 23,
        "status": 10,
        "importer": false,
        "affiliate": false,
        "tryout": false,
        "registration_date": null,
        "release_date": null
    }
},
{
    "model": "team.staff",
    "pk": 86,
    "fields": {
        "old_sk_id": null,
        "inserted": "2022-03-10T14:26:28.690Z",
        "inserted_by": null,
        "updated": "2022-03-10T14:26:28.690Z",
        "updated_by": null,
        "season": 2,
        "league": 4,
        "division": 8,
        "subdivision": 15,
        "team": 29,
        "user": 86,
        "type": 22,
        "status": 10,
        "importer": false,
        "affiliate": false,
        "tryout": false,
        "registration_date": null,
        "release_date": null
    }
},
{
    "model": "team.staff",
    "pk": 87,
    "fields": {
        "old_sk_id": null,
        "inserted": "2022-03-10T14:26:28.702Z",
        "inserted_by": null,
        "updated": "2022-03-10T14:26:28.702Z",
        "updated_by": null,
        "season": 2,
        "league": 4,
        "division": 8,
        "subdivision": 15,
        "team": 29,
        "user": 87,
        "type": 21,
        "status": 10,
        "importer": false,
        "affiliate": false,
        "tryout": false,
        "registration_date": null,
        "release_date": null
    }
},
{
    "model": "team.staff",
    "pk": 88,
    "fields": {
        "old_sk_id": null,
        "inserted": "2022-03-10T14:26:28.717Z",
        "inserted_by": null,
        "updated": "2022-03-10T14:26:28.717Z",
        "updated_by": null,
        "season": 2,
        "league": 4,
        "division": 8,
        "subdivision": 15,
        "team": 30,
        "user": 88,
        "type": 22,
        "status": 10,
        "importer": false,
        "affiliate": false,
        "tryout": false,
        "registration_date": null,
        "release_date": null
    }
},
{
    "model": "team.staff",
    "pk": 89,
    "fields": {
        "old_sk_id": null,
        "inserted": "2022-03-10T14:26:28.730Z",
        "inserted_by": null,
        "updated": "2022-03-10T14:26:28.730Z",
        "updated_by": null,
        "season": 2,
        "league": 4,
        "division": 8,
        "subdivision": 15,
        "team": 30,
        "user": 89,
        "type": 21,
        "status": 10,
        "importer": false,
        "affiliate": false,
        "tryout": false,
        "registration_date": null,
        "release_date": null
    }
},
{
    "model": "team.staff",
    "pk": 90,
    "fields": {
        "old_sk_id": null,
        "inserted": "2022-03-10T14:26:28.746Z",
        "inserted_by": null,
        "updated": "2022-03-10T14:26:28.746Z",
        "updated_by": null,
        "season": 2,
        "league": 4,
        "division": 8,
        "subdivision": 16,
        "team": null,
        "user": 90,
        "type": 23,
        "status": 10,
        "importer": false,
        "affiliate": false,
        "tryout": false,
        "registration_date": null,
        "release_date": null
    }
},
{
    "model": "team.staff",
    "pk": 91,
    "fields": {
        "old_sk_id": null,
        "inserted": "2022-03-10T14:26:28.754Z",
        "inserted_by": null,
        "updated": "2022-03-10T14:26:28.754Z",
        "updated_by": null,
        "season": 2,
        "league": 4,
        "division": 8,
        "subdivision": 16,
        "team": 31,
        "user": 91,
        "type": 22,
        "status": 10,
        "importer": false,
        "affiliate": false,
        "tryout": false,
        "registration_date": null,
        "release_date": null
    }
},
{
    "model": "team.staff",
    "pk": 92,
    "fields": {
        "old_sk_id": null,
        "inserted": "2022-03-10T14:26:28.766Z",
        "inserted_by": null,
        "updated": "2022-03-10T14:26:28.766Z",
        "updated_by": null,
        "season": 2,
        "league": 4,
        "division": 8,
        "subdivision": 16,
        "team": 31,
        "user": 92,
        "type": 21,
        "status": 10,
        "importer": false,
        "affiliate": false,
        "tryout": false,
        "registration_date": null,
        "release_date": null
    }
},
{
    "model": "team.staff",
    "pk": 93,
    "fields": {
        "old_sk_id": null,
        "inserted": "2022-03-10T14:26:28.783Z",
        "inserted_by": null,
        "updated": "2022-03-10T14:26:28.783Z",
        "updated_by": null,
        "season": 2,
        "league": 4,
        "division": 8,
        "subdivision": 16,
        "team": 32,
        "user": 93,
        "type": 22,
        "status": 10,
        "importer": false,
        "affiliate": false,
        "tryout": false,
        "registration_date": null,
        "release_date": null
    }
},
{
    "model": "team.staff",
    "pk": 94,
    "fields": {
        "old_sk_id": null,
        "inserted": "2022-03-10T14:26:28.795Z",
        "inserted_by": null,
        "updated": "2022-03-10T14:26:28.795Z",
        "updated_by": null,
        "season": 2,
        "league": 4,
        "division": 8,
        "subdivision": 16,
        "team": 32,
        "user": 94,
        "type": 21,
        "status": 10,
        "importer": false,
        "affiliate": false,
        "tryout": false,
        "registration_date": null,
        "release_date": null
    }
},
{
    "model": "team.teamstatus",
    "pk": 1,
    "fields": {
        "old_sk_id": 22,
        "inserted": "2012-09-26T19:56:39Z",
        "inserted_by": null,
        "updated": "2022-03-10T14:26:26.995Z",
        "updated_by": null,
        "name": "ENTERED IN HCR",
        "weight": 0,
        "include_in_roster_export": true,
        "considered_approved": false,
        "clear_changed_staff_players_flag": false
    }
},
{
    "model": "team.teamstatus",
    "pk": 2,
    "fields": {
        "old_sk_id": 23,
        "inserted": "2012-09-26T19:57:22Z",
        "inserted_by": null,
        "updated": "2022-03-10T14:26:27.004Z",
        "updated_by": null,
        "name": "HCR ISSUES",
        "weight": 1,
        "include_in_roster_export": true,
        "considered_approved": false,
        "clear_changed_staff_players_flag": false
    }
},
{
    "model": "team.teamstatus",
    "pk": 3,
    "fields": {
        "old_sk_id": 24,
        "inserted": "2012-10-01T19:57:48Z",
        "inserted_by": null,
        "updated": "2022-03-10T14:26:27.012Z",
        "updated_by": null,
        "name": "PLAYERS READY FOR HC",
        "weight": 2,
        "include_in_roster_export": true,
        "considered_approved": false,
        "clear_changed_staff_players_flag": false
    }
},
{
    "model": "team.teamstatus",
    "pk": 4,
    "fields": {
        "old_sk_id": 25,
        "inserted": "2012-11-01T12:23:20Z",
        "inserted_by": null,
        "updated": "2022-03-10T14:26:27.021Z",
        "updated_by": null,
        "name": "WAITING FOR STAFF",
        "weight": 3,
        "include_in_roster_export": true,
        "considered_approved": false,
        "clear_changed_staff_players_flag": false
    }
},
{
    "model": "team.teamstatus",
    "pk": 5,
    "fields": {
        "old_sk_id": 26,
        "inserted": "2012-11-01T14:46:14Z",
        "inserted_by": null,
        "updated": "2022-03-10T14:26:27.030Z",
        "updated_by": null,
        "name": "APPROVAL NOT REQUIRED",
        "weight": 4,
        "include_in_roster_export": true,
        "considered_approved": false,
        "clear_changed_staff_players_flag": false
    }
},
{
    "model": "team.teamstatus",
    "pk": 6,
    "fields": {
        "old_sk_id": 27,
        "inserted": "2012-11-06T18:49:49Z",
        "inserted_by": null,
        "updated": "2022-03-10T14:26:27.038Z",
        "updated_by": null,
        "name": "RESUBMITTED FOR APPROVAL",
        "weight": 5,
        "include_in_roster_export": true,
        "considered_approved": false,
        "clear_changed_staff_players_flag": false
    }
},
{
    "model": "team.teamstatus",
    "pk": 7,
    "fields": {
        "old_sk_id": 29,
        "inserted": "2013-09-08T21:46:52Z",
        "inserted_by": null,
        "updated": "2022-03-10T14:26:27.047Z",
        "updated_by": null,
        "name": "WAITING ON COACH",
        "weight": 6,
        "include_in_roster_export": true,
        "considered_approved": false,
        "clear_changed_staff_players_flag": false
    }
},
{
    "model": "team.teamstatus",
    "pk": 8,
    "fields": {
        "old_sk_id": 30,
        "inserted": "2013-10-30T14:15:26Z",
        "inserted_by": null,
        "updated": "2022-03-10T14:26:27.056Z",
        "updated_by": null,
        "name": "SUBMIT WHEN BALANCED",
        "weight": 7,
        "include_in_roster_export": true,
        "considered_approved": false,
        "clear_changed_staff_players_flag": false
    }
},
{
    "model": "team.teamstatus",
    "pk": 9,
    "fields": {
        "old_sk_id": 31,
        "inserted": "2013-11-21T19:09:25Z",
        "inserted_by": null,
        "updated": "2022-03-10T14:26:27.064Z",
        "updated_by": null,
        "name": "APPROVED PLAYERS",
        "weight": 8,
        "include_in_roster_export": true,
        "considered_approved": false,
        "clear_changed_staff_players_flag": false
    }
},
{
    "model": "team.teamstatus",
    "pk": 10,
    "fields": {
        "old_sk_id": 32,
        "inserted": "2014-10-06T19:22:36Z",
        "inserted_by": null,
        "updated": "2022-03-10T14:26:27.073Z",
        "updated_by": null,
        "name": "IN DRAFT PROCESS",
        "weight": 9,
        "include_in_roster_export": false,
        "considered_approved": false,
        "clear_changed_staff_players_flag": false
    }
},
{
    "model": "team.teamstatus",
    "pk": 11,
    "fields": {
        "old_sk_id": 33,
        "inserted": "2014-10-06T19:27:52Z",
        "inserted_by": null,
        "updated": "2022-03-10T14:26:27.082Z",
        "updated_by": null,
        "name": "WAITING FOR A COACH",
        "weight": 10,
        "include_in_roster_export": true,
        "considered_approved": false,
        "clear_changed_staff_players_flag": false
    }
},
{
    "model": "team.teamstatus",
    "pk": 12,
    "fields": {
        "old_sk_id": 34,
        "inserted": "2014-10-21T18:42:05Z",
        "inserted_by": null,
        "updated": "2022-03-10T14:26:27.090Z",
        "updated_by": null,
        "name": "PLAYER ISSUES",
        "weight": 11,
        "include_in_roster_export": true,
        "considered_approved": false,
        "clear_changed_staff_players_flag": false
    }
},
{
    "model": "team.teamstatus",
    "pk": 13,
    "fields": {
        "old_sk_id": 35,
        "inserted": "2014-11-28T14:53:58Z",
        "inserted_by": null,
        "updated": "2022-03-10T14:26:27.098Z",
        "updated_by": null,
        "name": "PLAYERS SUBMITTED",
        "weight": 12,
        "include_in_roster_export": true,
        "considered_approved": false,
        "clear_changed_staff_players_flag": false
    }
},
{
    "model": "team.teamstatus",
    "pk": 14,
    "fields": {
        "old_sk_id": 38,
        "inserted": "2018-06-18T17:49:11Z",
        "inserted_by": null,
        "updated": "2022-03-10T14:26:27.107Z",
        "updated_by": null,
        "name": "STAFF READY NEED PLAYERS",
        "weight": 13,
        "include_in_roster_export": false,
        "considered_approved": false,
        "clear_changed_staff_players_flag": false
    }
},
{
    "model": "team.teamstatus",
    "pk": 15,
    "fields": {
        "old_sk_id": 16,
        "inserted": "2012-07-21T20:43:33.150Z",
        "inserted_by": null,
        "updated": "2022-03-10T14:26:27.116Z",
        "updated_by": null,
        "name": "INPROGRESS",
        "weight": 14,
        "include_in_roster_export": true,
        "considered_approved": false,
        "clear_changed_staff_players_flag": false
    }
},
{
    "model": "team.teamstatus",
    "pk": 16,
    "fields": {
        "old_sk_id": 21,
        "inserted": "2012-09-15T04:21:49.637Z",
        "inserted_by": null,
        "updated": "2022-03-10T14:26:27.125Z",
        "updated_by": null,
        "name": "DRAFTMODE",
        "weight": 15,
        "include_in_roster_export": true,
        "considered_approved": false,
        "clear_changed_staff_players_flag": false
    }
},
{
    "model": "team.teamstatus",
    "pk": 17,
    "fields": {
        "old_sk_id": 17,
        "inserted": "2012-07-21T20:43:33.150Z",
        "inserted_by": null,
        "updated": "2022-03-10T14:26:27.133Z",
        "updated_by": null,
        "name": "READY TO SUBMIT",
        "weight": 16,
        "include_in_roster_export": true,
        "considered_approved": false,
        "clear_changed_staff_players_flag": false
    }
},
{
    "model": "team.teamstatus",
    "pk": 18,
    "fields": {
        "old_sk_id": 18,
        "inserted": "2012-07-21T20:43:33Z",
        "inserted_by": null,
        "updated": "2022-03-10T14:26:27.142Z",
        "updated_by": null,
        "name": "SUBMITTED",
        "weight": 17,
        "include_in_roster_export": true,
        "considered_approved": false,
        "clear_changed_staff_players_flag": true
    }
},
{
    "model": "team.teamstatus",
    "pk": 19,
    "fields": {
        "old_sk_id": 19,
        "inserted": "2012-07-21T20:43:33Z",
        "inserted_by": null,
        "updated": "2022-03-10T14:26:27.150Z",
        "updated_by": null,
        "name": "APPROVED",
        "weight": 18,
        "include_in_roster_export": true,
        "considered_approved": false,
        "clear_changed_staff_players_flag": false
    }
},
{
    "model": "team.teamstatus",
    "pk": 20,
    "fields": {
        "old_sk_id": 20,
        "inserted": "2012-07-21T20:43:33.150Z",
        "inserted_by": null,
        "updated": "2022-03-10T14:26:27.159Z",
        "updated_by": null,
        "name": "REJECTED",
        "weight": 19,
        "include_in_roster_export": true,
        "considered_approved": false,
        "clear_changed_staff_players_flag": false
    }
}
]
