[
{
    "model": "team.team",
    "pk": 1,
    "fields": {
        "old_sk_id": null,
        "inserted": "2022-01-01T05:00:00Z",
        "inserted_by": null,
        "updated": "2022-01-01T05:00:00Z",
        "updated_by": null,
        "hockey_canada_id": null,
        "hockey_canada_system_id": null,
        "season": 1,
        "league": 1,
        "division": 1,
        "subdivision": 1,
        "name": "Graham",
        "number": 0,
        "status": 21,
        "status_reason": 40,
        "old_teamseason_id": null,
        "players_has_changed_flag": false,
        "staff_has_changed_flag": true,
        "jersey_home": "",
        "jersey_away": "",
        "submitted": false,
        "submitted_date": null,
        "approved": false,
        "active": true,
        "draft_start_position": 1,
        "registration_status": false,
        "approval_required": false,
        "comments": "",
        "weight": 0
    }
},
{
    "model": "team.team",
    "pk": 2,
    "fields": {
        "old_sk_id": null,
        "inserted": "2022-01-01T05:00:00Z",
        "inserted_by": null,
        "updated": "2022-01-01T05:00:00Z",
        "updated_by": null,
        "hockey_canada_id": null,
        "hockey_canada_system_id": null,
        "season": 1,
        "league": 1,
        "division": 1,
        "subdivision": 1,
        "name": "Henry",
        "number": 0,
        "status": 21,
        "status_reason": 40,
        "old_teamseason_id": null,
        "players_has_changed_flag": false,
        "staff_has_changed_flag": true,
        "jersey_home": "",
        "jersey_away": "",
        "submitted": false,
        "submitted_date": null,
        "approved": false,
        "active": true,
        "draft_start_position": 1,
        "registration_status": false,
        "approval_required": false,
        "comments": "",
        "weight": 1
    }
},
{
    "model": "team.team",
    "pk": 3,
    "fields": {
        "old_sk_id": null,
        "inserted": "2022-01-01T05:00:00Z",
        "inserted_by": null,
        "updated": "2022-01-01T05:00:00Z",
        "updated_by": null,
        "hockey_canada_id": null,
        "hockey_canada_system_id": null,
        "season": 1,
        "league": 1,
        "division": 1,
        "subdivision": 2,
        "name": "Graham",
        "number": 0,
        "status": 21,
        "status_reason": 40,
        "old_teamseason_id": null,
        "players_has_changed_flag": false,
        "staff_has_changed_flag": true,
        "jersey_home": "",
        "jersey_away": "",
        "submitted": false,
        "submitted_date": null,
        "approved": false,
        "active": true,
        "draft_start_position": 1,
        "registration_status": false,
        "approval_required": false,
        "comments": "",
        "weight": 2
    }
},
{
    "model": "team.team",
    "pk": 4,
    "fields": {
        "old_sk_id": null,
        "inserted": "2022-01-01T05:00:00Z",
        "inserted_by": null,
        "updated": "2022-01-01T05:00:00Z",
        "updated_by": null,
        "hockey_canada_id": null,
        "hockey_canada_system_id": null,
        "season": 1,
        "league": 1,
        "division": 1,
        "subdivision": 2,
        "name": "Henry",
        "number": 0,
        "status": 21,
        "status_reason": 40,
        "old_teamseason_id": null,
        "players_has_changed_flag": false,
        "staff_has_changed_flag": true,
        "jersey_home": "",
        "jersey_away": "",
        "submitted": false,
        "submitted_date": null,
        "approved": false,
        "active": true,
        "draft_start_position": 1,
        "registration_status": false,
        "approval_required": false,
        "comments": "",
        "weight": 3
    }
},
{
    "model": "team.team",
    "pk": 5,
    "fields": {
        "old_sk_id": null,
        "inserted": "2022-01-01T05:00:00Z",
        "inserted_by": null,
        "updated": "2022-01-01T05:00:00Z",
        "updated_by": null,
        "hockey_canada_id": null,
        "hockey_canada_system_id": null,
        "season": 1,
        "league": 1,
        "division": 2,
        "subdivision": 3,
        "name": "Graham",
        "number": 0,
        "status": 21,
        "status_reason": 40,
        "old_teamseason_id": null,
        "players_has_changed_flag": false,
        "staff_has_changed_flag": true,
        "jersey_home": "",
        "jersey_away": "",
        "submitted": false,
        "submitted_date": null,
        "approved": false,
        "active": true,
        "draft_start_position": 1,
        "registration_status": false,
        "approval_required": false,
        "comments": "",
        "weight": 4
    }
},
{
    "model": "team.team",
    "pk": 6,
    "fields": {
        "old_sk_id": null,
        "inserted": "2022-01-01T05:00:00Z",
        "inserted_by": null,
        "updated": "2022-01-01T05:00:00Z",
        "updated_by": null,
        "hockey_canada_id": null,
        "hockey_canada_system_id": null,
        "season": 1,
        "league": 1,
        "division": 2,
        "subdivision": 3,
        "name": "Henry",
        "number": 0,
        "status": 21,
        "status_reason": 40,
        "old_teamseason_id": null,
        "players_has_changed_flag": false,
        "staff_has_changed_flag": true,
        "jersey_home": "",
        "jersey_away": "",
        "submitted": false,
        "submitted_date": null,
        "approved": false,
        "active": true,
        "draft_start_position": 1,
        "registration_status": false,
        "approval_required": false,
        "comments": "",
        "weight": 5
    }
},
{
    "model": "team.team",
    "pk": 7,
    "fields": {
        "old_sk_id": null,
        "inserted": "2022-01-01T05:00:00Z",
        "inserted_by": null,
        "updated": "2022-01-01T05:00:00Z",
        "updated_by": null,
        "hockey_canada_id": null,
        "hockey_canada_system_id": null,
        "season": 1,
        "league": 1,
        "division": 2,
        "subdivision": 4,
        "name": "Graham",
        "number": 0,
        "status": 21,
        "status_reason": 40,
        "old_teamseason_id": null,
        "players_has_changed_flag": false,
        "staff_has_changed_flag": true,
        "jersey_home": "",
        "jersey_away": "",
        "submitted": false,
        "submitted_date": null,
        "approved": false,
        "active": true,
        "draft_start_position": 1,
        "registration_status": false,
        "approval_required": false,
        "comments": "",
        "weight": 6
    }
},
{
    "model": "team.team",
    "pk": 8,
    "fields": {
        "old_sk_id": null,
        "inserted": "2022-01-01T05:00:00Z",
        "inserted_by": null,
        "updated": "2022-01-01T05:00:00Z",
        "updated_by": null,
        "hockey_canada_id": null,
        "hockey_canada_system_id": null,
        "season": 1,
        "league": 1,
        "division": 2,
        "subdivision": 4,
        "name": "Henry",
        "number": 0,
        "status": 21,
        "status_reason": 40,
        "old_teamseason_id": null,
        "players_has_changed_flag": false,
        "staff_has_changed_flag": true,
        "jersey_home": "",
        "jersey_away": "",
        "submitted": false,
        "submitted_date": null,
        "approved": false,
        "active": true,
        "draft_start_position": 1,
        "registration_status": false,
        "approval_required": false,
        "comments": "",
        "weight": 7
    }
},
{
    "model": "team.team",
    "pk": 9,
    "fields": {
        "old_sk_id": null,
        "inserted": "2022-01-01T05:00:00Z",
        "inserted_by": null,
        "updated": "2022-01-01T05:00:00Z",
        "updated_by": null,
        "hockey_canada_id": null,
        "hockey_canada_system_id": null,
        "season": 1,
        "league": 2,
        "division": 3,
        "subdivision": 5,
        "name": "Graham",
        "number": 0,
        "status": 21,
        "status_reason": 40,
        "old_teamseason_id": null,
        "players_has_changed_flag": false,
        "staff_has_changed_flag": true,
        "jersey_home": "",
        "jersey_away": "",
        "submitted": false,
        "submitted_date": null,
        "approved": false,
        "active": true,
        "draft_start_position": 1,
        "registration_status": false,
        "approval_required": false,
        "comments": "",
        "weight": 8
    }
},
{
    "model": "team.team",
    "pk": 10,
    "fields": {
        "old_sk_id": null,
        "inserted": "2022-01-01T05:00:00Z",
        "inserted_by": null,
        "updated": "2022-01-01T05:00:00Z",
        "updated_by": null,
        "hockey_canada_id": null,
        "hockey_canada_system_id": null,
        "season": 1,
        "league": 2,
        "division": 3,
        "subdivision": 5,
        "name": "Henry",
        "number": 0,
        "status": 21,
        "status_reason": 40,
        "old_teamseason_id": null,
        "players_has_changed_flag": false,
        "staff_has_changed_flag": true,
        "jersey_home": "",
        "jersey_away": "",
        "submitted": false,
        "submitted_date": null,
        "approved": false,
        "active": true,
        "draft_start_position": 1,
        "registration_status": false,
        "approval_required": false,
        "comments": "",
        "weight": 9
    }
},
{
    "model": "team.team",
    "pk": 11,
    "fields": {
        "old_sk_id": null,
        "inserted": "2022-01-01T05:00:00Z",
        "inserted_by": null,
        "updated": "2022-01-01T05:00:00Z",
        "updated_by": null,
        "hockey_canada_id": null,
        "hockey_canada_system_id": null,
        "season": 1,
        "league": 2,
        "division": 3,
        "subdivision": 6,
        "name": "Graham",
        "number": 0,
        "status": 21,
        "status_reason": 40,
        "old_teamseason_id": null,
        "players_has_changed_flag": false,
        "staff_has_changed_flag": true,
        "jersey_home": "",
        "jersey_away": "",
        "submitted": false,
        "submitted_date": null,
        "approved": false,
        "active": true,
        "draft_start_position": 1,
        "registration_status": false,
        "approval_required": false,
        "comments": "",
        "weight": 10
    }
},
{
    "model": "team.team",
    "pk": 12,
    "fields": {
        "old_sk_id": null,
        "inserted": "2022-01-01T05:00:00Z",
        "inserted_by": null,
        "updated": "2022-01-01T05:00:00Z",
        "updated_by": null,
        "hockey_canada_id": null,
        "hockey_canada_system_id": null,
        "season": 1,
        "league": 2,
        "division": 3,
        "subdivision": 6,
        "name": "Henry",
        "number": 0,
        "status": 21,
        "status_reason": 40,
        "old_teamseason_id": null,
        "players_has_changed_flag": false,
        "staff_has_changed_flag": true,
        "jersey_home": "",
        "jersey_away": "",
        "submitted": false,
        "submitted_date": null,
        "approved": false,
        "active": true,
        "draft_start_position": 1,
        "registration_status": false,
        "approval_required": false,
        "comments": "",
        "weight": 11
    }
},
{
    "model": "team.team",
    "pk": 13,
    "fields": {
        "old_sk_id": null,
        "inserted": "2022-01-01T05:00:00Z",
        "inserted_by": null,
        "updated": "2022-01-01T05:00:00Z",
        "updated_by": null,
        "hockey_canada_id": null,
        "hockey_canada_system_id": null,
        "season": 1,
        "league": 2,
        "division": 4,
        "subdivision": 7,
        "name": "Graham",
        "number": 0,
        "status": 21,
        "status_reason": 40,
        "old_teamseason_id": null,
        "players_has_changed_flag": false,
        "staff_has_changed_flag": true,
        "jersey_home": "",
        "jersey_away": "",
        "submitted": false,
        "submitted_date": null,
        "approved": false,
        "active": true,
        "draft_start_position": 1,
        "registration_status": false,
        "approval_required": false,
        "comments": "",
        "weight": 12
    }
},
{
    "model": "team.team",
    "pk": 14,
    "fields": {
        "old_sk_id": null,
        "inserted": "2022-01-01T05:00:00Z",
        "inserted_by": null,
        "updated": "2022-01-01T05:00:00Z",
        "updated_by": null,
        "hockey_canada_id": null,
        "hockey_canada_system_id": null,
        "season": 1,
        "league": 2,
        "division": 4,
        "subdivision": 7,
        "name": "Henry",
        "number": 0,
        "status": 21,
        "status_reason": 40,
        "old_teamseason_id": null,
        "players_has_changed_flag": false,
        "staff_has_changed_flag": true,
        "jersey_home": "",
        "jersey_away": "",
        "submitted": false,
        "submitted_date": null,
        "approved": false,
        "active": true,
        "draft_start_position": 1,
        "registration_status": false,
        "approval_required": false,
        "comments": "",
        "weight": 13
    }
},
{
    "model": "team.team",
    "pk": 15,
    "fields": {
        "old_sk_id": null,
        "inserted": "2022-01-01T05:00:00Z",
        "inserted_by": null,
        "updated": "2022-01-01T05:00:00Z",
        "updated_by": null,
        "hockey_canada_id": null,
        "hockey_canada_system_id": null,
        "season": 1,
        "league": 2,
        "division": 4,
        "subdivision": 8,
        "name": "Graham",
        "number": 0,
        "status": 21,
        "status_reason": 40,
        "old_teamseason_id": null,
        "players_has_changed_flag": false,
        "staff_has_changed_flag": true,
        "jersey_home": "",
        "jersey_away": "",
        "submitted": false,
        "submitted_date": null,
        "approved": false,
        "active": true,
        "draft_start_position": 1,
        "registration_status": false,
        "approval_required": false,
        "comments": "",
        "weight": 14
    }
},
{
    "model": "team.team",
    "pk": 16,
    "fields": {
        "old_sk_id": null,
        "inserted": "2022-01-01T05:00:00Z",
        "inserted_by": null,
        "updated": "2022-01-01T05:00:00Z",
        "updated_by": null,
        "hockey_canada_id": null,
        "hockey_canada_system_id": null,
        "season": 1,
        "league": 2,
        "division": 4,
        "subdivision": 8,
        "name": "Henry",
        "number": 0,
        "status": 21,
        "status_reason": 40,
        "old_teamseason_id": null,
        "players_has_changed_flag": false,
        "staff_has_changed_flag": true,
        "jersey_home": "",
        "jersey_away": "",
        "submitted": false,
        "submitted_date": null,
        "approved": false,
        "active": true,
        "draft_start_position": 1,
        "registration_status": false,
        "approval_required": false,
        "comments": "",
        "weight": 15
    }
},
{
    "model": "team.team",
    "pk": 17,
    "fields": {
        "old_sk_id": null,
        "inserted": "2022-01-01T05:00:00Z",
        "inserted_by": null,
        "updated": "2022-01-01T05:00:00Z",
        "updated_by": null,
        "hockey_canada_id": null,
        "hockey_canada_system_id": null,
        "season": 2,
        "league": 3,
        "division": 5,
        "subdivision": 9,
        "name": "Graham",
        "number": 0,
        "status": 21,
        "status_reason": 40,
        "old_teamseason_id": null,
        "players_has_changed_flag": false,
        "staff_has_changed_flag": true,
        "jersey_home": "",
        "jersey_away": "",
        "submitted": false,
        "submitted_date": null,
        "approved": false,
        "active": true,
        "draft_start_position": 1,
        "registration_status": false,
        "approval_required": false,
        "comments": "",
        "weight": 0
    }
},
{
    "model": "team.team",
    "pk": 18,
    "fields": {
        "old_sk_id": null,
        "inserted": "2022-01-01T05:00:00Z",
        "inserted_by": null,
        "updated": "2022-01-01T05:00:00Z",
        "updated_by": null,
        "hockey_canada_id": null,
        "hockey_canada_system_id": null,
        "season": 2,
        "league": 3,
        "division": 5,
        "subdivision": 9,
        "name": "Henry",
        "number": 0,
        "status": 21,
        "status_reason": 40,
        "old_teamseason_id": null,
        "players_has_changed_flag": false,
        "staff_has_changed_flag": true,
        "jersey_home": "",
        "jersey_away": "",
        "submitted": false,
        "submitted_date": null,
        "approved": false,
        "active": true,
        "draft_start_position": 1,
        "registration_status": false,
        "approval_required": false,
        "comments": "",
        "weight": 1
    }
},
{
    "model": "team.team",
    "pk": 19,
    "fields": {
        "old_sk_id": null,
        "inserted": "2022-01-01T05:00:00Z",
        "inserted_by": null,
        "updated": "2022-01-01T05:00:00Z",
        "updated_by": null,
        "hockey_canada_id": null,
        "hockey_canada_system_id": null,
        "season": 2,
        "league": 3,
        "division": 5,
        "subdivision": 10,
        "name": "Graham",
        "number": 0,
        "status": 21,
        "status_reason": 40,
        "old_teamseason_id": null,
        "players_has_changed_flag": false,
        "staff_has_changed_flag": true,
        "jersey_home": "",
        "jersey_away": "",
        "submitted": false,
        "submitted_date": null,
        "approved": false,
        "active": true,
        "draft_start_position": 1,
        "registration_status": false,
        "approval_required": false,
        "comments": "",
        "weight": 2
    }
},
{
    "model": "team.team",
    "pk": 20,
    "fields": {
        "old_sk_id": null,
        "inserted": "2022-01-01T05:00:00Z",
        "inserted_by": null,
        "updated": "2022-01-01T05:00:00Z",
        "updated_by": null,
        "hockey_canada_id": null,
        "hockey_canada_system_id": null,
        "season": 2,
        "league": 3,
        "division": 5,
        "subdivision": 10,
        "name": "Henry",
        "number": 0,
        "status": 21,
        "status_reason": 40,
        "old_teamseason_id": null,
        "players_has_changed_flag": false,
        "staff_has_changed_flag": true,
        "jersey_home": "",
        "jersey_away": "",
        "submitted": false,
        "submitted_date": null,
        "approved": false,
        "active": true,
        "draft_start_position": 1,
        "registration_status": false,
        "approval_required": false,
        "comments": "",
        "weight": 3
    }
},
{
    "model": "team.team",
    "pk": 21,
    "fields": {
        "old_sk_id": null,
        "inserted": "2022-01-01T05:00:00Z",
        "inserted_by": null,
        "updated": "2022-01-01T05:00:00Z",
        "updated_by": null,
        "hockey_canada_id": null,
        "hockey_canada_system_id": null,
        "season": 2,
        "league": 3,
        "division": 6,
        "subdivision": 11,
        "name": "Graham",
        "number": 0,
        "status": 21,
        "status_reason": 40,
        "old_teamseason_id": null,
        "players_has_changed_flag": false,
        "staff_has_changed_flag": true,
        "jersey_home": "",
        "jersey_away": "",
        "submitted": false,
        "submitted_date": null,
        "approved": false,
        "active": true,
        "draft_start_position": 1,
        "registration_status": false,
        "approval_required": false,
        "comments": "",
        "weight": 4
    }
},
{
    "model": "team.team",
    "pk": 22,
    "fields": {
        "old_sk_id": null,
        "inserted": "2022-01-01T05:00:00Z",
        "inserted_by": null,
        "updated": "2022-01-01T05:00:00Z",
        "updated_by": null,
        "hockey_canada_id": null,
        "hockey_canada_system_id": null,
        "season": 2,
        "league": 3,
        "division": 6,
        "subdivision": 11,
        "name": "Henry",
        "number": 0,
        "status": 21,
        "status_reason": 40,
        "old_teamseason_id": null,
        "players_has_changed_flag": false,
        "staff_has_changed_flag": true,
        "jersey_home": "",
        "jersey_away": "",
        "submitted": false,
        "submitted_date": null,
        "approved": false,
        "active": true,
        "draft_start_position": 1,
        "registration_status": false,
        "approval_required": false,
        "comments": "",
        "weight": 5
    }
},
{
    "model": "team.team",
    "pk": 23,
    "fields": {
        "old_sk_id": null,
        "inserted": "2022-01-01T05:00:00Z",
        "inserted_by": null,
        "updated": "2022-01-01T05:00:00Z",
        "updated_by": null,
        "hockey_canada_id": null,
        "hockey_canada_system_id": null,
        "season": 2,
        "league": 3,
        "division": 6,
        "subdivision": 12,
        "name": "Graham",
        "number": 0,
        "status": 21,
        "status_reason": 40,
        "old_teamseason_id": null,
        "players_has_changed_flag": false,
        "staff_has_changed_flag": true,
        "jersey_home": "",
        "jersey_away": "",
        "submitted": false,
        "submitted_date": null,
        "approved": false,
        "active": true,
        "draft_start_position": 1,
        "registration_status": false,
        "approval_required": false,
        "comments": "",
        "weight": 6
    }
},
{
    "model": "team.team",
    "pk": 24,
    "fields": {
        "old_sk_id": null,
        "inserted": "2022-01-01T05:00:00Z",
        "inserted_by": null,
        "updated": "2022-01-01T05:00:00Z",
        "updated_by": null,
        "hockey_canada_id": null,
        "hockey_canada_system_id": null,
        "season": 2,
        "league": 3,
        "division": 6,
        "subdivision": 12,
        "name": "Henry",
        "number": 0,
        "status": 21,
        "status_reason": 40,
        "old_teamseason_id": null,
        "players_has_changed_flag": false,
        "staff_has_changed_flag": true,
        "jersey_home": "",
        "jersey_away": "",
        "submitted": false,
        "submitted_date": null,
        "approved": false,
        "active": true,
        "draft_start_position": 1,
        "registration_status": false,
        "approval_required": false,
        "comments": "",
        "weight": 7
    }
},
{
    "model": "team.team",
    "pk": 25,
    "fields": {
        "old_sk_id": null,
        "inserted": "2022-01-01T05:00:00Z",
        "inserted_by": null,
        "updated": "2022-01-01T05:00:00Z",
        "updated_by": null,
        "hockey_canada_id": null,
        "hockey_canada_system_id": null,
        "season": 2,
        "league": 4,
        "division": 7,
        "subdivision": 13,
        "name": "Graham",
        "number": 0,
        "status": 21,
        "status_reason": 40,
        "old_teamseason_id": null,
        "players_has_changed_flag": false,
        "staff_has_changed_flag": true,
        "jersey_home": "",
        "jersey_away": "",
        "submitted": false,
        "submitted_date": null,
        "approved": false,
        "active": true,
        "draft_start_position": 1,
        "registration_status": false,
        "approval_required": false,
        "comments": "",
        "weight": 8
    }
},
{
    "model": "team.team",
    "pk": 26,
    "fields": {
        "old_sk_id": null,
        "inserted": "2022-01-01T05:00:00Z",
        "inserted_by": null,
        "updated": "2022-01-01T05:00:00Z",
        "updated_by": null,
        "hockey_canada_id": null,
        "hockey_canada_system_id": null,
        "season": 2,
        "league": 4,
        "division": 7,
        "subdivision": 13,
        "name": "Henry",
        "number": 0,
        "status": 21,
        "status_reason": 40,
        "old_teamseason_id": null,
        "players_has_changed_flag": false,
        "staff_has_changed_flag": true,
        "jersey_home": "",
        "jersey_away": "",
        "submitted": false,
        "submitted_date": null,
        "approved": false,
        "active": true,
        "draft_start_position": 1,
        "registration_status": false,
        "approval_required": false,
        "comments": "",
        "weight": 9
    }
},
{
    "model": "team.team",
    "pk": 27,
    "fields": {
        "old_sk_id": null,
        "inserted": "2022-01-01T05:00:00Z",
        "inserted_by": null,
        "updated": "2022-01-01T05:00:00Z",
        "updated_by": null,
        "hockey_canada_id": null,
        "hockey_canada_system_id": null,
        "season": 2,
        "league": 4,
        "division": 7,
        "subdivision": 14,
        "name": "Graham",
        "number": 0,
        "status": 21,
        "status_reason": 40,
        "old_teamseason_id": null,
        "players_has_changed_flag": false,
        "staff_has_changed_flag": true,
        "jersey_home": "",
        "jersey_away": "",
        "submitted": false,
        "submitted_date": null,
        "approved": false,
        "active": true,
        "draft_start_position": 1,
        "registration_status": false,
        "approval_required": false,
        "comments": "",
        "weight": 10
    }
},
{
    "model": "team.team",
    "pk": 28,
    "fields": {
        "old_sk_id": null,
        "inserted": "2022-01-01T05:00:00Z",
        "inserted_by": null,
        "updated": "2022-01-01T05:00:00Z",
        "updated_by": null,
        "hockey_canada_id": null,
        "hockey_canada_system_id": null,
        "season": 2,
        "league": 4,
        "division": 7,
        "subdivision": 14,
        "name": "Henry",
        "number": 0,
        "status": 21,
        "status_reason": 40,
        "old_teamseason_id": null,
        "players_has_changed_flag": false,
        "staff_has_changed_flag": true,
        "jersey_home": "",
        "jersey_away": "",
        "submitted": false,
        "submitted_date": null,
        "approved": false,
        "active": true,
        "draft_start_position": 1,
        "registration_status": false,
        "approval_required": false,
        "comments": "",
        "weight": 11
    }
},
{
    "model": "team.team",
    "pk": 29,
    "fields": {
        "old_sk_id": null,
        "inserted": "2022-01-01T05:00:00Z",
        "inserted_by": null,
        "updated": "2022-01-01T05:00:00Z",
        "updated_by": null,
        "hockey_canada_id": null,
        "hockey_canada_system_id": null,
        "season": 2,
        "league": 4,
        "division": 8,
        "subdivision": 15,
        "name": "Graham",
        "number": 0,
        "status": 21,
        "status_reason": 40,
        "old_teamseason_id": null,
        "players_has_changed_flag": false,
        "staff_has_changed_flag": true,
        "jersey_home": "",
        "jersey_away": "",
        "submitted": false,
        "submitted_date": null,
        "approved": false,
        "active": true,
        "draft_start_position": 1,
        "registration_status": false,
        "approval_required": false,
        "comments": "",
        "weight": 12
    }
},
{
    "model": "team.team",
    "pk": 30,
    "fields": {
        "old_sk_id": null,
        "inserted": "2022-01-01T05:00:00Z",
        "inserted_by": null,
        "updated": "2022-01-01T05:00:00Z",
        "updated_by": null,
        "hockey_canada_id": null,
        "hockey_canada_system_id": null,
        "season": 2,
        "league": 4,
        "division": 8,
        "subdivision": 15,
        "name": "Henry",
        "number": 0,
        "status": 21,
        "status_reason": 40,
        "old_teamseason_id": null,
        "players_has_changed_flag": false,
        "staff_has_changed_flag": true,
        "jersey_home": "",
        "jersey_away": "",
        "submitted": false,
        "submitted_date": null,
        "approved": false,
        "active": true,
        "draft_start_position": 1,
        "registration_status": false,
        "approval_required": false,
        "comments": "",
        "weight": 13
    }
},
{
    "model": "team.team",
    "pk": 31,
    "fields": {
        "old_sk_id": null,
        "inserted": "2022-01-01T05:00:00Z",
        "inserted_by": null,
        "updated": "2022-01-01T05:00:00Z",
        "updated_by": null,
        "hockey_canada_id": null,
        "hockey_canada_system_id": null,
        "season": 2,
        "league": 4,
        "division": 8,
        "subdivision": 16,
        "name": "Graham",
        "number": 0,
        "status": 21,
        "status_reason": 40,
        "old_teamseason_id": null,
        "players_has_changed_flag": false,
        "staff_has_changed_flag": true,
        "jersey_home": "",
        "jersey_away": "",
        "submitted": false,
        "submitted_date": null,
        "approved": false,
        "active": true,
        "draft_start_position": 1,
        "registration_status": false,
        "approval_required": false,
        "comments": "",
        "weight": 14
    }
},
{
    "model": "team.team",
    "pk": 32,
    "fields": {
        "old_sk_id": null,
        "inserted": "2022-01-01T05:00:00Z",
        "inserted_by": null,
        "updated": "2022-01-01T05:00:00Z",
        "updated_by": null,
        "hockey_canada_id": null,
        "hockey_canada_system_id": null,
        "season": 2,
        "league": 4,
        "division": 8,
        "subdivision": 16,
        "name": "Henry",
        "number": 0,
        "status": 21,
        "status_reason": 40,
        "old_teamseason_id": null,
        "players_has_changed_flag": false,
        "staff_has_changed_flag": true,
        "jersey_home": "",
        "jersey_away": "",
        "submitted": false,
        "submitted_date": null,
        "approved": false,
        "active": true,
        "draft_start_position": 1,
        "registration_status": false,
        "approval_required": false,
        "comments": "",
        "weight": 15
    }
},
{
    "model": "team.teamstatus",
    "pk": 1,
    "fields": {
        "old_sk_id": 22,
        "inserted": "2012-09-26T19:56:39Z",
        "inserted_by": null,
        "updated": "2012-09-26T19:56:39Z",
        "updated_by": null,
        "name": "ENTERED IN HCR",
        "weight": 1,
        "include_in_roster_export": true,
        "considered_approved": false,
        "clear_changed_staff_players_flag": false
    }
},
{
    "model": "team.teamstatus",
    "pk": 2,
    "fields": {
        "old_sk_id": 23,
        "inserted": "2012-09-26T19:57:22Z",
        "inserted_by": null,
        "updated": "2012-09-26T19:57:22Z",
        "updated_by": null,
        "name": "HCR ISSUES",
        "weight": 2,
        "include_in_roster_export": true,
        "considered_approved": false,
        "clear_changed_staff_players_flag": false
    }
},
{
    "model": "team.teamstatus",
    "pk": 3,
    "fields": {
        "old_sk_id": 24,
        "inserted": "2012-10-01T19:57:48Z",
        "inserted_by": null,
        "updated": "2012-10-01T19:57:48Z",
        "updated_by": null,
        "name": "PLAYERS READY FOR HC",
        "weight": 3,
        "include_in_roster_export": true,
        "considered_approved": false,
        "clear_changed_staff_players_flag": false
    }
},
{
    "model": "team.teamstatus",
    "pk": 4,
    "fields": {
        "old_sk_id": 25,
        "inserted": "2012-11-01T12:23:20Z",
        "inserted_by": null,
        "updated": "2012-11-01T12:23:20Z",
        "updated_by": null,
        "name": "WAITING FOR STAFF",
        "weight": 4,
        "include_in_roster_export": true,
        "considered_approved": false,
        "clear_changed_staff_players_flag": false
    }
},
{
    "model": "team.teamstatus",
    "pk": 5,
    "fields": {
        "old_sk_id": 26,
        "inserted": "2012-11-01T14:46:14Z",
        "inserted_by": null,
        "updated": "2012-11-01T14:46:14Z",
        "updated_by": null,
        "name": "APPROVAL NOT REQUIRED",
        "weight": 5,
        "include_in_roster_export": true,
        "considered_approved": false,
        "clear_changed_staff_players_flag": false
    }
},
{
    "model": "team.teamstatus",
    "pk": 6,
    "fields": {
        "old_sk_id": 27,
        "inserted": "2012-11-06T18:49:49Z",
        "inserted_by": null,
        "updated": "2012-11-06T18:49:49Z",
        "updated_by": null,
        "name": "RESUBMITTED FOR APPROVAL",
        "weight": 6,
        "include_in_roster_export": true,
        "considered_approved": false,
        "clear_changed_staff_players_flag": false
    }
},
{
    "model": "team.teamstatus",
    "pk": 7,
    "fields": {
        "old_sk_id": 29,
        "inserted": "2013-09-08T21:46:52Z",
        "inserted_by": null,
        "updated": "2013-09-08T21:46:52Z",
        "updated_by": null,
        "name": "WAITING ON COACH",
        "weight": 7,
        "include_in_roster_export": true,
        "considered_approved": false,
        "clear_changed_staff_players_flag": false
    }
},
{
    "model": "team.teamstatus",
    "pk": 8,
    "fields": {
        "old_sk_id": 30,
        "inserted": "2013-10-30T14:15:26Z",
        "inserted_by": null,
        "updated": "2013-10-30T14:15:26Z",
        "updated_by": null,
        "name": "SUBMIT WHEN BALANCED",
        "weight": 8,
        "include_in_roster_export": true,
        "considered_approved": false,
        "clear_changed_staff_players_flag": false
    }
},
{
    "model": "team.teamstatus",
    "pk": 9,
    "fields": {
        "old_sk_id": 31,
        "inserted": "2013-11-21T19:09:25Z",
        "inserted_by": null,
        "updated": "2013-11-21T20:02:18Z",
        "updated_by": null,
        "name": "APPROVED PLAYERS",
        "weight": 9,
        "include_in_roster_export": true,
        "considered_approved": false,
        "clear_changed_staff_players_flag": false
    }
},
{
    "model": "team.teamstatus",
    "pk": 10,
    "fields": {
        "old_sk_id": 32,
        "inserted": "2014-10-06T19:22:36Z",
        "inserted_by": null,
        "updated": "2014-10-06T19:22:36Z",
        "updated_by": null,
        "name": "IN DRAFT PROCESS",
        "weight": 10,
        "include_in_roster_export": false,
        "considered_approved": false,
        "clear_changed_staff_players_flag": false
    }
},
{
    "model": "team.teamstatus",
    "pk": 11,
    "fields": {
        "old_sk_id": 33,
        "inserted": "2014-10-06T19:27:52Z",
        "inserted_by": null,
        "updated": "2014-11-28T14:55:46Z",
        "updated_by": null,
        "name": "WAITING FOR A COACH",
        "weight": 11,
        "include_in_roster_export": true,
        "considered_approved": false,
        "clear_changed_staff_players_flag": false
    }
},
{
    "model": "team.teamstatus",
    "pk": 12,
    "fields": {
        "old_sk_id": 34,
        "inserted": "2014-10-21T18:42:05Z",
        "inserted_by": null,
        "updated": "2014-10-21T18:42:05Z",
        "updated_by": null,
        "name": "PLAYER ISSUES",
        "weight": 12,
        "include_in_roster_export": true,
        "considered_approved": false,
        "clear_changed_staff_players_flag": false
    }
},
{
    "model": "team.teamstatus",
    "pk": 13,
    "fields": {
        "old_sk_id": 35,
        "inserted": "2014-11-28T14:53:58Z",
        "inserted_by": null,
        "updated": "2014-11-28T14:53:58Z",
        "updated_by": null,
        "name": "PLAYERS SUBMITTED",
        "weight": 13,
        "include_in_roster_export": true,
        "considered_approved": false,
        "clear_changed_staff_players_flag": false
    }
},
{
    "model": "team.teamstatus",
    "pk": 14,
    "fields": {
        "old_sk_id": 38,
        "inserted": "2018-06-18T17:49:11Z",
        "inserted_by": null,
        "updated": "2018-06-18T17:49:11Z",
        "updated_by": null,
        "name": "STAFF READY NEED PLAYERS",
        "weight": 14,
        "include_in_roster_export": false,
        "considered_approved": false,
        "clear_changed_staff_players_flag": false
    }
},
{
    "model": "team.teamstatus",
    "pk": 15,
    "fields": {
        "old_sk_id": 16,
        "inserted": "2012-07-21T20:43:33.150Z",
        "inserted_by": null,
        "updated": "2012-07-21T20:43:33.150Z",
        "updated_by": null,
        "name": "INPROGRESS",
        "weight": 15,
        "include_in_roster_export": true,
        "considered_approved": false,
        "clear_changed_staff_players_flag": false
    }
},
{
    "model": "team.teamstatus",
    "pk": 16,
    "fields": {
        "old_sk_id": 21,
        "inserted": "2012-09-15T04:21:49.637Z",
        "inserted_by": null,
        "updated": "2012-09-15T04:21:49.637Z",
        "updated_by": null,
        "name": "DRAFTMODE",
        "weight": 16,
        "include_in_roster_export": true,
        "considered_approved": false,
        "clear_changed_staff_players_flag": false
    }
},
{
    "model": "team.teamstatus",
    "pk": 17,
    "fields": {
        "old_sk_id": 17,
        "inserted": "2012-07-21T20:43:33.150Z",
        "inserted_by": null,
        "updated": "2012-07-21T20:43:33.150Z",
        "updated_by": null,
        "name": "READY TO SUBMIT",
        "weight": 17,
        "include_in_roster_export": true,
        "considered_approved": false,
        "clear_changed_staff_players_flag": false
    }
},
{
    "model": "team.teamstatus",
    "pk": 18,
    "fields": {
        "old_sk_id": 18,
        "inserted": "2012-07-21T20:43:33Z",
        "inserted_by": null,
        "updated": "2015-12-09T19:59:23Z",
        "updated_by": null,
        "name": "SUBMITTED",
        "weight": 18,
        "include_in_roster_export": true,
        "considered_approved": false,
        "clear_changed_staff_players_flag": true
    }
},
{
    "model": "team.teamstatus",
    "pk": 19,
    "fields": {
        "old_sk_id": 19,
        "inserted": "2012-07-21T20:43:33Z",
        "inserted_by": null,
        "updated": "2013-11-21T19:09:50Z",
        "updated_by": null,
        "name": "APPROVED",
        "weight": 19,
        "include_in_roster_export": true,
        "considered_approved": false,
        "clear_changed_staff_players_flag": false
    }
},
{
    "model": "team.teamstatus",
    "pk": 20,
    "fields": {
        "old_sk_id": 20,
        "inserted": "2012-07-21T20:43:33.150Z",
        "inserted_by": null,
        "updated": "2012-07-21T20:43:33.150Z",
        "updated_by": null,
        "name": "REJECTED",
        "weight": 20,
        "include_in_roster_export": true,
        "considered_approved": false,
        "clear_changed_staff_players_flag": false
    }
},
{
    "model": "team.teamstatus",
    "pk": 21,
    "fields": {
        "old_sk_id": null,
        "inserted": "2022-01-01T05:00:00Z",
        "inserted_by": null,
        "updated": "2022-01-01T05:00:00Z",
        "updated_by": null,
        "name": "Fixture Approved",
        "weight": 0,
        "include_in_roster_export": true,
        "considered_approved": false,
        "clear_changed_staff_players_flag": false
    }
},
{
    "model": "team.teamstatusreason",
    "pk": 1,
    "fields": {
        "old_sk_id": 6,
        "inserted": "2012-09-26T20:00:05Z",
        "inserted_by": null,
        "updated": "2012-09-26T20:00:05Z",
        "updated_by": null,
        "status": 2,
        "name": "STAFF NOT IN HCR",
        "weight": 0,
        "default": null
    }
},
{
    "model": "team.teamstatusreason",
    "pk": 2,
    "fields": {
        "old_sk_id": 7,
        "inserted": "2012-09-26T20:00:26Z",
        "inserted_by": null,
        "updated": "2012-09-26T20:00:26Z",
        "updated_by": null,
        "status": 2,
        "name": "STAFF NOT QUALIFIED",
        "weight": 1,
        "default": null
    }
},
{
    "model": "team.teamstatusreason",
    "pk": 3,
    "fields": {
        "old_sk_id": 8,
        "inserted": "2012-09-26T20:01:18Z",
        "inserted_by": null,
        "updated": "2012-09-26T20:01:18Z",
        "updated_by": null,
        "status": 2,
        "name": "STAFF NEEDS CONVERSION",
        "weight": 2,
        "default": null
    }
},
{
    "model": "team.teamstatusreason",
    "pk": 4,
    "fields": {
        "old_sk_id": 9,
        "inserted": "2012-09-26T20:03:00Z",
        "inserted_by": null,
        "updated": "2012-09-26T20:03:00Z",
        "updated_by": null,
        "status": 2,
        "name": "STAFF NAME NOT MATCHING",
        "weight": 3,
        "default": null
    }
},
{
    "model": "team.teamstatusreason",
    "pk": 5,
    "fields": {
        "old_sk_id": 10,
        "inserted": "2012-09-26T20:05:01Z",
        "inserted_by": null,
        "updated": "2012-09-26T20:05:01Z",
        "updated_by": null,
        "status": 2,
        "name": "STAFF MERGE REQUIRED",
        "weight": 4,
        "default": null
    }
},
{
    "model": "team.teamstatusreason",
    "pk": 6,
    "fields": {
        "old_sk_id": 12,
        "inserted": "2012-09-26T20:08:06Z",
        "inserted_by": null,
        "updated": "2012-09-26T20:08:06Z",
        "updated_by": null,
        "status": 2,
        "name": "STAFF NOT IN SK IS IN HCR",
        "weight": 5,
        "default": null
    }
},
{
    "model": "team.teamstatusreason",
    "pk": 7,
    "fields": {
        "old_sk_id": 13,
        "inserted": "2012-10-01T20:31:39Z",
        "inserted_by": null,
        "updated": "2012-10-01T20:31:39Z",
        "updated_by": null,
        "status": 16,
        "name": "N/A",
        "weight": 6,
        "default": null
    }
},
{
    "model": "team.teamstatusreason",
    "pk": 8,
    "fields": {
        "old_sk_id": 14,
        "inserted": "2012-10-01T20:39:29Z",
        "inserted_by": null,
        "updated": "2012-10-01T20:39:29Z",
        "updated_by": null,
        "status": 1,
        "name": "N/A",
        "weight": 7,
        "default": null
    }
},
{
    "model": "team.teamstatusreason",
    "pk": 9,
    "fields": {
        "old_sk_id": 15,
        "inserted": "2012-10-01T20:39:56Z",
        "inserted_by": null,
        "updated": "2012-10-01T20:39:56Z",
        "updated_by": null,
        "status": 3,
        "name": "N/A",
        "weight": 8,
        "default": null
    }
},
{
    "model": "team.teamstatusreason",
    "pk": 10,
    "fields": {
        "old_sk_id": 16,
        "inserted": "2012-11-01T12:26:18Z",
        "inserted_by": null,
        "updated": "2012-11-01T12:26:18Z",
        "updated_by": null,
        "status": 4,
        "name": "PLAYERS IN HCR",
        "weight": 9,
        "default": null
    }
},
{
    "model": "team.teamstatusreason",
    "pk": 11,
    "fields": {
        "old_sk_id": 17,
        "inserted": "2012-11-01T14:46:51Z",
        "inserted_by": null,
        "updated": "2012-11-01T14:46:51Z",
        "updated_by": null,
        "status": 5,
        "name": "NO ROSTER NEEDED",
        "weight": 10,
        "default": null
    }
},
{
    "model": "team.teamstatusreason",
    "pk": 12,
    "fields": {
        "old_sk_id": 18,
        "inserted": "2012-11-06T18:50:36Z",
        "inserted_by": null,
        "updated": "2012-11-06T18:50:36Z",
        "updated_by": null,
        "status": 6,
        "name": "ROSTER UPDATED",
        "weight": 11,
        "default": null
    }
},
{
    "model": "team.teamstatusreason",
    "pk": 13,
    "fields": {
        "old_sk_id": 19,
        "inserted": "2013-09-08T17:55:34Z",
        "inserted_by": null,
        "updated": "2013-09-08T17:55:34Z",
        "updated_by": null,
        "status": 20,
        "name": "MISSING STAFF",
        "weight": 12,
        "default": null
    }
},
{
    "model": "team.teamstatusreason",
    "pk": 14,
    "fields": {
        "old_sk_id": 20,
        "inserted": "2013-09-08T21:48:13Z",
        "inserted_by": null,
        "updated": "2013-09-08T21:48:13Z",
        "updated_by": null,
        "status": 7,
        "name": "REQUIRES PLYRS AND STF",
        "weight": 13,
        "default": null
    }
},
{
    "model": "team.teamstatusreason",
    "pk": 15,
    "fields": {
        "old_sk_id": 21,
        "inserted": "2013-09-08T21:49:20Z",
        "inserted_by": null,
        "updated": "2013-09-08T21:49:20Z",
        "updated_by": null,
        "status": 7,
        "name": "REQUIRES BENCH STAFF",
        "weight": 14,
        "default": null
    }
},
{
    "model": "team.teamstatusreason",
    "pk": 16,
    "fields": {
        "old_sk_id": 22,
        "inserted": "2013-09-08T21:50:23Z",
        "inserted_by": null,
        "updated": "2013-09-08T21:50:23Z",
        "updated_by": null,
        "status": 7,
        "name": "REQUIRE STF CERTIFICTN",
        "weight": 15,
        "default": null
    }
},
{
    "model": "team.teamstatusreason",
    "pk": 17,
    "fields": {
        "old_sk_id": 23,
        "inserted": "2013-10-31T19:01:32Z",
        "inserted_by": null,
        "updated": "2013-10-31T19:01:32Z",
        "updated_by": null,
        "status": 20,
        "name": "REJECTED",
        "weight": 16,
        "default": null
    }
},
{
    "model": "team.teamstatusreason",
    "pk": 18,
    "fields": {
        "old_sk_id": 24,
        "inserted": "2013-11-21T19:15:27Z",
        "inserted_by": null,
        "updated": "2013-11-21T19:15:27Z",
        "updated_by": null,
        "status": 9,
        "name": "MISSING STAFF",
        "weight": 17,
        "default": null
    }
},
{
    "model": "team.teamstatusreason",
    "pk": 19,
    "fields": {
        "old_sk_id": 25,
        "inserted": "2013-11-21T19:59:41Z",
        "inserted_by": null,
        "updated": "2013-11-21T19:59:41Z",
        "updated_by": null,
        "status": 19,
        "name": "PLAYERS OK-MISSING STAFF",
        "weight": 18,
        "default": null
    }
},
{
    "model": "team.teamstatusreason",
    "pk": 20,
    "fields": {
        "old_sk_id": 26,
        "inserted": "2013-11-27T14:35:40Z",
        "inserted_by": null,
        "updated": "2013-11-27T14:35:40Z",
        "updated_by": null,
        "status": 19,
        "name": "STAFF CHGS REQU'D",
        "weight": 19,
        "default": null
    }
},
{
    "model": "team.teamstatusreason",
    "pk": 21,
    "fields": {
        "old_sk_id": 27,
        "inserted": "2014-10-06T19:23:33Z",
        "inserted_by": null,
        "updated": "2014-10-06T19:23:33Z",
        "updated_by": null,
        "status": 10,
        "name": "IN PROGRESS",
        "weight": 20,
        "default": null
    }
},
{
    "model": "team.teamstatusreason",
    "pk": 22,
    "fields": {
        "old_sk_id": 28,
        "inserted": "2014-10-06T19:28:10Z",
        "inserted_by": null,
        "updated": "2014-10-06T19:28:10Z",
        "updated_by": null,
        "status": 11,
        "name": "IN PROGRESS",
        "weight": 21,
        "default": null
    }
},
{
    "model": "team.teamstatusreason",
    "pk": 23,
    "fields": {
        "old_sk_id": 31,
        "inserted": "2014-11-28T15:01:31Z",
        "inserted_by": null,
        "updated": "2014-11-28T15:01:31Z",
        "updated_by": null,
        "status": 17,
        "name": "STAFF WILL BE REJECTED",
        "weight": 22,
        "default": null
    }
},
{
    "model": "team.teamstatusreason",
    "pk": 24,
    "fields": {
        "old_sk_id": 34,
        "inserted": "2014-12-01T21:17:34Z",
        "inserted_by": null,
        "updated": "2014-12-01T21:17:34Z",
        "updated_by": null,
        "status": 7,
        "name": "REQUIRES DECLARATIONS",
        "weight": 23,
        "default": null
    }
},
{
    "model": "team.teamstatusreason",
    "pk": 25,
    "fields": {
        "old_sk_id": 35,
        "inserted": "2014-12-02T21:28:40Z",
        "inserted_by": null,
        "updated": "2014-12-02T21:28:40Z",
        "updated_by": null,
        "status": 18,
        "name": "STAFF WILL BE REJECTED",
        "weight": 24,
        "default": null
    }
},
{
    "model": "team.teamstatusreason",
    "pk": 26,
    "fields": {
        "old_sk_id": 36,
        "inserted": "2015-06-10T15:26:36Z",
        "inserted_by": null,
        "updated": "2015-06-10T15:26:36Z",
        "updated_by": null,
        "status": 17,
        "name": "WAITING ON PLAYERS",
        "weight": 25,
        "default": null
    }
},
{
    "model": "team.teamstatusreason",
    "pk": 27,
    "fields": {
        "old_sk_id": 37,
        "inserted": "2015-07-07T13:20:41Z",
        "inserted_by": null,
        "updated": "2015-07-07T13:20:41Z",
        "updated_by": null,
        "status": 19,
        "name": "MISSING PLAYER(S)",
        "weight": 26,
        "default": null
    }
},
{
    "model": "team.teamstatusreason",
    "pk": 28,
    "fields": {
        "old_sk_id": 38,
        "inserted": "2015-10-19T16:16:01Z",
        "inserted_by": null,
        "updated": "2015-10-19T16:16:01Z",
        "updated_by": null,
        "status": 9,
        "name": "STAFF REJECTED",
        "weight": 27,
        "default": null
    }
},
{
    "model": "team.teamstatusreason",
    "pk": 29,
    "fields": {
        "old_sk_id": 39,
        "inserted": "2015-10-19T16:29:48Z",
        "inserted_by": null,
        "updated": "2015-10-19T16:29:48Z",
        "updated_by": null,
        "status": 20,
        "name": "NO GOALIE",
        "weight": 28,
        "default": null
    }
},
{
    "model": "team.teamstatusreason",
    "pk": 30,
    "fields": {
        "old_sk_id": 40,
        "inserted": "2015-10-28T19:33:43Z",
        "inserted_by": null,
        "updated": "2015-10-28T19:33:43Z",
        "updated_by": null,
        "status": 19,
        "name": "NO GOALIE",
        "weight": 29,
        "default": null
    }
},
{
    "model": "team.teamstatusreason",
    "pk": 31,
    "fields": {
        "old_sk_id": 41,
        "inserted": "2015-11-17T16:02:55Z",
        "inserted_by": null,
        "updated": "2015-11-17T16:02:55Z",
        "updated_by": null,
        "status": 19,
        "name": "ON-ICE VOLUNTEER(S)",
        "weight": 30,
        "default": null
    }
},
{
    "model": "team.teamstatusreason",
    "pk": 32,
    "fields": {
        "old_sk_id": 42,
        "inserted": "2015-11-24T17:59:55Z",
        "inserted_by": null,
        "updated": "2015-11-24T17:59:55Z",
        "updated_by": null,
        "status": 19,
        "name": "TEAM & ON-ICE VOL'S",
        "weight": 31,
        "default": null
    }
},
{
    "model": "team.teamstatusreason",
    "pk": 33,
    "fields": {
        "old_sk_id": 43,
        "inserted": "2015-12-09T19:40:16Z",
        "inserted_by": null,
        "updated": "2015-12-09T19:40:16Z",
        "updated_by": null,
        "status": 18,
        "name": "PLAYERS ONLY",
        "weight": 32,
        "default": null
    }
},
{
    "model": "team.teamstatusreason",
    "pk": 34,
    "fields": {
        "old_sk_id": 44,
        "inserted": "2021-04-26T13:14:48Z",
        "inserted_by": null,
        "updated": "2021-04-26T13:14:48Z",
        "updated_by": null,
        "status": 7,
        "name": "REQUIRES POLICE CLEARANCE",
        "weight": 33,
        "default": null
    }
},
{
    "model": "team.teamstatusreason",
    "pk": 35,
    "fields": {
        "old_sk_id": 1,
        "inserted": "2012-07-21T20:43:42.760Z",
        "inserted_by": null,
        "updated": "2012-07-21T20:43:42.760Z",
        "updated_by": null,
        "status": 15,
        "name": "N/A",
        "weight": 34,
        "default": null
    }
},
{
    "model": "team.teamstatusreason",
    "pk": 36,
    "fields": {
        "old_sk_id": 2,
        "inserted": "2012-07-21T20:43:42.760Z",
        "inserted_by": null,
        "updated": "2012-07-21T20:43:42.760Z",
        "updated_by": null,
        "status": 17,
        "name": "N/A",
        "weight": 35,
        "default": null
    }
},
{
    "model": "team.teamstatusreason",
    "pk": 37,
    "fields": {
        "old_sk_id": 3,
        "inserted": "2012-07-21T20:43:42.760Z",
        "inserted_by": null,
        "updated": "2012-07-21T20:43:42.760Z",
        "updated_by": null,
        "status": 18,
        "name": "N/A",
        "weight": 36,
        "default": null
    }
},
{
    "model": "team.teamstatusreason",
    "pk": 38,
    "fields": {
        "old_sk_id": 4,
        "inserted": "2012-07-21T20:43:42.760Z",
        "inserted_by": null,
        "updated": "2012-07-21T20:43:42.760Z",
        "updated_by": null,
        "status": 19,
        "name": "N/A",
        "weight": 37,
        "default": null
    }
},
{
    "model": "team.teamstatusreason",
    "pk": 39,
    "fields": {
        "old_sk_id": 5,
        "inserted": "2012-07-21T20:43:42.760Z",
        "inserted_by": null,
        "updated": "2012-07-21T20:43:42.760Z",
        "updated_by": null,
        "status": 20,
        "name": "CERTIFICATIONS REQUIRED",
        "weight": 38,
        "default": null
    }
},
{
    "model": "team.teamstatusreason",
    "pk": 40,
    "fields": {
        "old_sk_id": null,
        "inserted": "2022-01-01T05:00:00Z",
        "inserted_by": null,
        "updated": "2022-01-01T05:00:00Z",
        "updated_by": null,
        "status": 21,
        "name": "Fixture Approved Reason",
        "weight": 39,
        "default": null
    }
},
{
    "model": "team.stafftype",
    "pk": 21,
    "fields": {
        "old_sk_id": null,
        "inserted": "2022-01-01T05:00:00Z",
        "inserted_by": null,
        "updated": "2022-01-01T05:00:00Z",
        "updated_by": null,
        "team_can_edit": true,
        "team_can_vote": false,
        "team_can_access": true,
        "name": "Manager",
        "weight": 0,
        "required": false,
        "web_access": false,
        "change_causes_staff_flag_on_team_to_enable": true
    }
},
{
    "model": "team.stafftype",
    "pk": 22,
    "fields": {
        "old_sk_id": null,
        "inserted": "2022-01-01T05:00:00Z",
        "inserted_by": null,
        "updated": "2022-01-01T05:00:00Z",
        "updated_by": null,
        "team_can_edit": true,
        "team_can_vote": false,
        "team_can_access": true,
        "name": "Coach",
        "weight": 1,
        "required": false,
        "web_access": false,
        "change_causes_staff_flag_on_team_to_enable": true
    }
},
{
    "model": "team.stafftype",
    "pk": 23,
    "fields": {
        "old_sk_id": null,
        "inserted": "2022-01-01T05:00:00Z",
        "inserted_by": null,
        "updated": "2022-01-01T05:00:00Z",
        "updated_by": null,
        "team_can_edit": true,
        "team_can_vote": false,
        "team_can_access": true,
        "name": "Convenor",
        "weight": 2,
        "required": false,
        "web_access": false,
        "change_causes_staff_flag_on_team_to_enable": true
    }
},
{
    "model": "team.stafftype",
    "pk": 24,
    "fields": {
        "old_sk_id": null,
        "inserted": "2022-01-01T05:00:00Z",
        "inserted_by": null,
        "updated": "2022-01-01T05:00:00Z",
        "updated_by": null,
        "team_can_edit": true,
        "team_can_vote": false,
        "team_can_access": true,
        "name": "Senior Convenor",
        "weight": 3,
        "required": false,
        "web_access": false,
        "change_causes_staff_flag_on_team_to_enable": true
    }
},
{
    "model": "team.stafftype",
    "pk": 25,
    "fields": {
        "old_sk_id": null,
        "inserted": "2022-01-01T05:00:00Z",
        "inserted_by": null,
        "updated": "2022-01-01T05:00:00Z",
        "updated_by": null,
        "team_can_edit": true,
        "team_can_vote": false,
        "team_can_access": true,
        "name": "VP",
        "weight": 4,
        "required": false,
        "web_access": false,
        "change_causes_staff_flag_on_team_to_enable": true
    }
},
{
    "model": "team.stafftype",
    "pk": 26,
    "fields": {
        "old_sk_id": null,
        "inserted": "2022-01-01T05:00:00Z",
        "inserted_by": null,
        "updated": "2022-01-01T05:00:00Z",
        "updated_by": null,
        "team_can_edit": true,
        "team_can_vote": false,
        "team_can_access": true,
        "name": "Admin",
        "weight": 5,
        "required": false,
        "web_access": false,
        "change_causes_staff_flag_on_team_to_enable": true
    }
},
{
    "model": "team.staffstatus",
    "pk": 1,
    "fields": {
        "old_sk_id": 9,
        "inserted": "2014-09-24T20:52:56Z",
        "inserted_by": null,
        "updated": "2014-09-24T20:54:31Z",
        "updated_by": null,
        "name": "NEW",
        "weight": 0,
        "include_in_roster_export": true
    }
},
{
    "model": "team.staffstatus",
    "pk": 2,
    "fields": {
        "old_sk_id": 1,
        "inserted": "2012-07-03T09:54:05.640Z",
        "inserted_by": null,
        "updated": "2012-07-03T09:54:05.640Z",
        "updated_by": null,
        "name": "INPROGRESS",
        "weight": 1,
        "include_in_roster_export": true
    }
},
{
    "model": "team.staffstatus",
    "pk": 3,
    "fields": {
        "old_sk_id": 6,
        "inserted": "2012-10-01T21:21:22Z",
        "inserted_by": null,
        "updated": "2014-09-24T20:53:28Z",
        "updated_by": null,
        "name": "TRANSFER REQUIRED",
        "weight": 2,
        "include_in_roster_export": true
    }
},
{
    "model": "team.staffstatus",
    "pk": 4,
    "fields": {
        "old_sk_id": 7,
        "inserted": "2013-09-08T22:15:50Z",
        "inserted_by": null,
        "updated": "2014-09-24T20:54:17Z",
        "updated_by": null,
        "name": "AWAITING CERTIFICATIONS",
        "weight": 3,
        "include_in_roster_export": true
    }
},
{
    "model": "team.staffstatus",
    "pk": 5,
    "fields": {
        "old_sk_id": 8,
        "inserted": "2013-09-08T22:17:40Z",
        "inserted_by": null,
        "updated": "2014-09-24T20:53:46Z",
        "updated_by": null,
        "name": "CHECK CERTIFICATIONS",
        "weight": 4,
        "include_in_roster_export": true
    }
},
{
    "model": "team.staffstatus",
    "pk": 6,
    "fields": {
        "old_sk_id": 10,
        "inserted": "2014-10-06T19:11:42Z",
        "inserted_by": null,
        "updated": "2015-03-05T20:33:13Z",
        "updated_by": null,
        "name": "DECLARATION REQUIRED",
        "weight": 5,
        "include_in_roster_export": true
    }
},
{
    "model": "team.staffstatus",
    "pk": 7,
    "fields": {
        "old_sk_id": 11,
        "inserted": "2015-03-05T20:32:35Z",
        "inserted_by": null,
        "updated": "2015-03-05T20:32:51Z",
        "updated_by": null,
        "name": "PC REQUIRED",
        "weight": 6,
        "include_in_roster_export": true
    }
},
{
    "model": "team.staffstatus",
    "pk": 8,
    "fields": {
        "old_sk_id": 2,
        "inserted": "2012-07-03T09:54:05.640Z",
        "inserted_by": null,
        "updated": "2012-07-03T09:54:05.640Z",
        "updated_by": null,
        "name": "READY TO SUBMIT",
        "weight": 7,
        "include_in_roster_export": true
    }
},
{
    "model": "team.staffstatus",
    "pk": 9,
    "fields": {
        "old_sk_id": 3,
        "inserted": "2012-07-03T09:54:05.640Z",
        "inserted_by": null,
        "updated": "2012-07-03T09:54:05.640Z",
        "updated_by": null,
        "name": "SUBMITTED",
        "weight": 8,
        "include_in_roster_export": true
    }
},
{
    "model": "team.staffstatus",
    "pk": 10,
    "fields": {
        "old_sk_id": 4,
        "inserted": "2012-07-03T09:54:05.640Z",
        "inserted_by": null,
        "updated": "2012-07-03T09:54:05.640Z",
        "updated_by": null,
        "name": "APPROVED",
        "weight": 9,
        "include_in_roster_export": true
    }
},
{
    "model": "team.staffstatus",
    "pk": 11,
    "fields": {
        "old_sk_id": 5,
        "inserted": "2012-07-03T09:54:05.640Z",
        "inserted_by": null,
        "updated": "2012-07-03T09:54:05.640Z",
        "updated_by": null,
        "name": "REJECTED",
        "weight": 10,
        "include_in_roster_export": true
    }
},
{
    "model": "team.staffstatus",
    "pk": 12,
    "fields": {
        "old_sk_id": null,
        "inserted": "2022-01-01T05:00:00Z",
        "inserted_by": null,
        "updated": "2022-01-01T05:00:00Z",
        "updated_by": null,
        "name": "APPROVED",
        "weight": 11,
        "include_in_roster_export": true
    }
},
{
    "model": "team.staffstatusreason",
    "pk": 1,
    "fields": {
        "old_sk_id": 1,
        "inserted": "2012-07-21T21:38:29.157Z",
        "inserted_by": null,
        "updated": "2012-07-21T21:38:29.157Z",
        "updated_by": null,
        "name": "OK",
        "weight": 0
    }
},
{
    "model": "team.staffstatusreason",
    "pk": 2,
    "fields": {
        "old_sk_id": 2,
        "inserted": "2012-07-21T21:38:29.157Z",
        "inserted_by": null,
        "updated": "2012-07-21T21:38:29.157Z",
        "updated_by": null,
        "name": "CERTIFICATIONS REQUIRED",
        "weight": 1
    }
},
{
    "model": "team.staff",
    "pk": 1,
    "fields": {
        "old_sk_id": null,
        "inserted": "2022-01-01T05:00:00Z",
        "inserted_by": null,
        "updated": "2022-01-01T05:00:00Z",
        "updated_by": null,
        "season": 1,
        "league": null,
        "division": null,
        "subdivision": null,
        "team": null,
        "user": 1,
        "member": 1,
        "type": 26,
        "status": 12,
        "importer": false,
        "affiliate": false,
        "tryout": false,
        "registration_date": null,
        "release_date": null
    }
},
{
    "model": "team.staff",
    "pk": 2,
    "fields": {
        "old_sk_id": null,
        "inserted": "2022-01-01T05:00:00Z",
        "inserted_by": null,
        "updated": "2022-01-01T05:00:00Z",
        "updated_by": null,
        "season": 1,
        "league": 1,
        "division": null,
        "subdivision": null,
        "team": null,
        "user": 2,
        "member": 2,
        "type": 25,
        "status": 12,
        "importer": false,
        "affiliate": false,
        "tryout": false,
        "registration_date": null,
        "release_date": null
    }
},
{
    "model": "team.staff",
    "pk": 3,
    "fields": {
        "old_sk_id": null,
        "inserted": "2022-01-01T05:00:00Z",
        "inserted_by": null,
        "updated": "2022-01-01T05:00:00Z",
        "updated_by": null,
        "season": 1,
        "league": 1,
        "division": 1,
        "subdivision": null,
        "team": null,
        "user": 3,
        "member": 3,
        "type": 24,
        "status": 12,
        "importer": false,
        "affiliate": false,
        "tryout": false,
        "registration_date": null,
        "release_date": null
    }
},
{
    "model": "team.staff",
    "pk": 4,
    "fields": {
        "old_sk_id": null,
        "inserted": "2022-01-01T05:00:00Z",
        "inserted_by": null,
        "updated": "2022-01-01T05:00:00Z",
        "updated_by": null,
        "season": 1,
        "league": 1,
        "division": 1,
        "subdivision": 1,
        "team": null,
        "user": 4,
        "member": 4,
        "type": 23,
        "status": 12,
        "importer": false,
        "affiliate": false,
        "tryout": false,
        "registration_date": null,
        "release_date": null
    }
},
{
    "model": "team.staff",
    "pk": 5,
    "fields": {
        "old_sk_id": null,
        "inserted": "2022-01-01T05:00:00Z",
        "inserted_by": null,
        "updated": "2022-01-01T05:00:00Z",
        "updated_by": null,
        "season": 1,
        "league": 1,
        "division": 1,
        "subdivision": 1,
        "team": 1,
        "user": 5,
        "member": 5,
        "type": 22,
        "status": 12,
        "importer": false,
        "affiliate": false,
        "tryout": false,
        "registration_date": null,
        "release_date": null
    }
},
{
    "model": "team.staff",
    "pk": 6,
    "fields": {
        "old_sk_id": null,
        "inserted": "2022-01-01T05:00:00Z",
        "inserted_by": null,
        "updated": "2022-01-01T05:00:00Z",
        "updated_by": null,
        "season": 1,
        "league": 1,
        "division": 1,
        "subdivision": 1,
        "team": 1,
        "user": 6,
        "member": 6,
        "type": 21,
        "status": 12,
        "importer": false,
        "affiliate": false,
        "tryout": false,
        "registration_date": null,
        "release_date": null
    }
},
{
    "model": "team.staff",
    "pk": 7,
    "fields": {
        "old_sk_id": null,
        "inserted": "2022-01-01T05:00:00Z",
        "inserted_by": null,
        "updated": "2022-01-01T05:00:00Z",
        "updated_by": null,
        "season": 1,
        "league": 1,
        "division": 1,
        "subdivision": 1,
        "team": 2,
        "user": 7,
        "member": 7,
        "type": 22,
        "status": 12,
        "importer": false,
        "affiliate": false,
        "tryout": false,
        "registration_date": null,
        "release_date": null
    }
},
{
    "model": "team.staff",
    "pk": 8,
    "fields": {
        "old_sk_id": null,
        "inserted": "2022-01-01T05:00:00Z",
        "inserted_by": null,
        "updated": "2022-01-01T05:00:00Z",
        "updated_by": null,
        "season": 1,
        "league": 1,
        "division": 1,
        "subdivision": 1,
        "team": 2,
        "user": 8,
        "member": 8,
        "type": 21,
        "status": 12,
        "importer": false,
        "affiliate": false,
        "tryout": false,
        "registration_date": null,
        "release_date": null
    }
},
{
    "model": "team.staff",
    "pk": 9,
    "fields": {
        "old_sk_id": null,
        "inserted": "2022-01-01T05:00:00Z",
        "inserted_by": null,
        "updated": "2022-01-01T05:00:00Z",
        "updated_by": null,
        "season": 1,
        "league": 1,
        "division": 1,
        "subdivision": 2,
        "team": null,
        "user": 9,
        "member": 9,
        "type": 23,
        "status": 12,
        "importer": false,
        "affiliate": false,
        "tryout": false,
        "registration_date": null,
        "release_date": null
    }
},
{
    "model": "team.staff",
    "pk": 10,
    "fields": {
        "old_sk_id": null,
        "inserted": "2022-01-01T05:00:00Z",
        "inserted_by": null,
        "updated": "2022-01-01T05:00:00Z",
        "updated_by": null,
        "season": 1,
        "league": 1,
        "division": 1,
        "subdivision": 2,
        "team": 3,
        "user": 10,
        "member": 10,
        "type": 22,
        "status": 12,
        "importer": false,
        "affiliate": false,
        "tryout": false,
        "registration_date": null,
        "release_date": null
    }
},
{
    "model": "team.staff",
    "pk": 11,
    "fields": {
        "old_sk_id": null,
        "inserted": "2022-01-01T05:00:00Z",
        "inserted_by": null,
        "updated": "2022-01-01T05:00:00Z",
        "updated_by": null,
        "season": 1,
        "league": 1,
        "division": 1,
        "subdivision": 2,
        "team": 3,
        "user": 11,
        "member": 11,
        "type": 21,
        "status": 12,
        "importer": false,
        "affiliate": false,
        "tryout": false,
        "registration_date": null,
        "release_date": null
    }
},
{
    "model": "team.staff",
    "pk": 12,
    "fields": {
        "old_sk_id": null,
        "inserted": "2022-01-01T05:00:00Z",
        "inserted_by": null,
        "updated": "2022-01-01T05:00:00Z",
        "updated_by": null,
        "season": 1,
        "league": 1,
        "division": 1,
        "subdivision": 2,
        "team": 4,
        "user": 12,
        "member": 12,
        "type": 22,
        "status": 12,
        "importer": false,
        "affiliate": false,
        "tryout": false,
        "registration_date": null,
        "release_date": null
    }
},
{
    "model": "team.staff",
    "pk": 13,
    "fields": {
        "old_sk_id": null,
        "inserted": "2022-01-01T05:00:00Z",
        "inserted_by": null,
        "updated": "2022-01-01T05:00:00Z",
        "updated_by": null,
        "season": 1,
        "league": 1,
        "division": 1,
        "subdivision": 2,
        "team": 4,
        "user": 13,
        "member": 13,
        "type": 21,
        "status": 12,
        "importer": false,
        "affiliate": false,
        "tryout": false,
        "registration_date": null,
        "release_date": null
    }
},
{
    "model": "team.staff",
    "pk": 14,
    "fields": {
        "old_sk_id": null,
        "inserted": "2022-01-01T05:00:00Z",
        "inserted_by": null,
        "updated": "2022-01-01T05:00:00Z",
        "updated_by": null,
        "season": 1,
        "league": 1,
        "division": 2,
        "subdivision": null,
        "team": null,
        "user": 14,
        "member": 14,
        "type": 24,
        "status": 12,
        "importer": false,
        "affiliate": false,
        "tryout": false,
        "registration_date": null,
        "release_date": null
    }
},
{
    "model": "team.staff",
    "pk": 15,
    "fields": {
        "old_sk_id": null,
        "inserted": "2022-01-01T05:00:00Z",
        "inserted_by": null,
        "updated": "2022-01-01T05:00:00Z",
        "updated_by": null,
        "season": 1,
        "league": 1,
        "division": 2,
        "subdivision": 3,
        "team": null,
        "user": 15,
        "member": 15,
        "type": 23,
        "status": 12,
        "importer": false,
        "affiliate": false,
        "tryout": false,
        "registration_date": null,
        "release_date": null
    }
},
{
    "model": "team.staff",
    "pk": 16,
    "fields": {
        "old_sk_id": null,
        "inserted": "2022-01-01T05:00:00Z",
        "inserted_by": null,
        "updated": "2022-01-01T05:00:00Z",
        "updated_by": null,
        "season": 1,
        "league": 1,
        "division": 2,
        "subdivision": 3,
        "team": 5,
        "user": 16,
        "member": 16,
        "type": 22,
        "status": 12,
        "importer": false,
        "affiliate": false,
        "tryout": false,
        "registration_date": null,
        "release_date": null
    }
},
{
    "model": "team.staff",
    "pk": 17,
    "fields": {
        "old_sk_id": null,
        "inserted": "2022-01-01T05:00:00Z",
        "inserted_by": null,
        "updated": "2022-01-01T05:00:00Z",
        "updated_by": null,
        "season": 1,
        "league": 1,
        "division": 2,
        "subdivision": 3,
        "team": 5,
        "user": 17,
        "member": 17,
        "type": 21,
        "status": 12,
        "importer": false,
        "affiliate": false,
        "tryout": false,
        "registration_date": null,
        "release_date": null
    }
},
{
    "model": "team.staff",
    "pk": 18,
    "fields": {
        "old_sk_id": null,
        "inserted": "2022-01-01T05:00:00Z",
        "inserted_by": null,
        "updated": "2022-01-01T05:00:00Z",
        "updated_by": null,
        "season": 1,
        "league": 1,
        "division": 2,
        "subdivision": 3,
        "team": 6,
        "user": 18,
        "member": 18,
        "type": 22,
        "status": 12,
        "importer": false,
        "affiliate": false,
        "tryout": false,
        "registration_date": null,
        "release_date": null
    }
},
{
    "model": "team.staff",
    "pk": 19,
    "fields": {
        "old_sk_id": null,
        "inserted": "2022-01-01T05:00:00Z",
        "inserted_by": null,
        "updated": "2022-01-01T05:00:00Z",
        "updated_by": null,
        "season": 1,
        "league": 1,
        "division": 2,
        "subdivision": 3,
        "team": 6,
        "user": 19,
        "member": 19,
        "type": 21,
        "status": 12,
        "importer": false,
        "affiliate": false,
        "tryout": false,
        "registration_date": null,
        "release_date": null
    }
},
{
    "model": "team.staff",
    "pk": 20,
    "fields": {
        "old_sk_id": null,
        "inserted": "2022-01-01T05:00:00Z",
        "inserted_by": null,
        "updated": "2022-01-01T05:00:00Z",
        "updated_by": null,
        "season": 1,
        "league": 1,
        "division": 2,
        "subdivision": 4,
        "team": null,
        "user": 20,
        "member": 20,
        "type": 23,
        "status": 12,
        "importer": false,
        "affiliate": false,
        "tryout": false,
        "registration_date": null,
        "release_date": null
    }
},
{
    "model": "team.staff",
    "pk": 21,
    "fields": {
        "old_sk_id": null,
        "inserted": "2022-01-01T05:00:00Z",
        "inserted_by": null,
        "updated": "2022-01-01T05:00:00Z",
        "updated_by": null,
        "season": 1,
        "league": 1,
        "division": 2,
        "subdivision": 4,
        "team": 7,
        "user": 21,
        "member": 21,
        "type": 22,
        "status": 12,
        "importer": false,
        "affiliate": false,
        "tryout": false,
        "registration_date": null,
        "release_date": null
    }
},
{
    "model": "team.staff",
    "pk": 22,
    "fields": {
        "old_sk_id": null,
        "inserted": "2022-01-01T05:00:00Z",
        "inserted_by": null,
        "updated": "2022-01-01T05:00:00Z",
        "updated_by": null,
        "season": 1,
        "league": 1,
        "division": 2,
        "subdivision": 4,
        "team": 7,
        "user": 22,
        "member": 22,
        "type": 21,
        "status": 12,
        "importer": false,
        "affiliate": false,
        "tryout": false,
        "registration_date": null,
        "release_date": null
    }
},
{
    "model": "team.staff",
    "pk": 23,
    "fields": {
        "old_sk_id": null,
        "inserted": "2022-01-01T05:00:00Z",
        "inserted_by": null,
        "updated": "2022-01-01T05:00:00Z",
        "updated_by": null,
        "season": 1,
        "league": 1,
        "division": 2,
        "subdivision": 4,
        "team": 8,
        "user": 23,
        "member": 23,
        "type": 22,
        "status": 12,
        "importer": false,
        "affiliate": false,
        "tryout": false,
        "registration_date": null,
        "release_date": null
    }
},
{
    "model": "team.staff",
    "pk": 24,
    "fields": {
        "old_sk_id": null,
        "inserted": "2022-01-01T05:00:00Z",
        "inserted_by": null,
        "updated": "2022-01-01T05:00:00Z",
        "updated_by": null,
        "season": 1,
        "league": 1,
        "division": 2,
        "subdivision": 4,
        "team": 8,
        "user": 24,
        "member": 24,
        "type": 21,
        "status": 12,
        "importer": false,
        "affiliate": false,
        "tryout": false,
        "registration_date": null,
        "release_date": null
    }
},
{
    "model": "team.staff",
    "pk": 25,
    "fields": {
        "old_sk_id": null,
        "inserted": "2022-01-01T05:00:00Z",
        "inserted_by": null,
        "updated": "2022-01-01T05:00:00Z",
        "updated_by": null,
        "season": 1,
        "league": 2,
        "division": null,
        "subdivision": null,
        "team": null,
        "user": 25,
        "member": 25,
        "type": 25,
        "status": 12,
        "importer": false,
        "affiliate": false,
        "tryout": false,
        "registration_date": null,
        "release_date": null
    }
},
{
    "model": "team.staff",
    "pk": 26,
    "fields": {
        "old_sk_id": null,
        "inserted": "2022-01-01T05:00:00Z",
        "inserted_by": null,
        "updated": "2022-01-01T05:00:00Z",
        "updated_by": null,
        "season": 1,
        "league": 2,
        "division": 3,
        "subdivision": null,
        "team": null,
        "user": 26,
        "member": 26,
        "type": 24,
        "status": 12,
        "importer": false,
        "affiliate": false,
        "tryout": false,
        "registration_date": null,
        "release_date": null
    }
},
{
    "model": "team.staff",
    "pk": 27,
    "fields": {
        "old_sk_id": null,
        "inserted": "2022-01-01T05:00:00Z",
        "inserted_by": null,
        "updated": "2022-01-01T05:00:00Z",
        "updated_by": null,
        "season": 1,
        "league": 2,
        "division": 3,
        "subdivision": 5,
        "team": null,
        "user": 27,
        "member": 27,
        "type": 23,
        "status": 12,
        "importer": false,
        "affiliate": false,
        "tryout": false,
        "registration_date": null,
        "release_date": null
    }
},
{
    "model": "team.staff",
    "pk": 28,
    "fields": {
        "old_sk_id": null,
        "inserted": "2022-01-01T05:00:00Z",
        "inserted_by": null,
        "updated": "2022-01-01T05:00:00Z",
        "updated_by": null,
        "season": 1,
        "league": 2,
        "division": 3,
        "subdivision": 5,
        "team": 9,
        "user": 28,
        "member": 28,
        "type": 22,
        "status": 12,
        "importer": false,
        "affiliate": false,
        "tryout": false,
        "registration_date": null,
        "release_date": null
    }
},
{
    "model": "team.staff",
    "pk": 29,
    "fields": {
        "old_sk_id": null,
        "inserted": "2022-01-01T05:00:00Z",
        "inserted_by": null,
        "updated": "2022-01-01T05:00:00Z",
        "updated_by": null,
        "season": 1,
        "league": 2,
        "division": 3,
        "subdivision": 5,
        "team": 9,
        "user": 29,
        "member": 29,
        "type": 21,
        "status": 12,
        "importer": false,
        "affiliate": false,
        "tryout": false,
        "registration_date": null,
        "release_date": null
    }
},
{
    "model": "team.staff",
    "pk": 30,
    "fields": {
        "old_sk_id": null,
        "inserted": "2022-01-01T05:00:00Z",
        "inserted_by": null,
        "updated": "2022-01-01T05:00:00Z",
        "updated_by": null,
        "season": 1,
        "league": 2,
        "division": 3,
        "subdivision": 5,
        "team": 10,
        "user": 30,
        "member": 30,
        "type": 22,
        "status": 12,
        "importer": false,
        "affiliate": false,
        "tryout": false,
        "registration_date": null,
        "release_date": null
    }
},
{
    "model": "team.staff",
    "pk": 31,
    "fields": {
        "old_sk_id": null,
        "inserted": "2022-01-01T05:00:00Z",
        "inserted_by": null,
        "updated": "2022-01-01T05:00:00Z",
        "updated_by": null,
        "season": 1,
        "league": 2,
        "division": 3,
        "subdivision": 5,
        "team": 10,
        "user": 31,
        "member": 31,
        "type": 21,
        "status": 12,
        "importer": false,
        "affiliate": false,
        "tryout": false,
        "registration_date": null,
        "release_date": null
    }
},
{
    "model": "team.staff",
    "pk": 32,
    "fields": {
        "old_sk_id": null,
        "inserted": "2022-01-01T05:00:00Z",
        "inserted_by": null,
        "updated": "2022-01-01T05:00:00Z",
        "updated_by": null,
        "season": 1,
        "league": 2,
        "division": 3,
        "subdivision": 6,
        "team": null,
        "user": 32,
        "member": 32,
        "type": 23,
        "status": 12,
        "importer": false,
        "affiliate": false,
        "tryout": false,
        "registration_date": null,
        "release_date": null
    }
},
{
    "model": "team.staff",
    "pk": 33,
    "fields": {
        "old_sk_id": null,
        "inserted": "2022-01-01T05:00:00Z",
        "inserted_by": null,
        "updated": "2022-01-01T05:00:00Z",
        "updated_by": null,
        "season": 1,
        "league": 2,
        "division": 3,
        "subdivision": 6,
        "team": 11,
        "user": 33,
        "member": 33,
        "type": 22,
        "status": 12,
        "importer": false,
        "affiliate": false,
        "tryout": false,
        "registration_date": null,
        "release_date": null
    }
},
{
    "model": "team.staff",
    "pk": 34,
    "fields": {
        "old_sk_id": null,
        "inserted": "2022-01-01T05:00:00Z",
        "inserted_by": null,
        "updated": "2022-01-01T05:00:00Z",
        "updated_by": null,
        "season": 1,
        "league": 2,
        "division": 3,
        "subdivision": 6,
        "team": 11,
        "user": 34,
        "member": 34,
        "type": 21,
        "status": 12,
        "importer": false,
        "affiliate": false,
        "tryout": false,
        "registration_date": null,
        "release_date": null
    }
},
{
    "model": "team.staff",
    "pk": 35,
    "fields": {
        "old_sk_id": null,
        "inserted": "2022-01-01T05:00:00Z",
        "inserted_by": null,
        "updated": "2022-01-01T05:00:00Z",
        "updated_by": null,
        "season": 1,
        "league": 2,
        "division": 3,
        "subdivision": 6,
        "team": 12,
        "user": 35,
        "member": 35,
        "type": 22,
        "status": 12,
        "importer": false,
        "affiliate": false,
        "tryout": false,
        "registration_date": null,
        "release_date": null
    }
},
{
    "model": "team.staff",
    "pk": 36,
    "fields": {
        "old_sk_id": null,
        "inserted": "2022-01-01T05:00:00Z",
        "inserted_by": null,
        "updated": "2022-01-01T05:00:00Z",
        "updated_by": null,
        "season": 1,
        "league": 2,
        "division": 3,
        "subdivision": 6,
        "team": 12,
        "user": 36,
        "member": 36,
        "type": 21,
        "status": 12,
        "importer": false,
        "affiliate": false,
        "tryout": false,
        "registration_date": null,
        "release_date": null
    }
},
{
    "model": "team.staff",
    "pk": 37,
    "fields": {
        "old_sk_id": null,
        "inserted": "2022-01-01T05:00:00Z",
        "inserted_by": null,
        "updated": "2022-01-01T05:00:00Z",
        "updated_by": null,
        "season": 1,
        "league": 2,
        "division": 4,
        "subdivision": null,
        "team": null,
        "user": 37,
        "member": 37,
        "type": 24,
        "status": 12,
        "importer": false,
        "affiliate": false,
        "tryout": false,
        "registration_date": null,
        "release_date": null
    }
},
{
    "model": "team.staff",
    "pk": 38,
    "fields": {
        "old_sk_id": null,
        "inserted": "2022-01-01T05:00:00Z",
        "inserted_by": null,
        "updated": "2022-01-01T05:00:00Z",
        "updated_by": null,
        "season": 1,
        "league": 2,
        "division": 4,
        "subdivision": 7,
        "team": null,
        "user": 38,
        "member": 38,
        "type": 23,
        "status": 12,
        "importer": false,
        "affiliate": false,
        "tryout": false,
        "registration_date": null,
        "release_date": null
    }
},
{
    "model": "team.staff",
    "pk": 39,
    "fields": {
        "old_sk_id": null,
        "inserted": "2022-01-01T05:00:00Z",
        "inserted_by": null,
        "updated": "2022-01-01T05:00:00Z",
        "updated_by": null,
        "season": 1,
        "league": 2,
        "division": 4,
        "subdivision": 7,
        "team": 13,
        "user": 39,
        "member": 39,
        "type": 22,
        "status": 12,
        "importer": false,
        "affiliate": false,
        "tryout": false,
        "registration_date": null,
        "release_date": null
    }
},
{
    "model": "team.staff",
    "pk": 40,
    "fields": {
        "old_sk_id": null,
        "inserted": "2022-01-01T05:00:00Z",
        "inserted_by": null,
        "updated": "2022-01-01T05:00:00Z",
        "updated_by": null,
        "season": 1,
        "league": 2,
        "division": 4,
        "subdivision": 7,
        "team": 13,
        "user": 40,
        "member": 40,
        "type": 21,
        "status": 12,
        "importer": false,
        "affiliate": false,
        "tryout": false,
        "registration_date": null,
        "release_date": null
    }
},
{
    "model": "team.staff",
    "pk": 41,
    "fields": {
        "old_sk_id": null,
        "inserted": "2022-01-01T05:00:00Z",
        "inserted_by": null,
        "updated": "2022-01-01T05:00:00Z",
        "updated_by": null,
        "season": 1,
        "league": 2,
        "division": 4,
        "subdivision": 7,
        "team": 14,
        "user": 41,
        "member": 41,
        "type": 22,
        "status": 12,
        "importer": false,
        "affiliate": false,
        "tryout": false,
        "registration_date": null,
        "release_date": null
    }
},
{
    "model": "team.staff",
    "pk": 42,
    "fields": {
        "old_sk_id": null,
        "inserted": "2022-01-01T05:00:00Z",
        "inserted_by": null,
        "updated": "2022-01-01T05:00:00Z",
        "updated_by": null,
        "season": 1,
        "league": 2,
        "division": 4,
        "subdivision": 7,
        "team": 14,
        "user": 42,
        "member": 42,
        "type": 21,
        "status": 12,
        "importer": false,
        "affiliate": false,
        "tryout": false,
        "registration_date": null,
        "release_date": null
    }
},
{
    "model": "team.staff",
    "pk": 43,
    "fields": {
        "old_sk_id": null,
        "inserted": "2022-01-01T05:00:00Z",
        "inserted_by": null,
        "updated": "2022-01-01T05:00:00Z",
        "updated_by": null,
        "season": 1,
        "league": 2,
        "division": 4,
        "subdivision": 8,
        "team": null,
        "user": 43,
        "member": 43,
        "type": 23,
        "status": 12,
        "importer": false,
        "affiliate": false,
        "tryout": false,
        "registration_date": null,
        "release_date": null
    }
},
{
    "model": "team.staff",
    "pk": 44,
    "fields": {
        "old_sk_id": null,
        "inserted": "2022-01-01T05:00:00Z",
        "inserted_by": null,
        "updated": "2022-01-01T05:00:00Z",
        "updated_by": null,
        "season": 1,
        "league": 2,
        "division": 4,
        "subdivision": 8,
        "team": 15,
        "user": 44,
        "member": 44,
        "type": 22,
        "status": 12,
        "importer": false,
        "affiliate": false,
        "tryout": false,
        "registration_date": null,
        "release_date": null
    }
},
{
    "model": "team.staff",
    "pk": 45,
    "fields": {
        "old_sk_id": null,
        "inserted": "2022-01-01T05:00:00Z",
        "inserted_by": null,
        "updated": "2022-01-01T05:00:00Z",
        "updated_by": null,
        "season": 1,
        "league": 2,
        "division": 4,
        "subdivision": 8,
        "team": 15,
        "user": 45,
        "member": 45,
        "type": 21,
        "status": 12,
        "importer": false,
        "affiliate": false,
        "tryout": false,
        "registration_date": null,
        "release_date": null
    }
},
{
    "model": "team.staff",
    "pk": 46,
    "fields": {
        "old_sk_id": null,
        "inserted": "2022-01-01T05:00:00Z",
        "inserted_by": null,
        "updated": "2022-01-01T05:00:00Z",
        "updated_by": null,
        "season": 1,
        "league": 2,
        "division": 4,
        "subdivision": 8,
        "team": 16,
        "user": 46,
        "member": 46,
        "type": 22,
        "status": 12,
        "importer": false,
        "affiliate": false,
        "tryout": false,
        "registration_date": null,
        "release_date": null
    }
},
{
    "model": "team.staff",
    "pk": 47,
    "fields": {
        "old_sk_id": null,
        "inserted": "2022-01-01T05:00:00Z",
        "inserted_by": null,
        "updated": "2022-01-01T05:00:00Z",
        "updated_by": null,
        "season": 1,
        "league": 2,
        "division": 4,
        "subdivision": 8,
        "team": 16,
        "user": 47,
        "member": 47,
        "type": 21,
        "status": 12,
        "importer": false,
        "affiliate": false,
        "tryout": false,
        "registration_date": null,
        "release_date": null
    }
},
{
    "model": "team.staff",
    "pk": 48,
    "fields": {
        "old_sk_id": null,
        "inserted": "2022-01-01T05:00:00Z",
        "inserted_by": null,
        "updated": "2022-01-01T05:00:00Z",
        "updated_by": null,
        "season": 2,
        "league": null,
        "division": null,
        "subdivision": null,
        "team": null,
        "user": 48,
        "member": 48,
        "type": 26,
        "status": 12,
        "importer": false,
        "affiliate": false,
        "tryout": false,
        "registration_date": null,
        "release_date": null
    }
},
{
    "model": "team.staff",
    "pk": 49,
    "fields": {
        "old_sk_id": null,
        "inserted": "2022-01-01T05:00:00Z",
        "inserted_by": null,
        "updated": "2022-01-01T05:00:00Z",
        "updated_by": null,
        "season": 2,
        "league": 3,
        "division": null,
        "subdivision": null,
        "team": null,
        "user": 49,
        "member": 49,
        "type": 25,
        "status": 12,
        "importer": false,
        "affiliate": false,
        "tryout": false,
        "registration_date": null,
        "release_date": null
    }
},
{
    "model": "team.staff",
    "pk": 50,
    "fields": {
        "old_sk_id": null,
        "inserted": "2022-01-01T05:00:00Z",
        "inserted_by": null,
        "updated": "2022-01-01T05:00:00Z",
        "updated_by": null,
        "season": 2,
        "league": 3,
        "division": 5,
        "subdivision": null,
        "team": null,
        "user": 50,
        "member": 50,
        "type": 24,
        "status": 12,
        "importer": false,
        "affiliate": false,
        "tryout": false,
        "registration_date": null,
        "release_date": null
    }
},
{
    "model": "team.staff",
    "pk": 51,
    "fields": {
        "old_sk_id": null,
        "inserted": "2022-01-01T05:00:00Z",
        "inserted_by": null,
        "updated": "2022-01-01T05:00:00Z",
        "updated_by": null,
        "season": 2,
        "league": 3,
        "division": 5,
        "subdivision": 9,
        "team": null,
        "user": 51,
        "member": 51,
        "type": 23,
        "status": 12,
        "importer": false,
        "affiliate": false,
        "tryout": false,
        "registration_date": null,
        "release_date": null
    }
},
{
    "model": "team.staff",
    "pk": 52,
    "fields": {
        "old_sk_id": null,
        "inserted": "2022-01-01T05:00:00Z",
        "inserted_by": null,
        "updated": "2022-01-01T05:00:00Z",
        "updated_by": null,
        "season": 2,
        "league": 3,
        "division": 5,
        "subdivision": 9,
        "team": 17,
        "user": 52,
        "member": 52,
        "type": 22,
        "status": 12,
        "importer": false,
        "affiliate": false,
        "tryout": false,
        "registration_date": null,
        "release_date": null
    }
},
{
    "model": "team.staff",
    "pk": 53,
    "fields": {
        "old_sk_id": null,
        "inserted": "2022-01-01T05:00:00Z",
        "inserted_by": null,
        "updated": "2022-01-01T05:00:00Z",
        "updated_by": null,
        "season": 2,
        "league": 3,
        "division": 5,
        "subdivision": 9,
        "team": 17,
        "user": 53,
        "member": 53,
        "type": 21,
        "status": 12,
        "importer": false,
        "affiliate": false,
        "tryout": false,
        "registration_date": null,
        "release_date": null
    }
},
{
    "model": "team.staff",
    "pk": 54,
    "fields": {
        "old_sk_id": null,
        "inserted": "2022-01-01T05:00:00Z",
        "inserted_by": null,
        "updated": "2022-01-01T05:00:00Z",
        "updated_by": null,
        "season": 2,
        "league": 3,
        "division": 5,
        "subdivision": 9,
        "team": 18,
        "user": 54,
        "member": 54,
        "type": 22,
        "status": 12,
        "importer": false,
        "affiliate": false,
        "tryout": false,
        "registration_date": null,
        "release_date": null
    }
},
{
    "model": "team.staff",
    "pk": 55,
    "fields": {
        "old_sk_id": null,
        "inserted": "2022-01-01T05:00:00Z",
        "inserted_by": null,
        "updated": "2022-01-01T05:00:00Z",
        "updated_by": null,
        "season": 2,
        "league": 3,
        "division": 5,
        "subdivision": 9,
        "team": 18,
        "user": 55,
        "member": 55,
        "type": 21,
        "status": 12,
        "importer": false,
        "affiliate": false,
        "tryout": false,
        "registration_date": null,
        "release_date": null
    }
},
{
    "model": "team.staff",
    "pk": 56,
    "fields": {
        "old_sk_id": null,
        "inserted": "2022-01-01T05:00:00Z",
        "inserted_by": null,
        "updated": "2022-01-01T05:00:00Z",
        "updated_by": null,
        "season": 2,
        "league": 3,
        "division": 5,
        "subdivision": 10,
        "team": null,
        "user": 56,
        "member": 56,
        "type": 23,
        "status": 12,
        "importer": false,
        "affiliate": false,
        "tryout": false,
        "registration_date": null,
        "release_date": null
    }
},
{
    "model": "team.staff",
    "pk": 57,
    "fields": {
        "old_sk_id": null,
        "inserted": "2022-01-01T05:00:00Z",
        "inserted_by": null,
        "updated": "2022-01-01T05:00:00Z",
        "updated_by": null,
        "season": 2,
        "league": 3,
        "division": 5,
        "subdivision": 10,
        "team": 19,
        "user": 57,
        "member": 57,
        "type": 22,
        "status": 12,
        "importer": false,
        "affiliate": false,
        "tryout": false,
        "registration_date": null,
        "release_date": null
    }
},
{
    "model": "team.staff",
    "pk": 58,
    "fields": {
        "old_sk_id": null,
        "inserted": "2022-01-01T05:00:00Z",
        "inserted_by": null,
        "updated": "2022-01-01T05:00:00Z",
        "updated_by": null,
        "season": 2,
        "league": 3,
        "division": 5,
        "subdivision": 10,
        "team": 19,
        "user": 58,
        "member": 58,
        "type": 21,
        "status": 12,
        "importer": false,
        "affiliate": false,
        "tryout": false,
        "registration_date": null,
        "release_date": null
    }
},
{
    "model": "team.staff",
    "pk": 59,
    "fields": {
        "old_sk_id": null,
        "inserted": "2022-01-01T05:00:00Z",
        "inserted_by": null,
        "updated": "2022-01-01T05:00:00Z",
        "updated_by": null,
        "season": 2,
        "league": 3,
        "division": 5,
        "subdivision": 10,
        "team": 20,
        "user": 59,
        "member": 59,
        "type": 22,
        "status": 12,
        "importer": false,
        "affiliate": false,
        "tryout": false,
        "registration_date": null,
        "release_date": null
    }
},
{
    "model": "team.staff",
    "pk": 60,
    "fields": {
        "old_sk_id": null,
        "inserted": "2022-01-01T05:00:00Z",
        "inserted_by": null,
        "updated": "2022-01-01T05:00:00Z",
        "updated_by": null,
        "season": 2,
        "league": 3,
        "division": 5,
        "subdivision": 10,
        "team": 20,
        "user": 60,
        "member": 60,
        "type": 21,
        "status": 12,
        "importer": false,
        "affiliate": false,
        "tryout": false,
        "registration_date": null,
        "release_date": null
    }
},
{
    "model": "team.staff",
    "pk": 61,
    "fields": {
        "old_sk_id": null,
        "inserted": "2022-01-01T05:00:00Z",
        "inserted_by": null,
        "updated": "2022-01-01T05:00:00Z",
        "updated_by": null,
        "season": 2,
        "league": 3,
        "division": 6,
        "subdivision": null,
        "team": null,
        "user": 61,
        "member": 61,
        "type": 24,
        "status": 12,
        "importer": false,
        "affiliate": false,
        "tryout": false,
        "registration_date": null,
        "release_date": null
    }
},
{
    "model": "team.staff",
    "pk": 62,
    "fields": {
        "old_sk_id": null,
        "inserted": "2022-01-01T05:00:00Z",
        "inserted_by": null,
        "updated": "2022-01-01T05:00:00Z",
        "updated_by": null,
        "season": 2,
        "league": 3,
        "division": 6,
        "subdivision": 11,
        "team": null,
        "user": 62,
        "member": 62,
        "type": 23,
        "status": 12,
        "importer": false,
        "affiliate": false,
        "tryout": false,
        "registration_date": null,
        "release_date": null
    }
},
{
    "model": "team.staff",
    "pk": 63,
    "fields": {
        "old_sk_id": null,
        "inserted": "2022-01-01T05:00:00Z",
        "inserted_by": null,
        "updated": "2022-01-01T05:00:00Z",
        "updated_by": null,
        "season": 2,
        "league": 3,
        "division": 6,
        "subdivision": 11,
        "team": 21,
        "user": 63,
        "member": 63,
        "type": 22,
        "status": 12,
        "importer": false,
        "affiliate": false,
        "tryout": false,
        "registration_date": null,
        "release_date": null
    }
},
{
    "model": "team.staff",
    "pk": 64,
    "fields": {
        "old_sk_id": null,
        "inserted": "2022-01-01T05:00:00Z",
        "inserted_by": null,
        "updated": "2022-01-01T05:00:00Z",
        "updated_by": null,
        "season": 2,
        "league": 3,
        "division": 6,
        "subdivision": 11,
        "team": 21,
        "user": 64,
        "member": 64,
        "type": 21,
        "status": 12,
        "importer": false,
        "affiliate": false,
        "tryout": false,
        "registration_date": null,
        "release_date": null
    }
},
{
    "model": "team.staff",
    "pk": 65,
    "fields": {
        "old_sk_id": null,
        "inserted": "2022-01-01T05:00:00Z",
        "inserted_by": null,
        "updated": "2022-01-01T05:00:00Z",
        "updated_by": null,
        "season": 2,
        "league": 3,
        "division": 6,
        "subdivision": 11,
        "team": 22,
        "user": 65,
        "member": 65,
        "type": 22,
        "status": 12,
        "importer": false,
        "affiliate": false,
        "tryout": false,
        "registration_date": null,
        "release_date": null
    }
},
{
    "model": "team.staff",
    "pk": 66,
    "fields": {
        "old_sk_id": null,
        "inserted": "2022-01-01T05:00:00Z",
        "inserted_by": null,
        "updated": "2022-01-01T05:00:00Z",
        "updated_by": null,
        "season": 2,
        "league": 3,
        "division": 6,
        "subdivision": 11,
        "team": 22,
        "user": 66,
        "member": 66,
        "type": 21,
        "status": 12,
        "importer": false,
        "affiliate": false,
        "tryout": false,
        "registration_date": null,
        "release_date": null
    }
},
{
    "model": "team.staff",
    "pk": 67,
    "fields": {
        "old_sk_id": null,
        "inserted": "2022-01-01T05:00:00Z",
        "inserted_by": null,
        "updated": "2022-01-01T05:00:00Z",
        "updated_by": null,
        "season": 2,
        "league": 3,
        "division": 6,
        "subdivision": 12,
        "team": null,
        "user": 67,
        "member": 67,
        "type": 23,
        "status": 12,
        "importer": false,
        "affiliate": false,
        "tryout": false,
        "registration_date": null,
        "release_date": null
    }
},
{
    "model": "team.staff",
    "pk": 68,
    "fields": {
        "old_sk_id": null,
        "inserted": "2022-01-01T05:00:00Z",
        "inserted_by": null,
        "updated": "2022-01-01T05:00:00Z",
        "updated_by": null,
        "season": 2,
        "league": 3,
        "division": 6,
        "subdivision": 12,
        "team": 23,
        "user": 68,
        "member": 68,
        "type": 22,
        "status": 12,
        "importer": false,
        "affiliate": false,
        "tryout": false,
        "registration_date": null,
        "release_date": null
    }
},
{
    "model": "team.staff",
    "pk": 69,
    "fields": {
        "old_sk_id": null,
        "inserted": "2022-01-01T05:00:00Z",
        "inserted_by": null,
        "updated": "2022-01-01T05:00:00Z",
        "updated_by": null,
        "season": 2,
        "league": 3,
        "division": 6,
        "subdivision": 12,
        "team": 23,
        "user": 69,
        "member": 69,
        "type": 21,
        "status": 12,
        "importer": false,
        "affiliate": false,
        "tryout": false,
        "registration_date": null,
        "release_date": null
    }
},
{
    "model": "team.staff",
    "pk": 70,
    "fields": {
        "old_sk_id": null,
        "inserted": "2022-01-01T05:00:00Z",
        "inserted_by": null,
        "updated": "2022-01-01T05:00:00Z",
        "updated_by": null,
        "season": 2,
        "league": 3,
        "division": 6,
        "subdivision": 12,
        "team": 24,
        "user": 70,
        "member": 70,
        "type": 22,
        "status": 12,
        "importer": false,
        "affiliate": false,
        "tryout": false,
        "registration_date": null,
        "release_date": null
    }
},
{
    "model": "team.staff",
    "pk": 71,
    "fields": {
        "old_sk_id": null,
        "inserted": "2022-01-01T05:00:00Z",
        "inserted_by": null,
        "updated": "2022-01-01T05:00:00Z",
        "updated_by": null,
        "season": 2,
        "league": 3,
        "division": 6,
        "subdivision": 12,
        "team": 24,
        "user": 71,
        "member": 71,
        "type": 21,
        "status": 12,
        "importer": false,
        "affiliate": false,
        "tryout": false,
        "registration_date": null,
        "release_date": null
    }
},
{
    "model": "team.staff",
    "pk": 72,
    "fields": {
        "old_sk_id": null,
        "inserted": "2022-01-01T05:00:00Z",
        "inserted_by": null,
        "updated": "2022-01-01T05:00:00Z",
        "updated_by": null,
        "season": 2,
        "league": 4,
        "division": null,
        "subdivision": null,
        "team": null,
        "user": 72,
        "member": 72,
        "type": 25,
        "status": 12,
        "importer": false,
        "affiliate": false,
        "tryout": false,
        "registration_date": null,
        "release_date": null
    }
},
{
    "model": "team.staff",
    "pk": 73,
    "fields": {
        "old_sk_id": null,
        "inserted": "2022-01-01T05:00:00Z",
        "inserted_by": null,
        "updated": "2022-01-01T05:00:00Z",
        "updated_by": null,
        "season": 2,
        "league": 4,
        "division": 7,
        "subdivision": null,
        "team": null,
        "user": 73,
        "member": 73,
        "type": 24,
        "status": 12,
        "importer": false,
        "affiliate": false,
        "tryout": false,
        "registration_date": null,
        "release_date": null
    }
},
{
    "model": "team.staff",
    "pk": 74,
    "fields": {
        "old_sk_id": null,
        "inserted": "2022-01-01T05:00:00Z",
        "inserted_by": null,
        "updated": "2022-01-01T05:00:00Z",
        "updated_by": null,
        "season": 2,
        "league": 4,
        "division": 7,
        "subdivision": 13,
        "team": null,
        "user": 74,
        "member": 74,
        "type": 23,
        "status": 12,
        "importer": false,
        "affiliate": false,
        "tryout": false,
        "registration_date": null,
        "release_date": null
    }
},
{
    "model": "team.staff",
    "pk": 75,
    "fields": {
        "old_sk_id": null,
        "inserted": "2022-01-01T05:00:00Z",
        "inserted_by": null,
        "updated": "2022-01-01T05:00:00Z",
        "updated_by": null,
        "season": 2,
        "league": 4,
        "division": 7,
        "subdivision": 13,
        "team": 25,
        "user": 75,
        "member": 75,
        "type": 22,
        "status": 12,
        "importer": false,
        "affiliate": false,
        "tryout": false,
        "registration_date": null,
        "release_date": null
    }
},
{
    "model": "team.staff",
    "pk": 76,
    "fields": {
        "old_sk_id": null,
        "inserted": "2022-01-01T05:00:00Z",
        "inserted_by": null,
        "updated": "2022-01-01T05:00:00Z",
        "updated_by": null,
        "season": 2,
        "league": 4,
        "division": 7,
        "subdivision": 13,
        "team": 25,
        "user": 76,
        "member": 76,
        "type": 21,
        "status": 12,
        "importer": false,
        "affiliate": false,
        "tryout": false,
        "registration_date": null,
        "release_date": null
    }
},
{
    "model": "team.staff",
    "pk": 77,
    "fields": {
        "old_sk_id": null,
        "inserted": "2022-01-01T05:00:00Z",
        "inserted_by": null,
        "updated": "2022-01-01T05:00:00Z",
        "updated_by": null,
        "season": 2,
        "league": 4,
        "division": 7,
        "subdivision": 13,
        "team": 26,
        "user": 77,
        "member": 77,
        "type": 22,
        "status": 12,
        "importer": false,
        "affiliate": false,
        "tryout": false,
        "registration_date": null,
        "release_date": null
    }
},
{
    "model": "team.staff",
    "pk": 78,
    "fields": {
        "old_sk_id": null,
        "inserted": "2022-01-01T05:00:00Z",
        "inserted_by": null,
        "updated": "2022-01-01T05:00:00Z",
        "updated_by": null,
        "season": 2,
        "league": 4,
        "division": 7,
        "subdivision": 13,
        "team": 26,
        "user": 78,
        "member": 78,
        "type": 21,
        "status": 12,
        "importer": false,
        "affiliate": false,
        "tryout": false,
        "registration_date": null,
        "release_date": null
    }
},
{
    "model": "team.staff",
    "pk": 79,
    "fields": {
        "old_sk_id": null,
        "inserted": "2022-01-01T05:00:00Z",
        "inserted_by": null,
        "updated": "2022-01-01T05:00:00Z",
        "updated_by": null,
        "season": 2,
        "league": 4,
        "division": 7,
        "subdivision": 14,
        "team": null,
        "user": 79,
        "member": 79,
        "type": 23,
        "status": 12,
        "importer": false,
        "affiliate": false,
        "tryout": false,
        "registration_date": null,
        "release_date": null
    }
},
{
    "model": "team.staff",
    "pk": 80,
    "fields": {
        "old_sk_id": null,
        "inserted": "2022-01-01T05:00:00Z",
        "inserted_by": null,
        "updated": "2022-01-01T05:00:00Z",
        "updated_by": null,
        "season": 2,
        "league": 4,
        "division": 7,
        "subdivision": 14,
        "team": 27,
        "user": 80,
        "member": 80,
        "type": 22,
        "status": 12,
        "importer": false,
        "affiliate": false,
        "tryout": false,
        "registration_date": null,
        "release_date": null
    }
},
{
    "model": "team.staff",
    "pk": 81,
    "fields": {
        "old_sk_id": null,
        "inserted": "2022-01-01T05:00:00Z",
        "inserted_by": null,
        "updated": "2022-01-01T05:00:00Z",
        "updated_by": null,
        "season": 2,
        "league": 4,
        "division": 7,
        "subdivision": 14,
        "team": 27,
        "user": 81,
        "member": 81,
        "type": 21,
        "status": 12,
        "importer": false,
        "affiliate": false,
        "tryout": false,
        "registration_date": null,
        "release_date": null
    }
},
{
    "model": "team.staff",
    "pk": 82,
    "fields": {
        "old_sk_id": null,
        "inserted": "2022-01-01T05:00:00Z",
        "inserted_by": null,
        "updated": "2022-01-01T05:00:00Z",
        "updated_by": null,
        "season": 2,
        "league": 4,
        "division": 7,
        "subdivision": 14,
        "team": 28,
        "user": 82,
        "member": 82,
        "type": 22,
        "status": 12,
        "importer": false,
        "affiliate": false,
        "tryout": false,
        "registration_date": null,
        "release_date": null
    }
},
{
    "model": "team.staff",
    "pk": 83,
    "fields": {
        "old_sk_id": null,
        "inserted": "2022-01-01T05:00:00Z",
        "inserted_by": null,
        "updated": "2022-01-01T05:00:00Z",
        "updated_by": null,
        "season": 2,
        "league": 4,
        "division": 7,
        "subdivision": 14,
        "team": 28,
        "user": 83,
        "member": 83,
        "type": 21,
        "status": 12,
        "importer": false,
        "affiliate": false,
        "tryout": false,
        "registration_date": null,
        "release_date": null
    }
},
{
    "model": "team.staff",
    "pk": 84,
    "fields": {
        "old_sk_id": null,
        "inserted": "2022-01-01T05:00:00Z",
        "inserted_by": null,
        "updated": "2022-01-01T05:00:00Z",
        "updated_by": null,
        "season": 2,
        "league": 4,
        "division": 8,
        "subdivision": null,
        "team": null,
        "user": 84,
        "member": 84,
        "type": 24,
        "status": 12,
        "importer": false,
        "affiliate": false,
        "tryout": false,
        "registration_date": null,
        "release_date": null
    }
},
{
    "model": "team.staff",
    "pk": 85,
    "fields": {
        "old_sk_id": null,
        "inserted": "2022-01-01T05:00:00Z",
        "inserted_by": null,
        "updated": "2022-01-01T05:00:00Z",
        "updated_by": null,
        "season": 2,
        "league": 4,
        "division": 8,
        "subdivision": 15,
        "team": null,
        "user": 85,
        "member": 85,
        "type": 23,
        "status": 12,
        "importer": false,
        "affiliate": false,
        "tryout": false,
        "registration_date": null,
        "release_date": null
    }
},
{
    "model": "team.staff",
    "pk": 86,
    "fields": {
        "old_sk_id": null,
        "inserted": "2022-01-01T05:00:00Z",
        "inserted_by": null,
        "updated": "2022-01-01T05:00:00Z",
        "updated_by": null,
        "season": 2,
        "league": 4,
        "division": 8,
        "subdivision": 15,
        "team": 29,
        "user": 86,
        "member": 86,
        "type": 22,
        "status": 12,
        "importer": false,
        "affiliate": false,
        "tryout": false,
        "registration_date": null,
        "release_date": null
    }
},
{
    "model": "team.staff",
    "pk": 87,
    "fields": {
        "old_sk_id": null,
        "inserted": "2022-01-01T05:00:00Z",
        "inserted_by": null,
        "updated": "2022-01-01T05:00:00Z",
        "updated_by": null,
        "season": 2,
        "league": 4,
        "division": 8,
        "subdivision": 15,
        "team": 29,
        "user": 87,
        "member": 87,
        "type": 21,
        "status": 12,
        "importer": false,
        "affiliate": false,
        "tryout": false,
        "registration_date": null,
        "release_date": null
    }
},
{
    "model": "team.staff",
    "pk": 88,
    "fields": {
        "old_sk_id": null,
        "inserted": "2022-01-01T05:00:00Z",
        "inserted_by": null,
        "updated": "2022-01-01T05:00:00Z",
        "updated_by": null,
        "season": 2,
        "league": 4,
        "division": 8,
        "subdivision": 15,
        "team": 30,
        "user": 88,
        "member": 88,
        "type": 22,
        "status": 12,
        "importer": false,
        "affiliate": false,
        "tryout": false,
        "registration_date": null,
        "release_date": null
    }
},
{
    "model": "team.staff",
    "pk": 89,
    "fields": {
        "old_sk_id": null,
        "inserted": "2022-01-01T05:00:00Z",
        "inserted_by": null,
        "updated": "2022-01-01T05:00:00Z",
        "updated_by": null,
        "season": 2,
        "league": 4,
        "division": 8,
        "subdivision": 15,
        "team": 30,
        "user": 89,
        "member": 89,
        "type": 21,
        "status": 12,
        "importer": false,
        "affiliate": false,
        "tryout": false,
        "registration_date": null,
        "release_date": null
    }
},
{
    "model": "team.staff",
    "pk": 90,
    "fields": {
        "old_sk_id": null,
        "inserted": "2022-01-01T05:00:00Z",
        "inserted_by": null,
        "updated": "2022-01-01T05:00:00Z",
        "updated_by": null,
        "season": 2,
        "league": 4,
        "division": 8,
        "subdivision": 16,
        "team": null,
        "user": 90,
        "member": 90,
        "type": 23,
        "status": 12,
        "importer": false,
        "affiliate": false,
        "tryout": false,
        "registration_date": null,
        "release_date": null
    }
},
{
    "model": "team.staff",
    "pk": 91,
    "fields": {
        "old_sk_id": null,
        "inserted": "2022-01-01T05:00:00Z",
        "inserted_by": null,
        "updated": "2022-01-01T05:00:00Z",
        "updated_by": null,
        "season": 2,
        "league": 4,
        "division": 8,
        "subdivision": 16,
        "team": 31,
        "user": 91,
        "member": 91,
        "type": 22,
        "status": 12,
        "importer": false,
        "affiliate": false,
        "tryout": false,
        "registration_date": null,
        "release_date": null
    }
},
{
    "model": "team.staff",
    "pk": 92,
    "fields": {
        "old_sk_id": null,
        "inserted": "2022-01-01T05:00:00Z",
        "inserted_by": null,
        "updated": "2022-01-01T05:00:00Z",
        "updated_by": null,
        "season": 2,
        "league": 4,
        "division": 8,
        "subdivision": 16,
        "team": 31,
        "user": 92,
        "member": 92,
        "type": 21,
        "status": 12,
        "importer": false,
        "affiliate": false,
        "tryout": false,
        "registration_date": null,
        "release_date": null
    }
},
{
    "model": "team.staff",
    "pk": 93,
    "fields": {
        "old_sk_id": null,
        "inserted": "2022-01-01T05:00:00Z",
        "inserted_by": null,
        "updated": "2022-01-01T05:00:00Z",
        "updated_by": null,
        "season": 2,
        "league": 4,
        "division": 8,
        "subdivision": 16,
        "team": 32,
        "user": 93,
        "member": 93,
        "type": 22,
        "status": 12,
        "importer": false,
        "affiliate": false,
        "tryout": false,
        "registration_date": null,
        "release_date": null
    }
},
{
    "model": "team.staff",
    "pk": 94,
    "fields": {
        "old_sk_id": null,
        "inserted": "2022-01-01T05:00:00Z",
        "inserted_by": null,
        "updated": "2022-01-01T05:00:00Z",
        "updated_by": null,
        "season": 2,
        "league": 4,
        "division": 8,
        "subdivision": 16,
        "team": 32,
        "user": 94,
        "member": 94,
        "type": 21,
        "status": 12,
        "importer": false,
        "affiliate": false,
        "tryout": false,
        "registration_date": null,
        "release_date": null
    }
},
{
    "model": "team.playerposition",
    "pk": 1,
    "fields": {
        "old_sk_id": 1,
        "inserted": "2015-11-10T07:20:20.013Z",
        "inserted_by": null,
        "updated": "2015-11-10T07:20:20.013Z",
        "updated_by": null,
        "name": "Forward",
        "weight": 0,
        "left_wing": false,
        "centre": false,
        "right_wing": false,
        "left_defence": false,
        "right_defence": false,
        "goaltender": false,
        "forward": false,
        "defence": false
    }
},
{
    "model": "team.playerposition",
    "pk": 2,
    "fields": {
        "old_sk_id": 2,
        "inserted": "2015-11-10T07:20:20.013Z",
        "inserted_by": null,
        "updated": "2015-11-10T07:20:20.013Z",
        "updated_by": null,
        "name": "Defense",
        "weight": 1,
        "left_wing": false,
        "centre": false,
        "right_wing": false,
        "left_defence": false,
        "right_defence": false,
        "goaltender": false,
        "forward": false,
        "defence": false
    }
},
{
    "model": "team.playerposition",
    "pk": 3,
    "fields": {
        "old_sk_id": 3,
        "inserted": "2015-11-10T07:20:20.013Z",
        "inserted_by": null,
        "updated": "2015-11-10T07:20:20.013Z",
        "updated_by": null,
        "name": "Left Wing",
        "weight": 2,
        "left_wing": false,
        "centre": false,
        "right_wing": false,
        "left_defence": false,
        "right_defence": false,
        "goaltender": false,
        "forward": false,
        "defence": false
    }
},
{
    "model": "team.playerposition",
    "pk": 4,
    "fields": {
        "old_sk_id": 4,
        "inserted": "2015-11-10T07:20:20.013Z",
        "inserted_by": null,
        "updated": "2015-11-10T07:20:20.013Z",
        "updated_by": null,
        "name": "Centre",
        "weight": 3,
        "left_wing": false,
        "centre": false,
        "right_wing": false,
        "left_defence": false,
        "right_defence": false,
        "goaltender": false,
        "forward": false,
        "defence": false
    }
},
{
    "model": "team.playerposition",
    "pk": 5,
    "fields": {
        "old_sk_id": 5,
        "inserted": "2015-11-10T07:20:20.013Z",
        "inserted_by": null,
        "updated": "2015-11-10T07:20:20.013Z",
        "updated_by": null,
        "name": "Right Wing",
        "weight": 4,
        "left_wing": false,
        "centre": false,
        "right_wing": false,
        "left_defence": false,
        "right_defence": false,
        "goaltender": false,
        "forward": false,
        "defence": false
    }
},
{
    "model": "team.playerposition",
    "pk": 6,
    "fields": {
        "old_sk_id": 6,
        "inserted": "2015-11-10T07:20:20.013Z",
        "inserted_by": null,
        "updated": "2015-11-10T07:20:20.013Z",
        "updated_by": null,
        "name": "Wing",
        "weight": 5,
        "left_wing": false,
        "centre": false,
        "right_wing": false,
        "left_defence": false,
        "right_defence": false,
        "goaltender": false,
        "forward": false,
        "defence": false
    }
},
{
    "model": "team.playerposition",
    "pk": 7,
    "fields": {
        "old_sk_id": 7,
        "inserted": "2015-11-10T07:20:20.013Z",
        "inserted_by": null,
        "updated": "2015-11-10T07:20:20.013Z",
        "updated_by": null,
        "name": "Left Defenceman",
        "weight": 6,
        "left_wing": false,
        "centre": false,
        "right_wing": false,
        "left_defence": false,
        "right_defence": false,
        "goaltender": false,
        "forward": false,
        "defence": false
    }
},
{
    "model": "team.playerposition",
    "pk": 8,
    "fields": {
        "old_sk_id": 8,
        "inserted": "2015-11-10T07:20:20.013Z",
        "inserted_by": null,
        "updated": "2015-11-10T07:20:20.013Z",
        "updated_by": null,
        "name": "Right Defenceman",
        "weight": 7,
        "left_wing": false,
        "centre": false,
        "right_wing": false,
        "left_defence": false,
        "right_defence": false,
        "goaltender": false,
        "forward": false,
        "defence": false
    }
},
{
    "model": "team.playerposition",
    "pk": 9,
    "fields": {
        "old_sk_id": 9,
        "inserted": "2015-11-10T07:20:20.013Z",
        "inserted_by": null,
        "updated": "2015-11-10T07:20:20.013Z",
        "updated_by": null,
        "name": "Goalie",
        "weight": 8,
        "left_wing": false,
        "centre": false,
        "right_wing": false,
        "left_defence": false,
        "right_defence": false,
        "goaltender": false,
        "forward": false,
        "defence": false
    }
},
{
    "model": "team.playertype",
    "pk": 1,
    "fields": {
        "old_sk_id": 1,
        "inserted": "2012-04-18T03:59:28.967Z",
        "inserted_by": null,
        "updated": "2012-04-18T03:59:28.967Z",
        "updated_by": null,
        "name": "Player",
        "weight": 0,
        "default": null
    }
},
{
    "model": "team.playertype",
    "pk": 2,
    "fields": {
        "old_sk_id": 2,
        "inserted": "2012-04-18T03:59:28.967Z",
        "inserted_by": null,
        "updated": "2012-04-18T03:59:28.967Z",
        "updated_by": null,
        "name": "Goaltender",
        "weight": 1,
        "default": null
    }
},
{
    "model": "team.playerstatus",
    "pk": 1,
    "fields": {
        "old_sk_id": null,
        "inserted": "2022-01-01T05:00:00Z",
        "inserted_by": null,
        "updated": "2022-01-01T05:00:00Z",
        "updated_by": null,
        "name": "Pending",
        "weight": 0,
        "include_in_roster_export": true,
        "default": null,
        "change_causes_player_flag_on_team_to_enable": true
    }
},
{
    "model": "team.playerstatus",
    "pk": 2,
    "fields": {
        "old_sk_id": null,
        "inserted": "2022-01-01T05:00:00Z",
        "inserted_by": null,
        "updated": "2022-01-01T05:00:00Z",
        "updated_by": null,
        "name": "Approved",
        "weight": 1,
        "include_in_roster_export": true,
        "default": null,
        "change_causes_player_flag_on_team_to_enable": false
    }
},
{
    "model": "team.playerstatus",
    "pk": 3,
    "fields": {
        "old_sk_id": null,
        "inserted": "2022-01-01T05:00:00Z",
        "inserted_by": null,
        "updated": "2022-01-01T05:00:00Z",
        "updated_by": null,
        "name": "Confirmed",
        "weight": 2,
        "include_in_roster_export": true,
        "default": null,
        "change_causes_player_flag_on_team_to_enable": true
    }
},
{
    "model": "team.playerstatusreason",
    "pk": 1,
    "fields": {
        "old_sk_id": null,
        "inserted": "2022-03-17T23:22:01.201Z",
        "inserted_by": null,
        "updated": "2022-03-17T23:22:01.201Z",
        "updated_by": null,
        "status": 1,
        "name": "Waiting On Registration",
        "weight": 0,
        "default": true
    }
},
{
    "model": "team.playerstatusreason",
    "pk": 2,
    "fields": {
        "old_sk_id": null,
        "inserted": "2022-03-17T23:22:01.221Z",
        "inserted_by": null,
        "updated": "2022-03-17T23:22:01.221Z",
        "updated_by": null,
        "status": 2,
        "name": "N/A",
        "weight": 1,
        "default": null
    }
},
{
    "model": "team.playerstatusreason",
    "pk": 3,
    "fields": {
        "old_sk_id": null,
        "inserted": "2022-03-17T23:22:01.241Z",
        "inserted_by": null,
        "updated": "2022-03-17T23:22:01.241Z",
        "updated_by": null,
        "status": 3,
        "name": "",
        "weight": 2,
        "default": true
    }
}
]
