[
{
    "model": "team.team",
    "pk": 1,
    "fields": {
        "old_sk_id": null,
        "inserted": "2022-03-10T02:24:03.172Z",
        "inserted_by": null,
        "updated": "2022-03-10T02:24:03.186Z",
        "updated_by": null,
        "hockey_canada_id": null,
        "hockey_canada_system_id": null,
        "season": 1,
        "league": 1,
        "division": 1,
        "subdivision": 1,
        "name": "Graham",
        "number": 0,
        "status": 19,
        "status_reason": 38,
        "players_has_changed_flag": false,
        "staff_has_changed_flag": true,
        "jersey_home": "",
        "jersey_away": "",
        "submitted": false,
        "submitted_date": null,
        "approved": false,
        "active": true,
        "draft_start_position": 1,
        "weight": 0
    }
},
{
    "model": "team.team",
    "pk": 2,
    "fields": {
        "old_sk_id": null,
        "inserted": "2022-03-10T02:24:03.191Z",
        "inserted_by": null,
        "updated": "2022-03-10T02:24:03.203Z",
        "updated_by": null,
        "hockey_canada_id": null,
        "hockey_canada_system_id": null,
        "season": 1,
        "league": 1,
        "division": 1,
        "subdivision": 1,
        "name": "Henry",
        "number": 0,
        "status": 19,
        "status_reason": 38,
        "players_has_changed_flag": false,
        "staff_has_changed_flag": true,
        "jersey_home": "",
        "jersey_away": "",
        "submitted": false,
        "submitted_date": null,
        "approved": false,
        "active": true,
        "draft_start_position": 1,
        "weight": 1
    }
},
{
    "model": "team.team",
    "pk": 3,
    "fields": {
        "old_sk_id": null,
        "inserted": "2022-03-10T02:24:03.217Z",
        "inserted_by": null,
        "updated": "2022-03-10T02:24:03.230Z",
        "updated_by": null,
        "hockey_canada_id": null,
        "hockey_canada_system_id": null,
        "season": 1,
        "league": 1,
        "division": 1,
        "subdivision": 2,
        "name": "Graham",
        "number": 0,
        "status": 19,
        "status_reason": 38,
        "players_has_changed_flag": false,
        "staff_has_changed_flag": true,
        "jersey_home": "",
        "jersey_away": "",
        "submitted": false,
        "submitted_date": null,
        "approved": false,
        "active": true,
        "draft_start_position": 1,
        "weight": 2
    }
},
{
    "model": "team.team",
    "pk": 4,
    "fields": {
        "old_sk_id": null,
        "inserted": "2022-03-10T02:24:03.235Z",
        "inserted_by": null,
        "updated": "2022-03-10T02:24:03.249Z",
        "updated_by": null,
        "hockey_canada_id": null,
        "hockey_canada_system_id": null,
        "season": 1,
        "league": 1,
        "division": 1,
        "subdivision": 2,
        "name": "Henry",
        "number": 0,
        "status": 19,
        "status_reason": 38,
        "players_has_changed_flag": false,
        "staff_has_changed_flag": true,
        "jersey_home": "",
        "jersey_away": "",
        "submitted": false,
        "submitted_date": null,
        "approved": false,
        "active": true,
        "draft_start_position": 1,
        "weight": 3
    }
},
{
    "model": "team.team",
    "pk": 5,
    "fields": {
        "old_sk_id": null,
        "inserted": "2022-03-10T02:24:03.273Z",
        "inserted_by": null,
        "updated": "2022-03-10T02:24:03.287Z",
        "updated_by": null,
        "hockey_canada_id": null,
        "hockey_canada_system_id": null,
        "season": 1,
        "league": 1,
        "division": 2,
        "subdivision": 3,
        "name": "Graham",
        "number": 0,
        "status": 19,
        "status_reason": 38,
        "players_has_changed_flag": false,
        "staff_has_changed_flag": true,
        "jersey_home": "",
        "jersey_away": "",
        "submitted": false,
        "submitted_date": null,
        "approved": false,
        "active": true,
        "draft_start_position": 1,
        "weight": 4
    }
},
{
    "model": "team.team",
    "pk": 6,
    "fields": {
        "old_sk_id": null,
        "inserted": "2022-03-10T02:24:03.291Z",
        "inserted_by": null,
        "updated": "2022-03-10T02:24:03.305Z",
        "updated_by": null,
        "hockey_canada_id": null,
        "hockey_canada_system_id": null,
        "season": 1,
        "league": 1,
        "division": 2,
        "subdivision": 3,
        "name": "Henry",
        "number": 0,
        "status": 19,
        "status_reason": 38,
        "players_has_changed_flag": false,
        "staff_has_changed_flag": true,
        "jersey_home": "",
        "jersey_away": "",
        "submitted": false,
        "submitted_date": null,
        "approved": false,
        "active": true,
        "draft_start_position": 1,
        "weight": 5
    }
},
{
    "model": "team.team",
    "pk": 7,
    "fields": {
        "old_sk_id": null,
        "inserted": "2022-03-10T02:24:03.319Z",
        "inserted_by": null,
        "updated": "2022-03-10T02:24:03.332Z",
        "updated_by": null,
        "hockey_canada_id": null,
        "hockey_canada_system_id": null,
        "season": 1,
        "league": 1,
        "division": 2,
        "subdivision": 4,
        "name": "Graham",
        "number": 0,
        "status": 19,
        "status_reason": 38,
        "players_has_changed_flag": false,
        "staff_has_changed_flag": true,
        "jersey_home": "",
        "jersey_away": "",
        "submitted": false,
        "submitted_date": null,
        "approved": false,
        "active": true,
        "draft_start_position": 1,
        "weight": 6
    }
},
{
    "model": "team.team",
    "pk": 8,
    "fields": {
        "old_sk_id": null,
        "inserted": "2022-03-10T02:24:03.337Z",
        "inserted_by": null,
        "updated": "2022-03-10T02:24:03.348Z",
        "updated_by": null,
        "hockey_canada_id": null,
        "hockey_canada_system_id": null,
        "season": 1,
        "league": 1,
        "division": 2,
        "subdivision": 4,
        "name": "Henry",
        "number": 0,
        "status": 19,
        "status_reason": 38,
        "players_has_changed_flag": false,
        "staff_has_changed_flag": true,
        "jersey_home": "",
        "jersey_away": "",
        "submitted": false,
        "submitted_date": null,
        "approved": false,
        "active": true,
        "draft_start_position": 1,
        "weight": 7
    }
},
{
    "model": "team.team",
    "pk": 9,
    "fields": {
        "old_sk_id": null,
        "inserted": "2022-03-10T02:24:03.375Z",
        "inserted_by": null,
        "updated": "2022-03-10T02:24:03.386Z",
        "updated_by": null,
        "hockey_canada_id": null,
        "hockey_canada_system_id": null,
        "season": 1,
        "league": 2,
        "division": 3,
        "subdivision": 5,
        "name": "Graham",
        "number": 0,
        "status": 19,
        "status_reason": 38,
        "players_has_changed_flag": false,
        "staff_has_changed_flag": true,
        "jersey_home": "",
        "jersey_away": "",
        "submitted": false,
        "submitted_date": null,
        "approved": false,
        "active": true,
        "draft_start_position": 1,
        "weight": 8
    }
},
{
    "model": "team.team",
    "pk": 10,
    "fields": {
        "old_sk_id": null,
        "inserted": "2022-03-10T02:24:03.390Z",
        "inserted_by": null,
        "updated": "2022-03-10T02:24:03.402Z",
        "updated_by": null,
        "hockey_canada_id": null,
        "hockey_canada_system_id": null,
        "season": 1,
        "league": 2,
        "division": 3,
        "subdivision": 5,
        "name": "Henry",
        "number": 0,
        "status": 19,
        "status_reason": 38,
        "players_has_changed_flag": false,
        "staff_has_changed_flag": true,
        "jersey_home": "",
        "jersey_away": "",
        "submitted": false,
        "submitted_date": null,
        "approved": false,
        "active": true,
        "draft_start_position": 1,
        "weight": 9
    }
},
{
    "model": "team.team",
    "pk": 11,
    "fields": {
        "old_sk_id": null,
        "inserted": "2022-03-10T02:24:03.414Z",
        "inserted_by": null,
        "updated": "2022-03-10T02:24:03.426Z",
        "updated_by": null,
        "hockey_canada_id": null,
        "hockey_canada_system_id": null,
        "season": 1,
        "league": 2,
        "division": 3,
        "subdivision": 6,
        "name": "Graham",
        "number": 0,
        "status": 19,
        "status_reason": 38,
        "players_has_changed_flag": false,
        "staff_has_changed_flag": true,
        "jersey_home": "",
        "jersey_away": "",
        "submitted": false,
        "submitted_date": null,
        "approved": false,
        "active": true,
        "draft_start_position": 1,
        "weight": 10
    }
},
{
    "model": "team.team",
    "pk": 12,
    "fields": {
        "old_sk_id": null,
        "inserted": "2022-03-10T02:24:03.431Z",
        "inserted_by": null,
        "updated": "2022-03-10T02:24:03.442Z",
        "updated_by": null,
        "hockey_canada_id": null,
        "hockey_canada_system_id": null,
        "season": 1,
        "league": 2,
        "division": 3,
        "subdivision": 6,
        "name": "Henry",
        "number": 0,
        "status": 19,
        "status_reason": 38,
        "players_has_changed_flag": false,
        "staff_has_changed_flag": true,
        "jersey_home": "",
        "jersey_away": "",
        "submitted": false,
        "submitted_date": null,
        "approved": false,
        "active": true,
        "draft_start_position": 1,
        "weight": 11
    }
},
{
    "model": "team.team",
    "pk": 13,
    "fields": {
        "old_sk_id": null,
        "inserted": "2022-03-10T02:24:03.466Z",
        "inserted_by": null,
        "updated": "2022-03-10T02:24:03.478Z",
        "updated_by": null,
        "hockey_canada_id": null,
        "hockey_canada_system_id": null,
        "season": 1,
        "league": 2,
        "division": 4,
        "subdivision": 7,
        "name": "Graham",
        "number": 0,
        "status": 19,
        "status_reason": 38,
        "players_has_changed_flag": false,
        "staff_has_changed_flag": true,
        "jersey_home": "",
        "jersey_away": "",
        "submitted": false,
        "submitted_date": null,
        "approved": false,
        "active": true,
        "draft_start_position": 1,
        "weight": 12
    }
},
{
    "model": "team.team",
    "pk": 14,
    "fields": {
        "old_sk_id": null,
        "inserted": "2022-03-10T02:24:03.484Z",
        "inserted_by": null,
        "updated": "2022-03-10T02:24:03.498Z",
        "updated_by": null,
        "hockey_canada_id": null,
        "hockey_canada_system_id": null,
        "season": 1,
        "league": 2,
        "division": 4,
        "subdivision": 7,
        "name": "Henry",
        "number": 0,
        "status": 19,
        "status_reason": 38,
        "players_has_changed_flag": false,
        "staff_has_changed_flag": true,
        "jersey_home": "",
        "jersey_away": "",
        "submitted": false,
        "submitted_date": null,
        "approved": false,
        "active": true,
        "draft_start_position": 1,
        "weight": 13
    }
},
{
    "model": "team.team",
    "pk": 15,
    "fields": {
        "old_sk_id": null,
        "inserted": "2022-03-10T02:24:03.512Z",
        "inserted_by": null,
        "updated": "2022-03-10T02:24:03.525Z",
        "updated_by": null,
        "hockey_canada_id": null,
        "hockey_canada_system_id": null,
        "season": 1,
        "league": 2,
        "division": 4,
        "subdivision": 8,
        "name": "Graham",
        "number": 0,
        "status": 19,
        "status_reason": 38,
        "players_has_changed_flag": false,
        "staff_has_changed_flag": true,
        "jersey_home": "",
        "jersey_away": "",
        "submitted": false,
        "submitted_date": null,
        "approved": false,
        "active": true,
        "draft_start_position": 1,
        "weight": 14
    }
},
{
    "model": "team.team",
    "pk": 16,
    "fields": {
        "old_sk_id": null,
        "inserted": "2022-03-10T02:24:03.530Z",
        "inserted_by": null,
        "updated": "2022-03-10T02:24:03.542Z",
        "updated_by": null,
        "hockey_canada_id": null,
        "hockey_canada_system_id": null,
        "season": 1,
        "league": 2,
        "division": 4,
        "subdivision": 8,
        "name": "Henry",
        "number": 0,
        "status": 19,
        "status_reason": 38,
        "players_has_changed_flag": false,
        "staff_has_changed_flag": true,
        "jersey_home": "",
        "jersey_away": "",
        "submitted": false,
        "submitted_date": null,
        "approved": false,
        "active": true,
        "draft_start_position": 1,
        "weight": 15
    }
},
{
    "model": "team.team",
    "pk": 17,
    "fields": {
        "old_sk_id": null,
        "inserted": "2022-03-10T02:24:03.584Z",
        "inserted_by": null,
        "updated": "2022-03-10T02:24:03.597Z",
        "updated_by": null,
        "hockey_canada_id": null,
        "hockey_canada_system_id": null,
        "season": 2,
        "league": 3,
        "division": 5,
        "subdivision": 9,
        "name": "Graham",
        "number": 0,
        "status": 19,
        "status_reason": 38,
        "players_has_changed_flag": false,
        "staff_has_changed_flag": true,
        "jersey_home": "",
        "jersey_away": "",
        "submitted": false,
        "submitted_date": null,
        "approved": false,
        "active": true,
        "draft_start_position": 1,
        "weight": 0
    }
},
{
    "model": "team.team",
    "pk": 18,
    "fields": {
        "old_sk_id": null,
        "inserted": "2022-03-10T02:24:03.602Z",
        "inserted_by": null,
        "updated": "2022-03-10T02:24:03.616Z",
        "updated_by": null,
        "hockey_canada_id": null,
        "hockey_canada_system_id": null,
        "season": 2,
        "league": 3,
        "division": 5,
        "subdivision": 9,
        "name": "Henry",
        "number": 0,
        "status": 19,
        "status_reason": 38,
        "players_has_changed_flag": false,
        "staff_has_changed_flag": true,
        "jersey_home": "",
        "jersey_away": "",
        "submitted": false,
        "submitted_date": null,
        "approved": false,
        "active": true,
        "draft_start_position": 1,
        "weight": 1
    }
},
{
    "model": "team.team",
    "pk": 19,
    "fields": {
        "old_sk_id": null,
        "inserted": "2022-03-10T02:24:03.630Z",
        "inserted_by": null,
        "updated": "2022-03-10T02:24:03.643Z",
        "updated_by": null,
        "hockey_canada_id": null,
        "hockey_canada_system_id": null,
        "season": 2,
        "league": 3,
        "division": 5,
        "subdivision": 10,
        "name": "Graham",
        "number": 0,
        "status": 19,
        "status_reason": 38,
        "players_has_changed_flag": false,
        "staff_has_changed_flag": true,
        "jersey_home": "",
        "jersey_away": "",
        "submitted": false,
        "submitted_date": null,
        "approved": false,
        "active": true,
        "draft_start_position": 1,
        "weight": 2
    }
},
{
    "model": "team.team",
    "pk": 20,
    "fields": {
        "old_sk_id": null,
        "inserted": "2022-03-10T02:24:03.649Z",
        "inserted_by": null,
        "updated": "2022-03-10T02:24:03.663Z",
        "updated_by": null,
        "hockey_canada_id": null,
        "hockey_canada_system_id": null,
        "season": 2,
        "league": 3,
        "division": 5,
        "subdivision": 10,
        "name": "Henry",
        "number": 0,
        "status": 19,
        "status_reason": 38,
        "players_has_changed_flag": false,
        "staff_has_changed_flag": true,
        "jersey_home": "",
        "jersey_away": "",
        "submitted": false,
        "submitted_date": null,
        "approved": false,
        "active": true,
        "draft_start_position": 1,
        "weight": 3
    }
},
{
    "model": "team.team",
    "pk": 21,
    "fields": {
        "old_sk_id": null,
        "inserted": "2022-03-10T02:24:03.689Z",
        "inserted_by": null,
        "updated": "2022-03-10T02:24:03.702Z",
        "updated_by": null,
        "hockey_canada_id": null,
        "hockey_canada_system_id": null,
        "season": 2,
        "league": 3,
        "division": 6,
        "subdivision": 11,
        "name": "Graham",
        "number": 0,
        "status": 19,
        "status_reason": 38,
        "players_has_changed_flag": false,
        "staff_has_changed_flag": true,
        "jersey_home": "",
        "jersey_away": "",
        "submitted": false,
        "submitted_date": null,
        "approved": false,
        "active": true,
        "draft_start_position": 1,
        "weight": 4
    }
},
{
    "model": "team.team",
    "pk": 22,
    "fields": {
        "old_sk_id": null,
        "inserted": "2022-03-10T02:24:03.707Z",
        "inserted_by": null,
        "updated": "2022-03-10T02:24:03.722Z",
        "updated_by": null,
        "hockey_canada_id": null,
        "hockey_canada_system_id": null,
        "season": 2,
        "league": 3,
        "division": 6,
        "subdivision": 11,
        "name": "Henry",
        "number": 0,
        "status": 19,
        "status_reason": 38,
        "players_has_changed_flag": false,
        "staff_has_changed_flag": true,
        "jersey_home": "",
        "jersey_away": "",
        "submitted": false,
        "submitted_date": null,
        "approved": false,
        "active": true,
        "draft_start_position": 1,
        "weight": 5
    }
},
{
    "model": "team.team",
    "pk": 23,
    "fields": {
        "old_sk_id": null,
        "inserted": "2022-03-10T02:24:03.739Z",
        "inserted_by": null,
        "updated": "2022-03-10T02:24:03.754Z",
        "updated_by": null,
        "hockey_canada_id": null,
        "hockey_canada_system_id": null,
        "season": 2,
        "league": 3,
        "division": 6,
        "subdivision": 12,
        "name": "Graham",
        "number": 0,
        "status": 19,
        "status_reason": 38,
        "players_has_changed_flag": false,
        "staff_has_changed_flag": true,
        "jersey_home": "",
        "jersey_away": "",
        "submitted": false,
        "submitted_date": null,
        "approved": false,
        "active": true,
        "draft_start_position": 1,
        "weight": 6
    }
},
{
    "model": "team.team",
    "pk": 24,
    "fields": {
        "old_sk_id": null,
        "inserted": "2022-03-10T02:24:03.758Z",
        "inserted_by": null,
        "updated": "2022-03-10T02:24:03.771Z",
        "updated_by": null,
        "hockey_canada_id": null,
        "hockey_canada_system_id": null,
        "season": 2,
        "league": 3,
        "division": 6,
        "subdivision": 12,
        "name": "Henry",
        "number": 0,
        "status": 19,
        "status_reason": 38,
        "players_has_changed_flag": false,
        "staff_has_changed_flag": true,
        "jersey_home": "",
        "jersey_away": "",
        "submitted": false,
        "submitted_date": null,
        "approved": false,
        "active": true,
        "draft_start_position": 1,
        "weight": 7
    }
},
{
    "model": "team.team",
    "pk": 25,
    "fields": {
        "old_sk_id": null,
        "inserted": "2022-03-10T02:24:03.802Z",
        "inserted_by": null,
        "updated": "2022-03-10T02:24:03.816Z",
        "updated_by": null,
        "hockey_canada_id": null,
        "hockey_canada_system_id": null,
        "season": 2,
        "league": 4,
        "division": 7,
        "subdivision": 13,
        "name": "Graham",
        "number": 0,
        "status": 19,
        "status_reason": 38,
        "players_has_changed_flag": false,
        "staff_has_changed_flag": true,
        "jersey_home": "",
        "jersey_away": "",
        "submitted": false,
        "submitted_date": null,
        "approved": false,
        "active": true,
        "draft_start_position": 1,
        "weight": 8
    }
},
{
    "model": "team.team",
    "pk": 26,
    "fields": {
        "old_sk_id": null,
        "inserted": "2022-03-10T02:24:03.822Z",
        "inserted_by": null,
        "updated": "2022-03-10T02:24:03.835Z",
        "updated_by": null,
        "hockey_canada_id": null,
        "hockey_canada_system_id": null,
        "season": 2,
        "league": 4,
        "division": 7,
        "subdivision": 13,
        "name": "Henry",
        "number": 0,
        "status": 19,
        "status_reason": 38,
        "players_has_changed_flag": false,
        "staff_has_changed_flag": true,
        "jersey_home": "",
        "jersey_away": "",
        "submitted": false,
        "submitted_date": null,
        "approved": false,
        "active": true,
        "draft_start_position": 1,
        "weight": 9
    }
},
{
    "model": "team.team",
    "pk": 27,
    "fields": {
        "old_sk_id": null,
        "inserted": "2022-03-10T02:24:03.849Z",
        "inserted_by": null,
        "updated": "2022-03-10T02:24:03.863Z",
        "updated_by": null,
        "hockey_canada_id": null,
        "hockey_canada_system_id": null,
        "season": 2,
        "league": 4,
        "division": 7,
        "subdivision": 14,
        "name": "Graham",
        "number": 0,
        "status": 19,
        "status_reason": 38,
        "players_has_changed_flag": false,
        "staff_has_changed_flag": true,
        "jersey_home": "",
        "jersey_away": "",
        "submitted": false,
        "submitted_date": null,
        "approved": false,
        "active": true,
        "draft_start_position": 1,
        "weight": 10
    }
},
{
    "model": "team.team",
    "pk": 28,
    "fields": {
        "old_sk_id": null,
        "inserted": "2022-03-10T02:24:03.868Z",
        "inserted_by": null,
        "updated": "2022-03-10T02:24:03.880Z",
        "updated_by": null,
        "hockey_canada_id": null,
        "hockey_canada_system_id": null,
        "season": 2,
        "league": 4,
        "division": 7,
        "subdivision": 14,
        "name": "Henry",
        "number": 0,
        "status": 19,
        "status_reason": 38,
        "players_has_changed_flag": false,
        "staff_has_changed_flag": true,
        "jersey_home": "",
        "jersey_away": "",
        "submitted": false,
        "submitted_date": null,
        "approved": false,
        "active": true,
        "draft_start_position": 1,
        "weight": 11
    }
},
{
    "model": "team.team",
    "pk": 29,
    "fields": {
        "old_sk_id": null,
        "inserted": "2022-03-10T02:24:03.903Z",
        "inserted_by": null,
        "updated": "2022-03-10T02:24:03.917Z",
        "updated_by": null,
        "hockey_canada_id": null,
        "hockey_canada_system_id": null,
        "season": 2,
        "league": 4,
        "division": 8,
        "subdivision": 15,
        "name": "Graham",
        "number": 0,
        "status": 19,
        "status_reason": 38,
        "players_has_changed_flag": false,
        "staff_has_changed_flag": true,
        "jersey_home": "",
        "jersey_away": "",
        "submitted": false,
        "submitted_date": null,
        "approved": false,
        "active": true,
        "draft_start_position": 1,
        "weight": 12
    }
},
{
    "model": "team.team",
    "pk": 30,
    "fields": {
        "old_sk_id": null,
        "inserted": "2022-03-10T02:24:03.923Z",
        "inserted_by": null,
        "updated": "2022-03-10T02:24:03.937Z",
        "updated_by": null,
        "hockey_canada_id": null,
        "hockey_canada_system_id": null,
        "season": 2,
        "league": 4,
        "division": 8,
        "subdivision": 15,
        "name": "Henry",
        "number": 0,
        "status": 19,
        "status_reason": 38,
        "players_has_changed_flag": false,
        "staff_has_changed_flag": true,
        "jersey_home": "",
        "jersey_away": "",
        "submitted": false,
        "submitted_date": null,
        "approved": false,
        "active": true,
        "draft_start_position": 1,
        "weight": 13
    }
},
{
    "model": "team.team",
    "pk": 31,
    "fields": {
        "old_sk_id": null,
        "inserted": "2022-03-10T02:24:03.953Z",
        "inserted_by": null,
        "updated": "2022-03-10T02:24:03.968Z",
        "updated_by": null,
        "hockey_canada_id": null,
        "hockey_canada_system_id": null,
        "season": 2,
        "league": 4,
        "division": 8,
        "subdivision": 16,
        "name": "Graham",
        "number": 0,
        "status": 19,
        "status_reason": 38,
        "players_has_changed_flag": false,
        "staff_has_changed_flag": true,
        "jersey_home": "",
        "jersey_away": "",
        "submitted": false,
        "submitted_date": null,
        "approved": false,
        "active": true,
        "draft_start_position": 1,
        "weight": 14
    }
},
{
    "model": "team.team",
    "pk": 32,
    "fields": {
        "old_sk_id": null,
        "inserted": "2022-03-10T02:24:03.973Z",
        "inserted_by": null,
        "updated": "2022-03-10T02:24:03.986Z",
        "updated_by": null,
        "hockey_canada_id": null,
        "hockey_canada_system_id": null,
        "season": 2,
        "league": 4,
        "division": 8,
        "subdivision": 16,
        "name": "Henry",
        "number": 0,
        "status": 19,
        "status_reason": 38,
        "players_has_changed_flag": false,
        "staff_has_changed_flag": true,
        "jersey_home": "",
        "jersey_away": "",
        "submitted": false,
        "submitted_date": null,
        "approved": false,
        "active": true,
        "draft_start_position": 1,
        "weight": 15
    }
},
{
    "model": "team.stafftype",
    "pk": 21,
    "fields": {
        "old_sk_id": null,
        "inserted": "2022-03-10T02:24:02.850Z",
        "inserted_by": null,
        "updated": "2022-03-10T02:24:02.850Z",
        "updated_by": null,
        "team_can_edit": true,
        "team_can_vote": false,
        "name": "Coach",
        "weight": 0,
        "required": false,
        "web_access": false,
        "change_causes_staff_flag_on_team_to_enable": true
    }
},
{
    "model": "team.stafftype",
    "pk": 22,
    "fields": {
        "old_sk_id": null,
        "inserted": "2022-03-10T02:24:02.857Z",
        "inserted_by": null,
        "updated": "2022-03-10T02:24:02.857Z",
        "updated_by": null,
        "team_can_edit": true,
        "team_can_vote": false,
        "name": "Convenor",
        "weight": 1,
        "required": false,
        "web_access": false,
        "change_causes_staff_flag_on_team_to_enable": true
    }
},
{
    "model": "team.stafftype",
    "pk": 23,
    "fields": {
        "old_sk_id": null,
        "inserted": "2022-03-10T02:24:02.864Z",
        "inserted_by": null,
        "updated": "2022-03-10T02:24:02.864Z",
        "updated_by": null,
        "team_can_edit": true,
        "team_can_vote": false,
        "name": "VP",
        "weight": 2,
        "required": false,
        "web_access": false,
        "change_causes_staff_flag_on_team_to_enable": true
    }
},
{
    "model": "team.stafftype",
    "pk": 24,
    "fields": {
        "old_sk_id": null,
        "inserted": "2022-03-10T02:24:02.871Z",
        "inserted_by": null,
        "updated": "2022-03-10T02:24:02.871Z",
        "updated_by": null,
        "team_can_edit": true,
        "team_can_vote": false,
        "name": "Admin",
        "weight": 3,
        "required": false,
        "web_access": false,
        "change_causes_staff_flag_on_team_to_enable": true
    }
},
{
    "model": "team.staffstatus",
    "pk": 1,
    "fields": {
        "old_sk_id": 9,
        "inserted": "2014-09-24T20:52:56Z",
        "inserted_by": null,
        "updated": "2022-03-10T02:24:01.751Z",
        "updated_by": null,
        "name": "NEW",
        "weight": 0,
        "include_in_roster_export": true
    }
},
{
    "model": "team.staffstatus",
    "pk": 2,
    "fields": {
        "old_sk_id": 1,
        "inserted": "2012-07-03T09:54:05.640Z",
        "inserted_by": null,
        "updated": "2022-03-10T02:24:01.760Z",
        "updated_by": null,
        "name": "INPROGRESS",
        "weight": 1,
        "include_in_roster_export": true
    }
},
{
    "model": "team.staffstatus",
    "pk": 3,
    "fields": {
        "old_sk_id": 6,
        "inserted": "2012-10-01T21:21:22Z",
        "inserted_by": null,
        "updated": "2022-03-10T02:24:01.770Z",
        "updated_by": null,
        "name": "TRANSFER REQUIRED",
        "weight": 2,
        "include_in_roster_export": true
    }
},
{
    "model": "team.staffstatus",
    "pk": 4,
    "fields": {
        "old_sk_id": 7,
        "inserted": "2013-09-08T22:15:50Z",
        "inserted_by": null,
        "updated": "2022-03-10T02:24:01.778Z",
        "updated_by": null,
        "name": "AWAITING CERTIFICATIONS",
        "weight": 3,
        "include_in_roster_export": true
    }
},
{
    "model": "team.staffstatus",
    "pk": 5,
    "fields": {
        "old_sk_id": 8,
        "inserted": "2013-09-08T22:17:40Z",
        "inserted_by": null,
        "updated": "2022-03-10T02:24:01.787Z",
        "updated_by": null,
        "name": "CHECK CERTIFICATIONS",
        "weight": 4,
        "include_in_roster_export": true
    }
},
{
    "model": "team.staffstatus",
    "pk": 6,
    "fields": {
        "old_sk_id": 10,
        "inserted": "2014-10-06T19:11:42Z",
        "inserted_by": null,
        "updated": "2022-03-10T02:24:01.796Z",
        "updated_by": null,
        "name": "DECLARATION REQUIRED",
        "weight": 5,
        "include_in_roster_export": true
    }
},
{
    "model": "team.staffstatus",
    "pk": 7,
    "fields": {
        "old_sk_id": 11,
        "inserted": "2015-03-05T20:32:35Z",
        "inserted_by": null,
        "updated": "2022-03-10T02:24:01.806Z",
        "updated_by": null,
        "name": "PC REQUIRED",
        "weight": 6,
        "include_in_roster_export": true
    }
},
{
    "model": "team.staffstatus",
    "pk": 8,
    "fields": {
        "old_sk_id": 2,
        "inserted": "2012-07-03T09:54:05.640Z",
        "inserted_by": null,
        "updated": "2022-03-10T02:24:01.813Z",
        "updated_by": null,
        "name": "READY TO SUBMIT",
        "weight": 7,
        "include_in_roster_export": true
    }
},
{
    "model": "team.staffstatus",
    "pk": 9,
    "fields": {
        "old_sk_id": 3,
        "inserted": "2012-07-03T09:54:05.640Z",
        "inserted_by": null,
        "updated": "2022-03-10T02:24:01.822Z",
        "updated_by": null,
        "name": "SUBMITTED",
        "weight": 8,
        "include_in_roster_export": true
    }
},
{
    "model": "team.staffstatus",
    "pk": 10,
    "fields": {
        "old_sk_id": 4,
        "inserted": "2012-07-03T09:54:05.640Z",
        "inserted_by": null,
        "updated": "2022-03-10T02:24:01.831Z",
        "updated_by": null,
        "name": "APPROVED",
        "weight": 9,
        "include_in_roster_export": true
    }
},
{
    "model": "team.staffstatus",
    "pk": 11,
    "fields": {
        "old_sk_id": 5,
        "inserted": "2012-07-03T09:54:05.640Z",
        "inserted_by": null,
        "updated": "2022-03-10T02:24:01.841Z",
        "updated_by": null,
        "name": "REJECTED",
        "weight": 10,
        "include_in_roster_export": true
    }
},
{
    "model": "team.staffstatusreason",
    "pk": 1,
    "fields": {
        "old_sk_id": 1,
        "inserted": "2012-07-21T21:38:29.157Z",
        "inserted_by": null,
        "updated": "2022-03-10T02:24:01.854Z",
        "updated_by": null,
        "name": "OK",
        "weight": 0
    }
},
{
    "model": "team.staffstatusreason",
    "pk": 2,
    "fields": {
        "old_sk_id": 2,
        "inserted": "2012-07-21T21:38:29.157Z",
        "inserted_by": null,
        "updated": "2022-03-10T02:24:01.862Z",
        "updated_by": null,
        "name": "CERTIFICATIONS REQUIRED",
        "weight": 1
    }
},
{
    "model": "team.staff",
    "pk": 1,
    "fields": {
        "old_sk_id": null,
        "inserted": "2022-03-10T02:24:03.134Z",
        "inserted_by": null,
        "updated": "2022-03-10T02:24:03.134Z",
        "updated_by": null,
        "season": 1,
        "league": null,
        "division": null,
        "subdivision": null,
        "team": null,
        "user": 1,
        "type": 24,
        "status": 10,
        "importer": false,
        "affiliate": false,
        "tryout": false,
        "registration_date": null,
        "release_date": null
    }
},
{
    "model": "team.staff",
    "pk": 2,
    "fields": {
        "old_sk_id": null,
        "inserted": "2022-03-10T02:24:03.146Z",
        "inserted_by": null,
        "updated": "2022-03-10T02:24:03.146Z",
        "updated_by": null,
        "season": 1,
        "league": 1,
        "division": null,
        "subdivision": null,
        "team": null,
        "user": 2,
        "type": 23,
        "status": 10,
        "importer": false,
        "affiliate": false,
        "tryout": false,
        "registration_date": null,
        "release_date": null
    }
},
{
    "model": "team.staff",
    "pk": 3,
    "fields": {
        "old_sk_id": null,
        "inserted": "2022-03-10T02:24:03.158Z",
        "inserted_by": null,
        "updated": "2022-03-10T02:24:03.158Z",
        "updated_by": null,
        "season": 1,
        "league": 1,
        "division": 1,
        "subdivision": null,
        "team": null,
        "user": 3,
        "type": 23,
        "status": 10,
        "importer": false,
        "affiliate": false,
        "tryout": false,
        "registration_date": null,
        "release_date": null
    }
},
{
    "model": "team.staff",
    "pk": 4,
    "fields": {
        "old_sk_id": null,
        "inserted": "2022-03-10T02:24:03.168Z",
        "inserted_by": null,
        "updated": "2022-03-10T02:24:03.168Z",
        "updated_by": null,
        "season": 1,
        "league": 1,
        "division": 1,
        "subdivision": 1,
        "team": null,
        "user": 4,
        "type": 22,
        "status": 10,
        "importer": false,
        "affiliate": false,
        "tryout": false,
        "registration_date": null,
        "release_date": null
    }
},
{
    "model": "team.staff",
    "pk": 5,
    "fields": {
        "old_sk_id": null,
        "inserted": "2022-03-10T02:24:03.180Z",
        "inserted_by": null,
        "updated": "2022-03-10T02:24:03.180Z",
        "updated_by": null,
        "season": 1,
        "league": 1,
        "division": 1,
        "subdivision": 1,
        "team": 1,
        "user": 5,
        "type": 21,
        "status": 10,
        "importer": false,
        "affiliate": false,
        "tryout": false,
        "registration_date": null,
        "release_date": null
    }
},
{
    "model": "team.staff",
    "pk": 6,
    "fields": {
        "old_sk_id": null,
        "inserted": "2022-03-10T02:24:03.197Z",
        "inserted_by": null,
        "updated": "2022-03-10T02:24:03.197Z",
        "updated_by": null,
        "season": 1,
        "league": 1,
        "division": 1,
        "subdivision": 1,
        "team": 2,
        "user": 6,
        "type": 21,
        "status": 10,
        "importer": false,
        "affiliate": false,
        "tryout": false,
        "registration_date": null,
        "release_date": null
    }
},
{
    "model": "team.staff",
    "pk": 7,
    "fields": {
        "old_sk_id": null,
        "inserted": "2022-03-10T02:24:03.214Z",
        "inserted_by": null,
        "updated": "2022-03-10T02:24:03.214Z",
        "updated_by": null,
        "season": 1,
        "league": 1,
        "division": 1,
        "subdivision": 2,
        "team": null,
        "user": 7,
        "type": 22,
        "status": 10,
        "importer": false,
        "affiliate": false,
        "tryout": false,
        "registration_date": null,
        "release_date": null
    }
},
{
    "model": "team.staff",
    "pk": 8,
    "fields": {
        "old_sk_id": null,
        "inserted": "2022-03-10T02:24:03.224Z",
        "inserted_by": null,
        "updated": "2022-03-10T02:24:03.224Z",
        "updated_by": null,
        "season": 1,
        "league": 1,
        "division": 1,
        "subdivision": 2,
        "team": 3,
        "user": 8,
        "type": 21,
        "status": 10,
        "importer": false,
        "affiliate": false,
        "tryout": false,
        "registration_date": null,
        "release_date": null
    }
},
{
    "model": "team.staff",
    "pk": 9,
    "fields": {
        "old_sk_id": null,
        "inserted": "2022-03-10T02:24:03.241Z",
        "inserted_by": null,
        "updated": "2022-03-10T02:24:03.241Z",
        "updated_by": null,
        "season": 1,
        "league": 1,
        "division": 1,
        "subdivision": 2,
        "team": 4,
        "user": 9,
        "type": 21,
        "status": 10,
        "importer": false,
        "affiliate": false,
        "tryout": false,
        "registration_date": null,
        "release_date": null
    }
},
{
    "model": "team.staff",
    "pk": 10,
    "fields": {
        "old_sk_id": null,
        "inserted": "2022-03-10T02:24:03.261Z",
        "inserted_by": null,
        "updated": "2022-03-10T02:24:03.261Z",
        "updated_by": null,
        "season": 1,
        "league": 1,
        "division": 2,
        "subdivision": null,
        "team": null,
        "user": 10,
        "type": 23,
        "status": 10,
        "importer": false,
        "affiliate": false,
        "tryout": false,
        "registration_date": null,
        "release_date": null
    }
},
{
    "model": "team.staff",
    "pk": 11,
    "fields": {
        "old_sk_id": null,
        "inserted": "2022-03-10T02:24:03.271Z",
        "inserted_by": null,
        "updated": "2022-03-10T02:24:03.271Z",
        "updated_by": null,
        "season": 1,
        "league": 1,
        "division": 2,
        "subdivision": 3,
        "team": null,
        "user": 11,
        "type": 22,
        "status": 10,
        "importer": false,
        "affiliate": false,
        "tryout": false,
        "registration_date": null,
        "release_date": null
    }
},
{
    "model": "team.staff",
    "pk": 12,
    "fields": {
        "old_sk_id": null,
        "inserted": "2022-03-10T02:24:03.281Z",
        "inserted_by": null,
        "updated": "2022-03-10T02:24:03.281Z",
        "updated_by": null,
        "season": 1,
        "league": 1,
        "division": 2,
        "subdivision": 3,
        "team": 5,
        "user": 12,
        "type": 21,
        "status": 10,
        "importer": false,
        "affiliate": false,
        "tryout": false,
        "registration_date": null,
        "release_date": null
    }
},
{
    "model": "team.staff",
    "pk": 13,
    "fields": {
        "old_sk_id": null,
        "inserted": "2022-03-10T02:24:03.299Z",
        "inserted_by": null,
        "updated": "2022-03-10T02:24:03.299Z",
        "updated_by": null,
        "season": 1,
        "league": 1,
        "division": 2,
        "subdivision": 3,
        "team": 6,
        "user": 13,
        "type": 21,
        "status": 10,
        "importer": false,
        "affiliate": false,
        "tryout": false,
        "registration_date": null,
        "release_date": null
    }
},
{
    "model": "team.staff",
    "pk": 14,
    "fields": {
        "old_sk_id": null,
        "inserted": "2022-03-10T02:24:03.316Z",
        "inserted_by": null,
        "updated": "2022-03-10T02:24:03.317Z",
        "updated_by": null,
        "season": 1,
        "league": 1,
        "division": 2,
        "subdivision": 4,
        "team": null,
        "user": 14,
        "type": 22,
        "status": 10,
        "importer": false,
        "affiliate": false,
        "tryout": false,
        "registration_date": null,
        "release_date": null
    }
},
{
    "model": "team.staff",
    "pk": 15,
    "fields": {
        "old_sk_id": null,
        "inserted": "2022-03-10T02:24:03.325Z",
        "inserted_by": null,
        "updated": "2022-03-10T02:24:03.325Z",
        "updated_by": null,
        "season": 1,
        "league": 1,
        "division": 2,
        "subdivision": 4,
        "team": 7,
        "user": 15,
        "type": 21,
        "status": 10,
        "importer": false,
        "affiliate": false,
        "tryout": false,
        "registration_date": null,
        "release_date": null
    }
},
{
    "model": "team.staff",
    "pk": 16,
    "fields": {
        "old_sk_id": null,
        "inserted": "2022-03-10T02:24:03.343Z",
        "inserted_by": null,
        "updated": "2022-03-10T02:24:03.343Z",
        "updated_by": null,
        "season": 1,
        "league": 1,
        "division": 2,
        "subdivision": 4,
        "team": 8,
        "user": 16,
        "type": 21,
        "status": 10,
        "importer": false,
        "affiliate": false,
        "tryout": false,
        "registration_date": null,
        "release_date": null
    }
},
{
    "model": "team.staff",
    "pk": 17,
    "fields": {
        "old_sk_id": null,
        "inserted": "2022-03-10T02:24:03.357Z",
        "inserted_by": null,
        "updated": "2022-03-10T02:24:03.358Z",
        "updated_by": null,
        "season": 1,
        "league": 2,
        "division": null,
        "subdivision": null,
        "team": null,
        "user": 17,
        "type": 23,
        "status": 10,
        "importer": false,
        "affiliate": false,
        "tryout": false,
        "registration_date": null,
        "release_date": null
    }
},
{
    "model": "team.staff",
    "pk": 18,
    "fields": {
        "old_sk_id": null,
        "inserted": "2022-03-10T02:24:03.365Z",
        "inserted_by": null,
        "updated": "2022-03-10T02:24:03.365Z",
        "updated_by": null,
        "season": 1,
        "league": 2,
        "division": 3,
        "subdivision": null,
        "team": null,
        "user": 18,
        "type": 23,
        "status": 10,
        "importer": false,
        "affiliate": false,
        "tryout": false,
        "registration_date": null,
        "release_date": null
    }
},
{
    "model": "team.staff",
    "pk": 19,
    "fields": {
        "old_sk_id": null,
        "inserted": "2022-03-10T02:24:03.373Z",
        "inserted_by": null,
        "updated": "2022-03-10T02:24:03.373Z",
        "updated_by": null,
        "season": 1,
        "league": 2,
        "division": 3,
        "subdivision": 5,
        "team": null,
        "user": 19,
        "type": 22,
        "status": 10,
        "importer": false,
        "affiliate": false,
        "tryout": false,
        "registration_date": null,
        "release_date": null
    }
},
{
    "model": "team.staff",
    "pk": 20,
    "fields": {
        "old_sk_id": null,
        "inserted": "2022-03-10T02:24:03.381Z",
        "inserted_by": null,
        "updated": "2022-03-10T02:24:03.381Z",
        "updated_by": null,
        "season": 1,
        "league": 2,
        "division": 3,
        "subdivision": 5,
        "team": 9,
        "user": 20,
        "type": 21,
        "status": 10,
        "importer": false,
        "affiliate": false,
        "tryout": false,
        "registration_date": null,
        "release_date": null
    }
},
{
    "model": "team.staff",
    "pk": 21,
    "fields": {
        "old_sk_id": null,
        "inserted": "2022-03-10T02:24:03.397Z",
        "inserted_by": null,
        "updated": "2022-03-10T02:24:03.397Z",
        "updated_by": null,
        "season": 1,
        "league": 2,
        "division": 3,
        "subdivision": 5,
        "team": 10,
        "user": 21,
        "type": 21,
        "status": 10,
        "importer": false,
        "affiliate": false,
        "tryout": false,
        "registration_date": null,
        "release_date": null
    }
},
{
    "model": "team.staff",
    "pk": 22,
    "fields": {
        "old_sk_id": null,
        "inserted": "2022-03-10T02:24:03.412Z",
        "inserted_by": null,
        "updated": "2022-03-10T02:24:03.412Z",
        "updated_by": null,
        "season": 1,
        "league": 2,
        "division": 3,
        "subdivision": 6,
        "team": null,
        "user": 22,
        "type": 22,
        "status": 10,
        "importer": false,
        "affiliate": false,
        "tryout": false,
        "registration_date": null,
        "release_date": null
    }
},
{
    "model": "team.staff",
    "pk": 23,
    "fields": {
        "old_sk_id": null,
        "inserted": "2022-03-10T02:24:03.420Z",
        "inserted_by": null,
        "updated": "2022-03-10T02:24:03.420Z",
        "updated_by": null,
        "season": 1,
        "league": 2,
        "division": 3,
        "subdivision": 6,
        "team": 11,
        "user": 23,
        "type": 21,
        "status": 10,
        "importer": false,
        "affiliate": false,
        "tryout": false,
        "registration_date": null,
        "release_date": null
    }
},
{
    "model": "team.staff",
    "pk": 24,
    "fields": {
        "old_sk_id": null,
        "inserted": "2022-03-10T02:24:03.437Z",
        "inserted_by": null,
        "updated": "2022-03-10T02:24:03.437Z",
        "updated_by": null,
        "season": 1,
        "league": 2,
        "division": 3,
        "subdivision": 6,
        "team": 12,
        "user": 24,
        "type": 21,
        "status": 10,
        "importer": false,
        "affiliate": false,
        "tryout": false,
        "registration_date": null,
        "release_date": null
    }
},
{
    "model": "team.staff",
    "pk": 25,
    "fields": {
        "old_sk_id": null,
        "inserted": "2022-03-10T02:24:03.454Z",
        "inserted_by": null,
        "updated": "2022-03-10T02:24:03.454Z",
        "updated_by": null,
        "season": 1,
        "league": 2,
        "division": 4,
        "subdivision": null,
        "team": null,
        "user": 25,
        "type": 23,
        "status": 10,
        "importer": false,
        "affiliate": false,
        "tryout": false,
        "registration_date": null,
        "release_date": null
    }
},
{
    "model": "team.staff",
    "pk": 26,
    "fields": {
        "old_sk_id": null,
        "inserted": "2022-03-10T02:24:03.463Z",
        "inserted_by": null,
        "updated": "2022-03-10T02:24:03.464Z",
        "updated_by": null,
        "season": 1,
        "league": 2,
        "division": 4,
        "subdivision": 7,
        "team": null,
        "user": 26,
        "type": 22,
        "status": 10,
        "importer": false,
        "affiliate": false,
        "tryout": false,
        "registration_date": null,
        "release_date": null
    }
},
{
    "model": "team.staff",
    "pk": 27,
    "fields": {
        "old_sk_id": null,
        "inserted": "2022-03-10T02:24:03.472Z",
        "inserted_by": null,
        "updated": "2022-03-10T02:24:03.472Z",
        "updated_by": null,
        "season": 1,
        "league": 2,
        "division": 4,
        "subdivision": 7,
        "team": 13,
        "user": 27,
        "type": 21,
        "status": 10,
        "importer": false,
        "affiliate": false,
        "tryout": false,
        "registration_date": null,
        "release_date": null
    }
},
{
    "model": "team.staff",
    "pk": 28,
    "fields": {
        "old_sk_id": null,
        "inserted": "2022-03-10T02:24:03.492Z",
        "inserted_by": null,
        "updated": "2022-03-10T02:24:03.492Z",
        "updated_by": null,
        "season": 1,
        "league": 2,
        "division": 4,
        "subdivision": 7,
        "team": 14,
        "user": 28,
        "type": 21,
        "status": 10,
        "importer": false,
        "affiliate": false,
        "tryout": false,
        "registration_date": null,
        "release_date": null
    }
},
{
    "model": "team.staff",
    "pk": 29,
    "fields": {
        "old_sk_id": null,
        "inserted": "2022-03-10T02:24:03.509Z",
        "inserted_by": null,
        "updated": "2022-03-10T02:24:03.509Z",
        "updated_by": null,
        "season": 1,
        "league": 2,
        "division": 4,
        "subdivision": 8,
        "team": null,
        "user": 29,
        "type": 22,
        "status": 10,
        "importer": false,
        "affiliate": false,
        "tryout": false,
        "registration_date": null,
        "release_date": null
    }
},
{
    "model": "team.staff",
    "pk": 30,
    "fields": {
        "old_sk_id": null,
        "inserted": "2022-03-10T02:24:03.519Z",
        "inserted_by": null,
        "updated": "2022-03-10T02:24:03.519Z",
        "updated_by": null,
        "season": 1,
        "league": 2,
        "division": 4,
        "subdivision": 8,
        "team": 15,
        "user": 30,
        "type": 21,
        "status": 10,
        "importer": false,
        "affiliate": false,
        "tryout": false,
        "registration_date": null,
        "release_date": null
    }
},
{
    "model": "team.staff",
    "pk": 31,
    "fields": {
        "old_sk_id": null,
        "inserted": "2022-03-10T02:24:03.536Z",
        "inserted_by": null,
        "updated": "2022-03-10T02:24:03.537Z",
        "updated_by": null,
        "season": 1,
        "league": 2,
        "division": 4,
        "subdivision": 8,
        "team": 16,
        "user": 31,
        "type": 21,
        "status": 10,
        "importer": false,
        "affiliate": false,
        "tryout": false,
        "registration_date": null,
        "release_date": null
    }
},
{
    "model": "team.staff",
    "pk": 32,
    "fields": {
        "old_sk_id": null,
        "inserted": "2022-03-10T02:24:03.554Z",
        "inserted_by": null,
        "updated": "2022-03-10T02:24:03.554Z",
        "updated_by": null,
        "season": 2,
        "league": null,
        "division": null,
        "subdivision": null,
        "team": null,
        "user": 32,
        "type": 24,
        "status": 10,
        "importer": false,
        "affiliate": false,
        "tryout": false,
        "registration_date": null,
        "release_date": null
    }
},
{
    "model": "team.staff",
    "pk": 33,
    "fields": {
        "old_sk_id": null,
        "inserted": "2022-03-10T02:24:03.563Z",
        "inserted_by": null,
        "updated": "2022-03-10T02:24:03.563Z",
        "updated_by": null,
        "season": 2,
        "league": 3,
        "division": null,
        "subdivision": null,
        "team": null,
        "user": 33,
        "type": 23,
        "status": 10,
        "importer": false,
        "affiliate": false,
        "tryout": false,
        "registration_date": null,
        "release_date": null
    }
},
{
    "model": "team.staff",
    "pk": 34,
    "fields": {
        "old_sk_id": null,
        "inserted": "2022-03-10T02:24:03.571Z",
        "inserted_by": null,
        "updated": "2022-03-10T02:24:03.571Z",
        "updated_by": null,
        "season": 2,
        "league": 3,
        "division": 5,
        "subdivision": null,
        "team": null,
        "user": 34,
        "type": 23,
        "status": 10,
        "importer": false,
        "affiliate": false,
        "tryout": false,
        "registration_date": null,
        "release_date": null
    }
},
{
    "model": "team.staff",
    "pk": 35,
    "fields": {
        "old_sk_id": null,
        "inserted": "2022-03-10T02:24:03.581Z",
        "inserted_by": null,
        "updated": "2022-03-10T02:24:03.581Z",
        "updated_by": null,
        "season": 2,
        "league": 3,
        "division": 5,
        "subdivision": 9,
        "team": null,
        "user": 35,
        "type": 22,
        "status": 10,
        "importer": false,
        "affiliate": false,
        "tryout": false,
        "registration_date": null,
        "release_date": null
    }
},
{
    "model": "team.staff",
    "pk": 36,
    "fields": {
        "old_sk_id": null,
        "inserted": "2022-03-10T02:24:03.590Z",
        "inserted_by": null,
        "updated": "2022-03-10T02:24:03.590Z",
        "updated_by": null,
        "season": 2,
        "league": 3,
        "division": 5,
        "subdivision": 9,
        "team": 17,
        "user": 36,
        "type": 21,
        "status": 10,
        "importer": false,
        "affiliate": false,
        "tryout": false,
        "registration_date": null,
        "release_date": null
    }
},
{
    "model": "team.staff",
    "pk": 37,
    "fields": {
        "old_sk_id": null,
        "inserted": "2022-03-10T02:24:03.609Z",
        "inserted_by": null,
        "updated": "2022-03-10T02:24:03.609Z",
        "updated_by": null,
        "season": 2,
        "league": 3,
        "division": 5,
        "subdivision": 9,
        "team": 18,
        "user": 37,
        "type": 21,
        "status": 10,
        "importer": false,
        "affiliate": false,
        "tryout": false,
        "registration_date": null,
        "release_date": null
    }
},
{
    "model": "team.staff",
    "pk": 38,
    "fields": {
        "old_sk_id": null,
        "inserted": "2022-03-10T02:24:03.627Z",
        "inserted_by": null,
        "updated": "2022-03-10T02:24:03.627Z",
        "updated_by": null,
        "season": 2,
        "league": 3,
        "division": 5,
        "subdivision": 10,
        "team": null,
        "user": 38,
        "type": 22,
        "status": 10,
        "importer": false,
        "affiliate": false,
        "tryout": false,
        "registration_date": null,
        "release_date": null
    }
},
{
    "model": "team.staff",
    "pk": 39,
    "fields": {
        "old_sk_id": null,
        "inserted": "2022-03-10T02:24:03.637Z",
        "inserted_by": null,
        "updated": "2022-03-10T02:24:03.637Z",
        "updated_by": null,
        "season": 2,
        "league": 3,
        "division": 5,
        "subdivision": 10,
        "team": 19,
        "user": 39,
        "type": 21,
        "status": 10,
        "importer": false,
        "affiliate": false,
        "tryout": false,
        "registration_date": null,
        "release_date": null
    }
},
{
    "model": "team.staff",
    "pk": 40,
    "fields": {
        "old_sk_id": null,
        "inserted": "2022-03-10T02:24:03.656Z",
        "inserted_by": null,
        "updated": "2022-03-10T02:24:03.656Z",
        "updated_by": null,
        "season": 2,
        "league": 3,
        "division": 5,
        "subdivision": 10,
        "team": 20,
        "user": 40,
        "type": 21,
        "status": 10,
        "importer": false,
        "affiliate": false,
        "tryout": false,
        "registration_date": null,
        "release_date": null
    }
},
{
    "model": "team.staff",
    "pk": 41,
    "fields": {
        "old_sk_id": null,
        "inserted": "2022-03-10T02:24:03.676Z",
        "inserted_by": null,
        "updated": "2022-03-10T02:24:03.676Z",
        "updated_by": null,
        "season": 2,
        "league": 3,
        "division": 6,
        "subdivision": null,
        "team": null,
        "user": 41,
        "type": 23,
        "status": 10,
        "importer": false,
        "affiliate": false,
        "tryout": false,
        "registration_date": null,
        "release_date": null
    }
},
{
    "model": "team.staff",
    "pk": 42,
    "fields": {
        "old_sk_id": null,
        "inserted": "2022-03-10T02:24:03.686Z",
        "inserted_by": null,
        "updated": "2022-03-10T02:24:03.686Z",
        "updated_by": null,
        "season": 2,
        "league": 3,
        "division": 6,
        "subdivision": 11,
        "team": null,
        "user": 42,
        "type": 22,
        "status": 10,
        "importer": false,
        "affiliate": false,
        "tryout": false,
        "registration_date": null,
        "release_date": null
    }
},
{
    "model": "team.staff",
    "pk": 43,
    "fields": {
        "old_sk_id": null,
        "inserted": "2022-03-10T02:24:03.696Z",
        "inserted_by": null,
        "updated": "2022-03-10T02:24:03.696Z",
        "updated_by": null,
        "season": 2,
        "league": 3,
        "division": 6,
        "subdivision": 11,
        "team": 21,
        "user": 43,
        "type": 21,
        "status": 10,
        "importer": false,
        "affiliate": false,
        "tryout": false,
        "registration_date": null,
        "release_date": null
    }
},
{
    "model": "team.staff",
    "pk": 44,
    "fields": {
        "old_sk_id": null,
        "inserted": "2022-03-10T02:24:03.715Z",
        "inserted_by": null,
        "updated": "2022-03-10T02:24:03.715Z",
        "updated_by": null,
        "season": 2,
        "league": 3,
        "division": 6,
        "subdivision": 11,
        "team": 22,
        "user": 44,
        "type": 21,
        "status": 10,
        "importer": false,
        "affiliate": false,
        "tryout": false,
        "registration_date": null,
        "release_date": null
    }
},
{
    "model": "team.staff",
    "pk": 45,
    "fields": {
        "old_sk_id": null,
        "inserted": "2022-03-10T02:24:03.736Z",
        "inserted_by": null,
        "updated": "2022-03-10T02:24:03.736Z",
        "updated_by": null,
        "season": 2,
        "league": 3,
        "division": 6,
        "subdivision": 12,
        "team": null,
        "user": 45,
        "type": 22,
        "status": 10,
        "importer": false,
        "affiliate": false,
        "tryout": false,
        "registration_date": null,
        "release_date": null
    }
},
{
    "model": "team.staff",
    "pk": 46,
    "fields": {
        "old_sk_id": null,
        "inserted": "2022-03-10T02:24:03.747Z",
        "inserted_by": null,
        "updated": "2022-03-10T02:24:03.747Z",
        "updated_by": null,
        "season": 2,
        "league": 3,
        "division": 6,
        "subdivision": 12,
        "team": 23,
        "user": 46,
        "type": 21,
        "status": 10,
        "importer": false,
        "affiliate": false,
        "tryout": false,
        "registration_date": null,
        "release_date": null
    }
},
{
    "model": "team.staff",
    "pk": 47,
    "fields": {
        "old_sk_id": null,
        "inserted": "2022-03-10T02:24:03.765Z",
        "inserted_by": null,
        "updated": "2022-03-10T02:24:03.765Z",
        "updated_by": null,
        "season": 2,
        "league": 3,
        "division": 6,
        "subdivision": 12,
        "team": 24,
        "user": 47,
        "type": 21,
        "status": 10,
        "importer": false,
        "affiliate": false,
        "tryout": false,
        "registration_date": null,
        "release_date": null
    }
},
{
    "model": "team.staff",
    "pk": 48,
    "fields": {
        "old_sk_id": null,
        "inserted": "2022-03-10T02:24:03.782Z",
        "inserted_by": null,
        "updated": "2022-03-10T02:24:03.782Z",
        "updated_by": null,
        "season": 2,
        "league": 4,
        "division": null,
        "subdivision": null,
        "team": null,
        "user": 48,
        "type": 23,
        "status": 10,
        "importer": false,
        "affiliate": false,
        "tryout": false,
        "registration_date": null,
        "release_date": null
    }
},
{
    "model": "team.staff",
    "pk": 49,
    "fields": {
        "old_sk_id": null,
        "inserted": "2022-03-10T02:24:03.790Z",
        "inserted_by": null,
        "updated": "2022-03-10T02:24:03.790Z",
        "updated_by": null,
        "season": 2,
        "league": 4,
        "division": 7,
        "subdivision": null,
        "team": null,
        "user": 49,
        "type": 23,
        "status": 10,
        "importer": false,
        "affiliate": false,
        "tryout": false,
        "registration_date": null,
        "release_date": null
    }
},
{
    "model": "team.staff",
    "pk": 50,
    "fields": {
        "old_sk_id": null,
        "inserted": "2022-03-10T02:24:03.799Z",
        "inserted_by": null,
        "updated": "2022-03-10T02:24:03.799Z",
        "updated_by": null,
        "season": 2,
        "league": 4,
        "division": 7,
        "subdivision": 13,
        "team": null,
        "user": 50,
        "type": 22,
        "status": 10,
        "importer": false,
        "affiliate": false,
        "tryout": false,
        "registration_date": null,
        "release_date": null
    }
},
{
    "model": "team.staff",
    "pk": 51,
    "fields": {
        "old_sk_id": null,
        "inserted": "2022-03-10T02:24:03.809Z",
        "inserted_by": null,
        "updated": "2022-03-10T02:24:03.809Z",
        "updated_by": null,
        "season": 2,
        "league": 4,
        "division": 7,
        "subdivision": 13,
        "team": 25,
        "user": 51,
        "type": 21,
        "status": 10,
        "importer": false,
        "affiliate": false,
        "tryout": false,
        "registration_date": null,
        "release_date": null
    }
},
{
    "model": "team.staff",
    "pk": 52,
    "fields": {
        "old_sk_id": null,
        "inserted": "2022-03-10T02:24:03.829Z",
        "inserted_by": null,
        "updated": "2022-03-10T02:24:03.829Z",
        "updated_by": null,
        "season": 2,
        "league": 4,
        "division": 7,
        "subdivision": 13,
        "team": 26,
        "user": 52,
        "type": 21,
        "status": 10,
        "importer": false,
        "affiliate": false,
        "tryout": false,
        "registration_date": null,
        "release_date": null
    }
},
{
    "model": "team.staff",
    "pk": 53,
    "fields": {
        "old_sk_id": null,
        "inserted": "2022-03-10T02:24:03.847Z",
        "inserted_by": null,
        "updated": "2022-03-10T02:24:03.847Z",
        "updated_by": null,
        "season": 2,
        "league": 4,
        "division": 7,
        "subdivision": 14,
        "team": null,
        "user": 53,
        "type": 22,
        "status": 10,
        "importer": false,
        "affiliate": false,
        "tryout": false,
        "registration_date": null,
        "release_date": null
    }
},
{
    "model": "team.staff",
    "pk": 54,
    "fields": {
        "old_sk_id": null,
        "inserted": "2022-03-10T02:24:03.856Z",
        "inserted_by": null,
        "updated": "2022-03-10T02:24:03.856Z",
        "updated_by": null,
        "season": 2,
        "league": 4,
        "division": 7,
        "subdivision": 14,
        "team": 27,
        "user": 54,
        "type": 21,
        "status": 10,
        "importer": false,
        "affiliate": false,
        "tryout": false,
        "registration_date": null,
        "release_date": null
    }
},
{
    "model": "team.staff",
    "pk": 55,
    "fields": {
        "old_sk_id": null,
        "inserted": "2022-03-10T02:24:03.874Z",
        "inserted_by": null,
        "updated": "2022-03-10T02:24:03.874Z",
        "updated_by": null,
        "season": 2,
        "league": 4,
        "division": 7,
        "subdivision": 14,
        "team": 28,
        "user": 55,
        "type": 21,
        "status": 10,
        "importer": false,
        "affiliate": false,
        "tryout": false,
        "registration_date": null,
        "release_date": null
    }
},
{
    "model": "team.staff",
    "pk": 56,
    "fields": {
        "old_sk_id": null,
        "inserted": "2022-03-10T02:24:03.890Z",
        "inserted_by": null,
        "updated": "2022-03-10T02:24:03.890Z",
        "updated_by": null,
        "season": 2,
        "league": 4,
        "division": 8,
        "subdivision": null,
        "team": null,
        "user": 56,
        "type": 23,
        "status": 10,
        "importer": false,
        "affiliate": false,
        "tryout": false,
        "registration_date": null,
        "release_date": null
    }
},
{
    "model": "team.staff",
    "pk": 57,
    "fields": {
        "old_sk_id": null,
        "inserted": "2022-03-10T02:24:03.900Z",
        "inserted_by": null,
        "updated": "2022-03-10T02:24:03.900Z",
        "updated_by": null,
        "season": 2,
        "league": 4,
        "division": 8,
        "subdivision": 15,
        "team": null,
        "user": 57,
        "type": 22,
        "status": 10,
        "importer": false,
        "affiliate": false,
        "tryout": false,
        "registration_date": null,
        "release_date": null
    }
},
{
    "model": "team.staff",
    "pk": 58,
    "fields": {
        "old_sk_id": null,
        "inserted": "2022-03-10T02:24:03.910Z",
        "inserted_by": null,
        "updated": "2022-03-10T02:24:03.910Z",
        "updated_by": null,
        "season": 2,
        "league": 4,
        "division": 8,
        "subdivision": 15,
        "team": 29,
        "user": 58,
        "type": 21,
        "status": 10,
        "importer": false,
        "affiliate": false,
        "tryout": false,
        "registration_date": null,
        "release_date": null
    }
},
{
    "model": "team.staff",
    "pk": 59,
    "fields": {
        "old_sk_id": null,
        "inserted": "2022-03-10T02:24:03.930Z",
        "inserted_by": null,
        "updated": "2022-03-10T02:24:03.930Z",
        "updated_by": null,
        "season": 2,
        "league": 4,
        "division": 8,
        "subdivision": 15,
        "team": 30,
        "user": 59,
        "type": 21,
        "status": 10,
        "importer": false,
        "affiliate": false,
        "tryout": false,
        "registration_date": null,
        "release_date": null
    }
},
{
    "model": "team.staff",
    "pk": 60,
    "fields": {
        "old_sk_id": null,
        "inserted": "2022-03-10T02:24:03.950Z",
        "inserted_by": null,
        "updated": "2022-03-10T02:24:03.950Z",
        "updated_by": null,
        "season": 2,
        "league": 4,
        "division": 8,
        "subdivision": 16,
        "team": null,
        "user": 60,
        "type": 22,
        "status": 10,
        "importer": false,
        "affiliate": false,
        "tryout": false,
        "registration_date": null,
        "release_date": null
    }
},
{
    "model": "team.staff",
    "pk": 61,
    "fields": {
        "old_sk_id": null,
        "inserted": "2022-03-10T02:24:03.961Z",
        "inserted_by": null,
        "updated": "2022-03-10T02:24:03.961Z",
        "updated_by": null,
        "season": 2,
        "league": 4,
        "division": 8,
        "subdivision": 16,
        "team": 31,
        "user": 61,
        "type": 21,
        "status": 10,
        "importer": false,
        "affiliate": false,
        "tryout": false,
        "registration_date": null,
        "release_date": null
    }
},
{
    "model": "team.staff",
    "pk": 62,
    "fields": {
        "old_sk_id": null,
        "inserted": "2022-03-10T02:24:03.980Z",
        "inserted_by": null,
        "updated": "2022-03-10T02:24:03.980Z",
        "updated_by": null,
        "season": 2,
        "league": 4,
        "division": 8,
        "subdivision": 16,
        "team": 32,
        "user": 62,
        "type": 21,
        "status": 10,
        "importer": false,
        "affiliate": false,
        "tryout": false,
        "registration_date": null,
        "release_date": null
    }
},
{
    "model": "team.teamstatus",
    "pk": 1,
    "fields": {
        "old_sk_id": 22,
        "inserted": "2012-09-26T19:56:39Z",
        "inserted_by": null,
        "updated": "2022-03-10T02:24:02.070Z",
        "updated_by": null,
        "name": "ENTERED IN HCR",
        "weight": 0,
        "include_in_roster_export": true,
        "considered_approved": false,
        "clear_changed_staff_players_flag": false
    }
},
{
    "model": "team.teamstatus",
    "pk": 2,
    "fields": {
        "old_sk_id": 23,
        "inserted": "2012-09-26T19:57:22Z",
        "inserted_by": null,
        "updated": "2022-03-10T02:24:02.078Z",
        "updated_by": null,
        "name": "HCR ISSUES",
        "weight": 1,
        "include_in_roster_export": true,
        "considered_approved": false,
        "clear_changed_staff_players_flag": false
    }
},
{
    "model": "team.teamstatus",
    "pk": 3,
    "fields": {
        "old_sk_id": 24,
        "inserted": "2012-10-01T19:57:48Z",
        "inserted_by": null,
        "updated": "2022-03-10T02:24:02.088Z",
        "updated_by": null,
        "name": "PLAYERS READY FOR HC",
        "weight": 2,
        "include_in_roster_export": true,
        "considered_approved": false,
        "clear_changed_staff_players_flag": false
    }
},
{
    "model": "team.teamstatus",
    "pk": 4,
    "fields": {
        "old_sk_id": 25,
        "inserted": "2012-11-01T12:23:20Z",
        "inserted_by": null,
        "updated": "2022-03-10T02:24:02.097Z",
        "updated_by": null,
        "name": "WAITING FOR STAFF",
        "weight": 3,
        "include_in_roster_export": true,
        "considered_approved": false,
        "clear_changed_staff_players_flag": false
    }
},
{
    "model": "team.teamstatus",
    "pk": 5,
    "fields": {
        "old_sk_id": 26,
        "inserted": "2012-11-01T14:46:14Z",
        "inserted_by": null,
        "updated": "2022-03-10T02:24:02.105Z",
        "updated_by": null,
        "name": "APPROVAL NOT REQUIRED",
        "weight": 4,
        "include_in_roster_export": true,
        "considered_approved": false,
        "clear_changed_staff_players_flag": false
    }
},
{
    "model": "team.teamstatus",
    "pk": 6,
    "fields": {
        "old_sk_id": 27,
        "inserted": "2012-11-06T18:49:49Z",
        "inserted_by": null,
        "updated": "2022-03-10T02:24:02.114Z",
        "updated_by": null,
        "name": "RESUBMITTED FOR APPROVAL",
        "weight": 5,
        "include_in_roster_export": true,
        "considered_approved": false,
        "clear_changed_staff_players_flag": false
    }
},
{
    "model": "team.teamstatus",
    "pk": 7,
    "fields": {
        "old_sk_id": 29,
        "inserted": "2013-09-08T21:46:52Z",
        "inserted_by": null,
        "updated": "2022-03-10T02:24:02.122Z",
        "updated_by": null,
        "name": "WAITING ON COACH",
        "weight": 6,
        "include_in_roster_export": true,
        "considered_approved": false,
        "clear_changed_staff_players_flag": false
    }
},
{
    "model": "team.teamstatus",
    "pk": 8,
    "fields": {
        "old_sk_id": 30,
        "inserted": "2013-10-30T14:15:26Z",
        "inserted_by": null,
        "updated": "2022-03-10T02:24:02.131Z",
        "updated_by": null,
        "name": "SUBMIT WHEN BALANCED",
        "weight": 7,
        "include_in_roster_export": true,
        "considered_approved": false,
        "clear_changed_staff_players_flag": false
    }
},
{
    "model": "team.teamstatus",
    "pk": 9,
    "fields": {
        "old_sk_id": 31,
        "inserted": "2013-11-21T19:09:25Z",
        "inserted_by": null,
        "updated": "2022-03-10T02:24:02.139Z",
        "updated_by": null,
        "name": "APPROVED PLAYERS",
        "weight": 8,
        "include_in_roster_export": true,
        "considered_approved": false,
        "clear_changed_staff_players_flag": false
    }
},
{
    "model": "team.teamstatus",
    "pk": 10,
    "fields": {
        "old_sk_id": 32,
        "inserted": "2014-10-06T19:22:36Z",
        "inserted_by": null,
        "updated": "2022-03-10T02:24:02.149Z",
        "updated_by": null,
        "name": "IN DRAFT PROCESS",
        "weight": 9,
        "include_in_roster_export": false,
        "considered_approved": false,
        "clear_changed_staff_players_flag": false
    }
},
{
    "model": "team.teamstatus",
    "pk": 11,
    "fields": {
        "old_sk_id": 33,
        "inserted": "2014-10-06T19:27:52Z",
        "inserted_by": null,
        "updated": "2022-03-10T02:24:02.157Z",
        "updated_by": null,
        "name": "WAITING FOR A COACH",
        "weight": 10,
        "include_in_roster_export": true,
        "considered_approved": false,
        "clear_changed_staff_players_flag": false
    }
},
{
    "model": "team.teamstatus",
    "pk": 12,
    "fields": {
        "old_sk_id": 34,
        "inserted": "2014-10-21T18:42:05Z",
        "inserted_by": null,
        "updated": "2022-03-10T02:24:02.166Z",
        "updated_by": null,
        "name": "PLAYER ISSUES",
        "weight": 11,
        "include_in_roster_export": true,
        "considered_approved": false,
        "clear_changed_staff_players_flag": false
    }
},
{
    "model": "team.teamstatus",
    "pk": 13,
    "fields": {
        "old_sk_id": 35,
        "inserted": "2014-11-28T14:53:58Z",
        "inserted_by": null,
        "updated": "2022-03-10T02:24:02.175Z",
        "updated_by": null,
        "name": "PLAYERS SUBMITTED",
        "weight": 12,
        "include_in_roster_export": true,
        "considered_approved": false,
        "clear_changed_staff_players_flag": false
    }
},
{
    "model": "team.teamstatus",
    "pk": 14,
    "fields": {
        "old_sk_id": 38,
        "inserted": "2018-06-18T17:49:11Z",
        "inserted_by": null,
        "updated": "2022-03-10T02:24:02.183Z",
        "updated_by": null,
        "name": "STAFF READY NEED PLAYERS",
        "weight": 13,
        "include_in_roster_export": false,
        "considered_approved": false,
        "clear_changed_staff_players_flag": false
    }
},
{
    "model": "team.teamstatus",
    "pk": 15,
    "fields": {
        "old_sk_id": 16,
        "inserted": "2012-07-21T20:43:33.150Z",
        "inserted_by": null,
        "updated": "2022-03-10T02:24:02.192Z",
        "updated_by": null,
        "name": "INPROGRESS",
        "weight": 14,
        "include_in_roster_export": true,
        "considered_approved": false,
        "clear_changed_staff_players_flag": false
    }
},
{
    "model": "team.teamstatus",
    "pk": 16,
    "fields": {
        "old_sk_id": 21,
        "inserted": "2012-09-15T04:21:49.637Z",
        "inserted_by": null,
        "updated": "2022-03-10T02:24:02.202Z",
        "updated_by": null,
        "name": "DRAFTMODE",
        "weight": 15,
        "include_in_roster_export": true,
        "considered_approved": false,
        "clear_changed_staff_players_flag": false
    }
},
{
    "model": "team.teamstatus",
    "pk": 17,
    "fields": {
        "old_sk_id": 17,
        "inserted": "2012-07-21T20:43:33.150Z",
        "inserted_by": null,
        "updated": "2022-03-10T02:24:02.212Z",
        "updated_by": null,
        "name": "READY TO SUBMIT",
        "weight": 16,
        "include_in_roster_export": true,
        "considered_approved": false,
        "clear_changed_staff_players_flag": false
    }
},
{
    "model": "team.teamstatus",
    "pk": 18,
    "fields": {
        "old_sk_id": 18,
        "inserted": "2012-07-21T20:43:33Z",
        "inserted_by": null,
        "updated": "2022-03-10T02:24:02.224Z",
        "updated_by": null,
        "name": "SUBMITTED",
        "weight": 17,
        "include_in_roster_export": true,
        "considered_approved": false,
        "clear_changed_staff_players_flag": true
    }
},
{
    "model": "team.teamstatus",
    "pk": 19,
    "fields": {
        "old_sk_id": 19,
        "inserted": "2012-07-21T20:43:33Z",
        "inserted_by": null,
        "updated": "2022-03-10T02:24:02.234Z",
        "updated_by": null,
        "name": "APPROVED",
        "weight": 18,
        "include_in_roster_export": true,
        "considered_approved": false,
        "clear_changed_staff_players_flag": false
    }
},
{
    "model": "team.teamstatus",
    "pk": 20,
    "fields": {
        "old_sk_id": 20,
        "inserted": "2012-07-21T20:43:33.150Z",
        "inserted_by": null,
        "updated": "2022-03-10T02:24:02.242Z",
        "updated_by": null,
        "name": "REJECTED",
        "weight": 19,
        "include_in_roster_export": true,
        "considered_approved": false,
        "clear_changed_staff_players_flag": false
    }
},
{
    "model": "team.teamstatusreason",
    "pk": 1,
    "fields": {
        "old_sk_id": 6,
        "inserted": "2012-09-26T20:00:05Z",
        "inserted_by": null,
        "updated": "2022-03-10T02:24:02.258Z",
        "updated_by": null,
        "name": "STAFF NOT IN HCR",
        "status": 2,
        "weight": 0
    }
},
{
    "model": "team.teamstatusreason",
    "pk": 2,
    "fields": {
        "old_sk_id": 7,
        "inserted": "2012-09-26T20:00:26Z",
        "inserted_by": null,
        "updated": "2022-03-10T02:24:02.270Z",
        "updated_by": null,
        "name": "STAFF NOT QUALIFIED",
        "status": 2,
        "weight": 1
    }
},
{
    "model": "team.teamstatusreason",
    "pk": 3,
    "fields": {
        "old_sk_id": 8,
        "inserted": "2012-09-26T20:01:18Z",
        "inserted_by": null,
        "updated": "2022-03-10T02:24:02.282Z",
        "updated_by": null,
        "name": "STAFF NEEDS CONVERSION",
        "status": 2,
        "weight": 2
    }
},
{
    "model": "team.teamstatusreason",
    "pk": 4,
    "fields": {
        "old_sk_id": 9,
        "inserted": "2012-09-26T20:03:00Z",
        "inserted_by": null,
        "updated": "2022-03-10T02:24:02.292Z",
        "updated_by": null,
        "name": "STAFF NAME NOT MATCHING",
        "status": 2,
        "weight": 3
    }
},
{
    "model": "team.teamstatusreason",
    "pk": 5,
    "fields": {
        "old_sk_id": 10,
        "inserted": "2012-09-26T20:05:01Z",
        "inserted_by": null,
        "updated": "2022-03-10T02:24:02.303Z",
        "updated_by": null,
        "name": "STAFF MERGE REQUIRED",
        "status": 2,
        "weight": 4
    }
},
{
    "model": "team.teamstatusreason",
    "pk": 6,
    "fields": {
        "old_sk_id": 12,
        "inserted": "2012-09-26T20:08:06Z",
        "inserted_by": null,
        "updated": "2022-03-10T02:24:02.316Z",
        "updated_by": null,
        "name": "STAFF NOT IN SK IS IN HCR",
        "status": 2,
        "weight": 5
    }
},
{
    "model": "team.teamstatusreason",
    "pk": 7,
    "fields": {
        "old_sk_id": 13,
        "inserted": "2012-10-01T20:31:39Z",
        "inserted_by": null,
        "updated": "2022-03-10T02:24:02.328Z",
        "updated_by": null,
        "name": "N/A",
        "status": 16,
        "weight": 6
    }
},
{
    "model": "team.teamstatusreason",
    "pk": 8,
    "fields": {
        "old_sk_id": 14,
        "inserted": "2012-10-01T20:39:29Z",
        "inserted_by": null,
        "updated": "2022-03-10T02:24:02.342Z",
        "updated_by": null,
        "name": "N/A",
        "status": 1,
        "weight": 7
    }
},
{
    "model": "team.teamstatusreason",
    "pk": 9,
    "fields": {
        "old_sk_id": 15,
        "inserted": "2012-10-01T20:39:56Z",
        "inserted_by": null,
        "updated": "2022-03-10T02:24:02.354Z",
        "updated_by": null,
        "name": "N/A",
        "status": 3,
        "weight": 8
    }
},
{
    "model": "team.teamstatusreason",
    "pk": 10,
    "fields": {
        "old_sk_id": 16,
        "inserted": "2012-11-01T12:26:18Z",
        "inserted_by": null,
        "updated": "2022-03-10T02:24:02.366Z",
        "updated_by": null,
        "name": "PLAYERS IN HCR",
        "status": 4,
        "weight": 9
    }
},
{
    "model": "team.teamstatusreason",
    "pk": 11,
    "fields": {
        "old_sk_id": 17,
        "inserted": "2012-11-01T14:46:51Z",
        "inserted_by": null,
        "updated": "2022-03-10T02:24:02.378Z",
        "updated_by": null,
        "name": "NO ROSTER NEEDED",
        "status": 5,
        "weight": 10
    }
},
{
    "model": "team.teamstatusreason",
    "pk": 12,
    "fields": {
        "old_sk_id": 18,
        "inserted": "2012-11-06T18:50:36Z",
        "inserted_by": null,
        "updated": "2022-03-10T02:24:02.388Z",
        "updated_by": null,
        "name": "ROSTER UPDATED",
        "status": 6,
        "weight": 11
    }
},
{
    "model": "team.teamstatusreason",
    "pk": 13,
    "fields": {
        "old_sk_id": 19,
        "inserted": "2013-09-08T17:55:34Z",
        "inserted_by": null,
        "updated": "2022-03-10T02:24:02.397Z",
        "updated_by": null,
        "name": "MISSING STAFF",
        "status": 20,
        "weight": 12
    }
},
{
    "model": "team.teamstatusreason",
    "pk": 14,
    "fields": {
        "old_sk_id": 20,
        "inserted": "2013-09-08T21:48:13Z",
        "inserted_by": null,
        "updated": "2022-03-10T02:24:02.406Z",
        "updated_by": null,
        "name": "REQUIRES PLYRS AND STF",
        "status": 7,
        "weight": 13
    }
},
{
    "model": "team.teamstatusreason",
    "pk": 15,
    "fields": {
        "old_sk_id": 21,
        "inserted": "2013-09-08T21:49:20Z",
        "inserted_by": null,
        "updated": "2022-03-10T02:24:02.418Z",
        "updated_by": null,
        "name": "REQUIRES BENCH STAFF",
        "status": 7,
        "weight": 14
    }
},
{
    "model": "team.teamstatusreason",
    "pk": 16,
    "fields": {
        "old_sk_id": 22,
        "inserted": "2013-09-08T21:50:23Z",
        "inserted_by": null,
        "updated": "2022-03-10T02:24:02.428Z",
        "updated_by": null,
        "name": "REQUIRE STF CERTIFICTN",
        "status": 7,
        "weight": 15
    }
},
{
    "model": "team.teamstatusreason",
    "pk": 17,
    "fields": {
        "old_sk_id": 23,
        "inserted": "2013-10-31T19:01:32Z",
        "inserted_by": null,
        "updated": "2022-03-10T02:24:02.440Z",
        "updated_by": null,
        "name": "REJECTED",
        "status": 20,
        "weight": 16
    }
},
{
    "model": "team.teamstatusreason",
    "pk": 18,
    "fields": {
        "old_sk_id": 24,
        "inserted": "2013-11-21T19:15:27Z",
        "inserted_by": null,
        "updated": "2022-03-10T02:24:02.454Z",
        "updated_by": null,
        "name": "MISSING STAFF",
        "status": 9,
        "weight": 17
    }
},
{
    "model": "team.teamstatusreason",
    "pk": 19,
    "fields": {
        "old_sk_id": 25,
        "inserted": "2013-11-21T19:59:41Z",
        "inserted_by": null,
        "updated": "2022-03-10T02:24:02.472Z",
        "updated_by": null,
        "name": "PLAYERS OK-MISSING STAFF",
        "status": 19,
        "weight": 18
    }
},
{
    "model": "team.teamstatusreason",
    "pk": 20,
    "fields": {
        "old_sk_id": 26,
        "inserted": "2013-11-27T14:35:40Z",
        "inserted_by": null,
        "updated": "2022-03-10T02:24:02.488Z",
        "updated_by": null,
        "name": "STAFF CHGS REQU'D",
        "status": 19,
        "weight": 19
    }
},
{
    "model": "team.teamstatusreason",
    "pk": 21,
    "fields": {
        "old_sk_id": 27,
        "inserted": "2014-10-06T19:23:33Z",
        "inserted_by": null,
        "updated": "2022-03-10T02:24:02.507Z",
        "updated_by": null,
        "name": "IN PROGRESS",
        "status": 10,
        "weight": 20
    }
},
{
    "model": "team.teamstatusreason",
    "pk": 22,
    "fields": {
        "old_sk_id": 28,
        "inserted": "2014-10-06T19:28:10Z",
        "inserted_by": null,
        "updated": "2022-03-10T02:24:02.521Z",
        "updated_by": null,
        "name": "IN PROGRESS",
        "status": 11,
        "weight": 21
    }
},
{
    "model": "team.teamstatusreason",
    "pk": 23,
    "fields": {
        "old_sk_id": 31,
        "inserted": "2014-11-28T15:01:31Z",
        "inserted_by": null,
        "updated": "2022-03-10T02:24:02.532Z",
        "updated_by": null,
        "name": "STAFF WILL BE REJECTED",
        "status": 17,
        "weight": 22
    }
},
{
    "model": "team.teamstatusreason",
    "pk": 24,
    "fields": {
        "old_sk_id": 34,
        "inserted": "2014-12-01T21:17:34Z",
        "inserted_by": null,
        "updated": "2022-03-10T02:24:02.545Z",
        "updated_by": null,
        "name": "REQUIRES DECLARATIONS",
        "status": 7,
        "weight": 23
    }
},
{
    "model": "team.teamstatusreason",
    "pk": 25,
    "fields": {
        "old_sk_id": 35,
        "inserted": "2014-12-02T21:28:40Z",
        "inserted_by": null,
        "updated": "2022-03-10T02:24:02.559Z",
        "updated_by": null,
        "name": "STAFF WILL BE REJECTED",
        "status": 18,
        "weight": 24
    }
},
{
    "model": "team.teamstatusreason",
    "pk": 26,
    "fields": {
        "old_sk_id": 36,
        "inserted": "2015-06-10T15:26:36Z",
        "inserted_by": null,
        "updated": "2022-03-10T02:24:02.571Z",
        "updated_by": null,
        "name": "WAITING ON PLAYERS",
        "status": 17,
        "weight": 25
    }
},
{
    "model": "team.teamstatusreason",
    "pk": 27,
    "fields": {
        "old_sk_id": 37,
        "inserted": "2015-07-07T13:20:41Z",
        "inserted_by": null,
        "updated": "2022-03-10T02:24:02.582Z",
        "updated_by": null,
        "name": "MISSING PLAYER(S)",
        "status": 19,
        "weight": 26
    }
},
{
    "model": "team.teamstatusreason",
    "pk": 28,
    "fields": {
        "old_sk_id": 38,
        "inserted": "2015-10-19T16:16:01Z",
        "inserted_by": null,
        "updated": "2022-03-10T02:24:02.594Z",
        "updated_by": null,
        "name": "STAFF REJECTED",
        "status": 9,
        "weight": 27
    }
},
{
    "model": "team.teamstatusreason",
    "pk": 29,
    "fields": {
        "old_sk_id": 39,
        "inserted": "2015-10-19T16:29:48Z",
        "inserted_by": null,
        "updated": "2022-03-10T02:24:02.607Z",
        "updated_by": null,
        "name": "NO GOALIE",
        "status": 20,
        "weight": 28
    }
},
{
    "model": "team.teamstatusreason",
    "pk": 30,
    "fields": {
        "old_sk_id": 40,
        "inserted": "2015-10-28T19:33:43Z",
        "inserted_by": null,
        "updated": "2022-03-10T02:24:02.618Z",
        "updated_by": null,
        "name": "NO GOALIE",
        "status": 19,
        "weight": 29
    }
},
{
    "model": "team.teamstatusreason",
    "pk": 31,
    "fields": {
        "old_sk_id": 41,
        "inserted": "2015-11-17T16:02:55Z",
        "inserted_by": null,
        "updated": "2022-03-10T02:24:02.629Z",
        "updated_by": null,
        "name": "ON-ICE VOLUNTEER(S)",
        "status": 19,
        "weight": 30
    }
},
{
    "model": "team.teamstatusreason",
    "pk": 32,
    "fields": {
        "old_sk_id": 42,
        "inserted": "2015-11-24T17:59:55Z",
        "inserted_by": null,
        "updated": "2022-03-10T02:24:02.640Z",
        "updated_by": null,
        "name": "TEAM & ON-ICE VOL'S",
        "status": 19,
        "weight": 31
    }
},
{
    "model": "team.teamstatusreason",
    "pk": 33,
    "fields": {
        "old_sk_id": 43,
        "inserted": "2015-12-09T19:40:16Z",
        "inserted_by": null,
        "updated": "2022-03-10T02:24:02.652Z",
        "updated_by": null,
        "name": "PLAYERS ONLY",
        "status": 18,
        "weight": 32
    }
},
{
    "model": "team.teamstatusreason",
    "pk": 34,
    "fields": {
        "old_sk_id": 44,
        "inserted": "2021-04-26T13:14:48Z",
        "inserted_by": null,
        "updated": "2022-03-10T02:24:02.665Z",
        "updated_by": null,
        "name": "REQUIRES POLICE CLEARANCE",
        "status": 7,
        "weight": 33
    }
},
{
    "model": "team.teamstatusreason",
    "pk": 35,
    "fields": {
        "old_sk_id": 1,
        "inserted": "2012-07-21T20:43:42.760Z",
        "inserted_by": null,
        "updated": "2022-03-10T02:24:02.678Z",
        "updated_by": null,
        "name": "N/A",
        "status": 15,
        "weight": 34
    }
},
{
    "model": "team.teamstatusreason",
    "pk": 36,
    "fields": {
        "old_sk_id": 2,
        "inserted": "2012-07-21T20:43:42.760Z",
        "inserted_by": null,
        "updated": "2022-03-10T02:24:02.693Z",
        "updated_by": null,
        "name": "N/A",
        "status": 17,
        "weight": 35
    }
},
{
    "model": "team.teamstatusreason",
    "pk": 37,
    "fields": {
        "old_sk_id": 3,
        "inserted": "2012-07-21T20:43:42.760Z",
        "inserted_by": null,
        "updated": "2022-03-10T02:24:02.704Z",
        "updated_by": null,
        "name": "N/A",
        "status": 18,
        "weight": 36
    }
},
{
    "model": "team.teamstatusreason",
    "pk": 38,
    "fields": {
        "old_sk_id": 4,
        "inserted": "2012-07-21T20:43:42.760Z",
        "inserted_by": null,
        "updated": "2022-03-10T02:24:02.718Z",
        "updated_by": null,
        "name": "N/A",
        "status": 19,
        "weight": 37
    }
},
{
    "model": "team.teamstatusreason",
    "pk": 39,
    "fields": {
        "old_sk_id": 5,
        "inserted": "2012-07-21T20:43:42.760Z",
        "inserted_by": null,
        "updated": "2022-03-10T02:24:02.729Z",
        "updated_by": null,
        "name": "CERTIFICATIONS REQUIRED",
        "status": 20,
        "weight": 38
    }
}
]
