[
{
    "model": "team.team",
    "pk": 1,
    "fields": {
        "old_sk_id": null,
        "inserted": "2022-01-01T05:00:00Z",
        "inserted_by": null,
        "updated": "2022-01-01T05:00:00Z",
        "updated_by": null,
        "hockey_canada_id": null,
        "hockey_canada_system_id": null,
        "season": 1,
        "league": 1,
        "division": 1,
        "subdivision": 1,
        "name": "Graham",
        "number": 0,
        "status": 21,
        "old_teamseason_id": null,
        "players_has_changed_flag": false,
        "staff_has_changed_flag": true,
        "jersey_home": "",
        "jersey_away": "",
        "submitted": false,
        "submitted_date": null,
        "approved": false,
        "active": true,
        "draft_start_position": 1,
        "weight": 0
    }
},
{
    "model": "team.team",
    "pk": 2,
    "fields": {
        "old_sk_id": null,
        "inserted": "2022-01-01T05:00:00Z",
        "inserted_by": null,
        "updated": "2022-01-01T05:00:00Z",
        "updated_by": null,
        "hockey_canada_id": null,
        "hockey_canada_system_id": null,
        "season": 1,
        "league": 1,
        "division": 1,
        "subdivision": 1,
        "name": "Henry",
        "number": 0,
        "status": 21,
        "old_teamseason_id": null,
        "players_has_changed_flag": false,
        "staff_has_changed_flag": true,
        "jersey_home": "",
        "jersey_away": "",
        "submitted": false,
        "submitted_date": null,
        "approved": false,
        "active": true,
        "draft_start_position": 1,
        "weight": 1
    }
},
{
    "model": "team.team",
    "pk": 3,
    "fields": {
        "old_sk_id": null,
        "inserted": "2022-01-01T05:00:00Z",
        "inserted_by": null,
        "updated": "2022-01-01T05:00:00Z",
        "updated_by": null,
        "hockey_canada_id": null,
        "hockey_canada_system_id": null,
        "season": 1,
        "league": 1,
        "division": 1,
        "subdivision": 2,
        "name": "Graham",
        "number": 0,
        "status": 21,
        "old_teamseason_id": null,
        "players_has_changed_flag": false,
        "staff_has_changed_flag": true,
        "jersey_home": "",
        "jersey_away": "",
        "submitted": false,
        "submitted_date": null,
        "approved": false,
        "active": true,
        "draft_start_position": 1,
        "weight": 2
    }
},
{
    "model": "team.team",
    "pk": 4,
    "fields": {
        "old_sk_id": null,
        "inserted": "2022-01-01T05:00:00Z",
        "inserted_by": null,
        "updated": "2022-01-01T05:00:00Z",
        "updated_by": null,
        "hockey_canada_id": null,
        "hockey_canada_system_id": null,
        "season": 1,
        "league": 1,
        "division": 1,
        "subdivision": 2,
        "name": "Henry",
        "number": 0,
        "status": 21,
        "old_teamseason_id": null,
        "players_has_changed_flag": false,
        "staff_has_changed_flag": true,
        "jersey_home": "",
        "jersey_away": "",
        "submitted": false,
        "submitted_date": null,
        "approved": false,
        "active": true,
        "draft_start_position": 1,
        "weight": 3
    }
},
{
    "model": "team.team",
    "pk": 5,
    "fields": {
        "old_sk_id": null,
        "inserted": "2022-01-01T05:00:00Z",
        "inserted_by": null,
        "updated": "2022-01-01T05:00:00Z",
        "updated_by": null,
        "hockey_canada_id": null,
        "hockey_canada_system_id": null,
        "season": 1,
        "league": 1,
        "division": 2,
        "subdivision": 3,
        "name": "Graham",
        "number": 0,
        "status": 21,
        "old_teamseason_id": null,
        "players_has_changed_flag": false,
        "staff_has_changed_flag": true,
        "jersey_home": "",
        "jersey_away": "",
        "submitted": false,
        "submitted_date": null,
        "approved": false,
        "active": true,
        "draft_start_position": 1,
        "weight": 4
    }
},
{
    "model": "team.team",
    "pk": 6,
    "fields": {
        "old_sk_id": null,
        "inserted": "2022-01-01T05:00:00Z",
        "inserted_by": null,
        "updated": "2022-01-01T05:00:00Z",
        "updated_by": null,
        "hockey_canada_id": null,
        "hockey_canada_system_id": null,
        "season": 1,
        "league": 1,
        "division": 2,
        "subdivision": 3,
        "name": "Henry",
        "number": 0,
        "status": 21,
        "old_teamseason_id": null,
        "players_has_changed_flag": false,
        "staff_has_changed_flag": true,
        "jersey_home": "",
        "jersey_away": "",
        "submitted": false,
        "submitted_date": null,
        "approved": false,
        "active": true,
        "draft_start_position": 1,
        "weight": 5
    }
},
{
    "model": "team.team",
    "pk": 7,
    "fields": {
        "old_sk_id": null,
        "inserted": "2022-01-01T05:00:00Z",
        "inserted_by": null,
        "updated": "2022-01-01T05:00:00Z",
        "updated_by": null,
        "hockey_canada_id": null,
        "hockey_canada_system_id": null,
        "season": 1,
        "league": 1,
        "division": 2,
        "subdivision": 4,
        "name": "Graham",
        "number": 0,
        "status": 21,
        "old_teamseason_id": null,
        "players_has_changed_flag": false,
        "staff_has_changed_flag": true,
        "jersey_home": "",
        "jersey_away": "",
        "submitted": false,
        "submitted_date": null,
        "approved": false,
        "active": true,
        "draft_start_position": 1,
        "weight": 6
    }
},
{
    "model": "team.team",
    "pk": 8,
    "fields": {
        "old_sk_id": null,
        "inserted": "2022-01-01T05:00:00Z",
        "inserted_by": null,
        "updated": "2022-01-01T05:00:00Z",
        "updated_by": null,
        "hockey_canada_id": null,
        "hockey_canada_system_id": null,
        "season": 1,
        "league": 1,
        "division": 2,
        "subdivision": 4,
        "name": "Henry",
        "number": 0,
        "status": 21,
        "old_teamseason_id": null,
        "players_has_changed_flag": false,
        "staff_has_changed_flag": true,
        "jersey_home": "",
        "jersey_away": "",
        "submitted": false,
        "submitted_date": null,
        "approved": false,
        "active": true,
        "draft_start_position": 1,
        "weight": 7
    }
},
{
    "model": "team.team",
    "pk": 9,
    "fields": {
        "old_sk_id": null,
        "inserted": "2022-01-01T05:00:00Z",
        "inserted_by": null,
        "updated": "2022-01-01T05:00:00Z",
        "updated_by": null,
        "hockey_canada_id": null,
        "hockey_canada_system_id": null,
        "season": 1,
        "league": 2,
        "division": 3,
        "subdivision": 5,
        "name": "Graham",
        "number": 0,
        "status": 21,
        "old_teamseason_id": null,
        "players_has_changed_flag": false,
        "staff_has_changed_flag": true,
        "jersey_home": "",
        "jersey_away": "",
        "submitted": false,
        "submitted_date": null,
        "approved": false,
        "active": true,
        "draft_start_position": 1,
        "weight": 8
    }
},
{
    "model": "team.team",
    "pk": 10,
    "fields": {
        "old_sk_id": null,
        "inserted": "2022-01-01T05:00:00Z",
        "inserted_by": null,
        "updated": "2022-01-01T05:00:00Z",
        "updated_by": null,
        "hockey_canada_id": null,
        "hockey_canada_system_id": null,
        "season": 1,
        "league": 2,
        "division": 3,
        "subdivision": 5,
        "name": "Henry",
        "number": 0,
        "status": 21,
        "old_teamseason_id": null,
        "players_has_changed_flag": false,
        "staff_has_changed_flag": true,
        "jersey_home": "",
        "jersey_away": "",
        "submitted": false,
        "submitted_date": null,
        "approved": false,
        "active": true,
        "draft_start_position": 1,
        "weight": 9
    }
},
{
    "model": "team.team",
    "pk": 11,
    "fields": {
        "old_sk_id": null,
        "inserted": "2022-01-01T05:00:00Z",
        "inserted_by": null,
        "updated": "2022-01-01T05:00:00Z",
        "updated_by": null,
        "hockey_canada_id": null,
        "hockey_canada_system_id": null,
        "season": 1,
        "league": 2,
        "division": 3,
        "subdivision": 6,
        "name": "Graham",
        "number": 0,
        "status": 21,
        "old_teamseason_id": null,
        "players_has_changed_flag": false,
        "staff_has_changed_flag": true,
        "jersey_home": "",
        "jersey_away": "",
        "submitted": false,
        "submitted_date": null,
        "approved": false,
        "active": true,
        "draft_start_position": 1,
        "weight": 10
    }
},
{
    "model": "team.team",
    "pk": 12,
    "fields": {
        "old_sk_id": null,
        "inserted": "2022-01-01T05:00:00Z",
        "inserted_by": null,
        "updated": "2022-01-01T05:00:00Z",
        "updated_by": null,
        "hockey_canada_id": null,
        "hockey_canada_system_id": null,
        "season": 1,
        "league": 2,
        "division": 3,
        "subdivision": 6,
        "name": "Henry",
        "number": 0,
        "status": 21,
        "old_teamseason_id": null,
        "players_has_changed_flag": false,
        "staff_has_changed_flag": true,
        "jersey_home": "",
        "jersey_away": "",
        "submitted": false,
        "submitted_date": null,
        "approved": false,
        "active": true,
        "draft_start_position": 1,
        "weight": 11
    }
},
{
    "model": "team.team",
    "pk": 13,
    "fields": {
        "old_sk_id": null,
        "inserted": "2022-01-01T05:00:00Z",
        "inserted_by": null,
        "updated": "2022-01-01T05:00:00Z",
        "updated_by": null,
        "hockey_canada_id": null,
        "hockey_canada_system_id": null,
        "season": 1,
        "league": 2,
        "division": 4,
        "subdivision": 7,
        "name": "Graham",
        "number": 0,
        "status": 21,
        "old_teamseason_id": null,
        "players_has_changed_flag": false,
        "staff_has_changed_flag": true,
        "jersey_home": "",
        "jersey_away": "",
        "submitted": false,
        "submitted_date": null,
        "approved": false,
        "active": true,
        "draft_start_position": 1,
        "weight": 12
    }
},
{
    "model": "team.team",
    "pk": 14,
    "fields": {
        "old_sk_id": null,
        "inserted": "2022-01-01T05:00:00Z",
        "inserted_by": null,
        "updated": "2022-01-01T05:00:00Z",
        "updated_by": null,
        "hockey_canada_id": null,
        "hockey_canada_system_id": null,
        "season": 1,
        "league": 2,
        "division": 4,
        "subdivision": 7,
        "name": "Henry",
        "number": 0,
        "status": 21,
        "old_teamseason_id": null,
        "players_has_changed_flag": false,
        "staff_has_changed_flag": true,
        "jersey_home": "",
        "jersey_away": "",
        "submitted": false,
        "submitted_date": null,
        "approved": false,
        "active": true,
        "draft_start_position": 1,
        "weight": 13
    }
},
{
    "model": "team.team",
    "pk": 15,
    "fields": {
        "old_sk_id": null,
        "inserted": "2022-01-01T05:00:00Z",
        "inserted_by": null,
        "updated": "2022-01-01T05:00:00Z",
        "updated_by": null,
        "hockey_canada_id": null,
        "hockey_canada_system_id": null,
        "season": 1,
        "league": 2,
        "division": 4,
        "subdivision": 8,
        "name": "Graham",
        "number": 0,
        "status": 21,
        "old_teamseason_id": null,
        "players_has_changed_flag": false,
        "staff_has_changed_flag": true,
        "jersey_home": "",
        "jersey_away": "",
        "submitted": false,
        "submitted_date": null,
        "approved": false,
        "active": true,
        "draft_start_position": 1,
        "weight": 14
    }
},
{
    "model": "team.team",
    "pk": 16,
    "fields": {
        "old_sk_id": null,
        "inserted": "2022-01-01T05:00:00Z",
        "inserted_by": null,
        "updated": "2022-01-01T05:00:00Z",
        "updated_by": null,
        "hockey_canada_id": null,
        "hockey_canada_system_id": null,
        "season": 1,
        "league": 2,
        "division": 4,
        "subdivision": 8,
        "name": "Henry",
        "number": 0,
        "status": 21,
        "old_teamseason_id": null,
        "players_has_changed_flag": false,
        "staff_has_changed_flag": true,
        "jersey_home": "",
        "jersey_away": "",
        "submitted": false,
        "submitted_date": null,
        "approved": false,
        "active": true,
        "draft_start_position": 1,
        "weight": 15
    }
},
{
    "model": "team.team",
    "pk": 17,
    "fields": {
        "old_sk_id": null,
        "inserted": "2022-01-01T05:00:00Z",
        "inserted_by": null,
        "updated": "2022-01-01T05:00:00Z",
        "updated_by": null,
        "hockey_canada_id": null,
        "hockey_canada_system_id": null,
        "season": 2,
        "league": 3,
        "division": 5,
        "subdivision": 9,
        "name": "Graham",
        "number": 0,
        "status": 21,
        "old_teamseason_id": null,
        "players_has_changed_flag": false,
        "staff_has_changed_flag": true,
        "jersey_home": "",
        "jersey_away": "",
        "submitted": false,
        "submitted_date": null,
        "approved": false,
        "active": true,
        "draft_start_position": 1,
        "weight": 0
    }
},
{
    "model": "team.team",
    "pk": 18,
    "fields": {
        "old_sk_id": null,
        "inserted": "2022-01-01T05:00:00Z",
        "inserted_by": null,
        "updated": "2022-01-01T05:00:00Z",
        "updated_by": null,
        "hockey_canada_id": null,
        "hockey_canada_system_id": null,
        "season": 2,
        "league": 3,
        "division": 5,
        "subdivision": 9,
        "name": "Henry",
        "number": 0,
        "status": 21,
        "old_teamseason_id": null,
        "players_has_changed_flag": false,
        "staff_has_changed_flag": true,
        "jersey_home": "",
        "jersey_away": "",
        "submitted": false,
        "submitted_date": null,
        "approved": false,
        "active": true,
        "draft_start_position": 1,
        "weight": 1
    }
},
{
    "model": "team.team",
    "pk": 19,
    "fields": {
        "old_sk_id": null,
        "inserted": "2022-01-01T05:00:00Z",
        "inserted_by": null,
        "updated": "2022-01-01T05:00:00Z",
        "updated_by": null,
        "hockey_canada_id": null,
        "hockey_canada_system_id": null,
        "season": 2,
        "league": 3,
        "division": 5,
        "subdivision": 10,
        "name": "Graham",
        "number": 0,
        "status": 21,
        "old_teamseason_id": null,
        "players_has_changed_flag": false,
        "staff_has_changed_flag": true,
        "jersey_home": "",
        "jersey_away": "",
        "submitted": false,
        "submitted_date": null,
        "approved": false,
        "active": true,
        "draft_start_position": 1,
        "weight": 2
    }
},
{
    "model": "team.team",
    "pk": 20,
    "fields": {
        "old_sk_id": null,
        "inserted": "2022-01-01T05:00:00Z",
        "inserted_by": null,
        "updated": "2022-01-01T05:00:00Z",
        "updated_by": null,
        "hockey_canada_id": null,
        "hockey_canada_system_id": null,
        "season": 2,
        "league": 3,
        "division": 5,
        "subdivision": 10,
        "name": "Henry",
        "number": 0,
        "status": 21,
        "old_teamseason_id": null,
        "players_has_changed_flag": false,
        "staff_has_changed_flag": true,
        "jersey_home": "",
        "jersey_away": "",
        "submitted": false,
        "submitted_date": null,
        "approved": false,
        "active": true,
        "draft_start_position": 1,
        "weight": 3
    }
},
{
    "model": "team.team",
    "pk": 21,
    "fields": {
        "old_sk_id": null,
        "inserted": "2022-01-01T05:00:00Z",
        "inserted_by": null,
        "updated": "2022-01-01T05:00:00Z",
        "updated_by": null,
        "hockey_canada_id": null,
        "hockey_canada_system_id": null,
        "season": 2,
        "league": 3,
        "division": 6,
        "subdivision": 11,
        "name": "Graham",
        "number": 0,
        "status": 21,
        "old_teamseason_id": null,
        "players_has_changed_flag": false,
        "staff_has_changed_flag": true,
        "jersey_home": "",
        "jersey_away": "",
        "submitted": false,
        "submitted_date": null,
        "approved": false,
        "active": true,
        "draft_start_position": 1,
        "weight": 4
    }
},
{
    "model": "team.team",
    "pk": 22,
    "fields": {
        "old_sk_id": null,
        "inserted": "2022-01-01T05:00:00Z",
        "inserted_by": null,
        "updated": "2022-01-01T05:00:00Z",
        "updated_by": null,
        "hockey_canada_id": null,
        "hockey_canada_system_id": null,
        "season": 2,
        "league": 3,
        "division": 6,
        "subdivision": 11,
        "name": "Henry",
        "number": 0,
        "status": 21,
        "old_teamseason_id": null,
        "players_has_changed_flag": false,
        "staff_has_changed_flag": true,
        "jersey_home": "",
        "jersey_away": "",
        "submitted": false,
        "submitted_date": null,
        "approved": false,
        "active": true,
        "draft_start_position": 1,
        "weight": 5
    }
},
{
    "model": "team.team",
    "pk": 23,
    "fields": {
        "old_sk_id": null,
        "inserted": "2022-01-01T05:00:00Z",
        "inserted_by": null,
        "updated": "2022-01-01T05:00:00Z",
        "updated_by": null,
        "hockey_canada_id": null,
        "hockey_canada_system_id": null,
        "season": 2,
        "league": 3,
        "division": 6,
        "subdivision": 12,
        "name": "Graham",
        "number": 0,
        "status": 21,
        "old_teamseason_id": null,
        "players_has_changed_flag": false,
        "staff_has_changed_flag": true,
        "jersey_home": "",
        "jersey_away": "",
        "submitted": false,
        "submitted_date": null,
        "approved": false,
        "active": true,
        "draft_start_position": 1,
        "weight": 6
    }
},
{
    "model": "team.team",
    "pk": 24,
    "fields": {
        "old_sk_id": null,
        "inserted": "2022-01-01T05:00:00Z",
        "inserted_by": null,
        "updated": "2022-01-01T05:00:00Z",
        "updated_by": null,
        "hockey_canada_id": null,
        "hockey_canada_system_id": null,
        "season": 2,
        "league": 3,
        "division": 6,
        "subdivision": 12,
        "name": "Henry",
        "number": 0,
        "status": 21,
        "old_teamseason_id": null,
        "players_has_changed_flag": false,
        "staff_has_changed_flag": true,
        "jersey_home": "",
        "jersey_away": "",
        "submitted": false,
        "submitted_date": null,
        "approved": false,
        "active": true,
        "draft_start_position": 1,
        "weight": 7
    }
},
{
    "model": "team.team",
    "pk": 25,
    "fields": {
        "old_sk_id": null,
        "inserted": "2022-01-01T05:00:00Z",
        "inserted_by": null,
        "updated": "2022-01-01T05:00:00Z",
        "updated_by": null,
        "hockey_canada_id": null,
        "hockey_canada_system_id": null,
        "season": 2,
        "league": 4,
        "division": 7,
        "subdivision": 13,
        "name": "Graham",
        "number": 0,
        "status": 21,
        "old_teamseason_id": null,
        "players_has_changed_flag": false,
        "staff_has_changed_flag": true,
        "jersey_home": "",
        "jersey_away": "",
        "submitted": false,
        "submitted_date": null,
        "approved": false,
        "active": true,
        "draft_start_position": 1,
        "weight": 8
    }
},
{
    "model": "team.team",
    "pk": 26,
    "fields": {
        "old_sk_id": null,
        "inserted": "2022-01-01T05:00:00Z",
        "inserted_by": null,
        "updated": "2022-01-01T05:00:00Z",
        "updated_by": null,
        "hockey_canada_id": null,
        "hockey_canada_system_id": null,
        "season": 2,
        "league": 4,
        "division": 7,
        "subdivision": 13,
        "name": "Henry",
        "number": 0,
        "status": 21,
        "old_teamseason_id": null,
        "players_has_changed_flag": false,
        "staff_has_changed_flag": true,
        "jersey_home": "",
        "jersey_away": "",
        "submitted": false,
        "submitted_date": null,
        "approved": false,
        "active": true,
        "draft_start_position": 1,
        "weight": 9
    }
},
{
    "model": "team.team",
    "pk": 27,
    "fields": {
        "old_sk_id": null,
        "inserted": "2022-01-01T05:00:00Z",
        "inserted_by": null,
        "updated": "2022-01-01T05:00:00Z",
        "updated_by": null,
        "hockey_canada_id": null,
        "hockey_canada_system_id": null,
        "season": 2,
        "league": 4,
        "division": 7,
        "subdivision": 14,
        "name": "Graham",
        "number": 0,
        "status": 21,
        "old_teamseason_id": null,
        "players_has_changed_flag": false,
        "staff_has_changed_flag": true,
        "jersey_home": "",
        "jersey_away": "",
        "submitted": false,
        "submitted_date": null,
        "approved": false,
        "active": true,
        "draft_start_position": 1,
        "weight": 10
    }
},
{
    "model": "team.team",
    "pk": 28,
    "fields": {
        "old_sk_id": null,
        "inserted": "2022-01-01T05:00:00Z",
        "inserted_by": null,
        "updated": "2022-01-01T05:00:00Z",
        "updated_by": null,
        "hockey_canada_id": null,
        "hockey_canada_system_id": null,
        "season": 2,
        "league": 4,
        "division": 7,
        "subdivision": 14,
        "name": "Henry",
        "number": 0,
        "status": 21,
        "old_teamseason_id": null,
        "players_has_changed_flag": false,
        "staff_has_changed_flag": true,
        "jersey_home": "",
        "jersey_away": "",
        "submitted": false,
        "submitted_date": null,
        "approved": false,
        "active": true,
        "draft_start_position": 1,
        "weight": 11
    }
},
{
    "model": "team.team",
    "pk": 29,
    "fields": {
        "old_sk_id": null,
        "inserted": "2022-01-01T05:00:00Z",
        "inserted_by": null,
        "updated": "2022-01-01T05:00:00Z",
        "updated_by": null,
        "hockey_canada_id": null,
        "hockey_canada_system_id": null,
        "season": 2,
        "league": 4,
        "division": 8,
        "subdivision": 15,
        "name": "Graham",
        "number": 0,
        "status": 21,
        "old_teamseason_id": null,
        "players_has_changed_flag": false,
        "staff_has_changed_flag": true,
        "jersey_home": "",
        "jersey_away": "",
        "submitted": false,
        "submitted_date": null,
        "approved": false,
        "active": true,
        "draft_start_position": 1,
        "weight": 12
    }
},
{
    "model": "team.team",
    "pk": 30,
    "fields": {
        "old_sk_id": null,
        "inserted": "2022-01-01T05:00:00Z",
        "inserted_by": null,
        "updated": "2022-01-01T05:00:00Z",
        "updated_by": null,
        "hockey_canada_id": null,
        "hockey_canada_system_id": null,
        "season": 2,
        "league": 4,
        "division": 8,
        "subdivision": 15,
        "name": "Henry",
        "number": 0,
        "status": 21,
        "old_teamseason_id": null,
        "players_has_changed_flag": false,
        "staff_has_changed_flag": true,
        "jersey_home": "",
        "jersey_away": "",
        "submitted": false,
        "submitted_date": null,
        "approved": false,
        "active": true,
        "draft_start_position": 1,
        "weight": 13
    }
},
{
    "model": "team.team",
    "pk": 31,
    "fields": {
        "old_sk_id": null,
        "inserted": "2022-01-01T05:00:00Z",
        "inserted_by": null,
        "updated": "2022-01-01T05:00:00Z",
        "updated_by": null,
        "hockey_canada_id": null,
        "hockey_canada_system_id": null,
        "season": 2,
        "league": 4,
        "division": 8,
        "subdivision": 16,
        "name": "Graham",
        "number": 0,
        "status": 21,
        "old_teamseason_id": null,
        "players_has_changed_flag": false,
        "staff_has_changed_flag": true,
        "jersey_home": "",
        "jersey_away": "",
        "submitted": false,
        "submitted_date": null,
        "approved": false,
        "active": true,
        "draft_start_position": 1,
        "weight": 14
    }
},
{
    "model": "team.team",
    "pk": 32,
    "fields": {
        "old_sk_id": null,
        "inserted": "2022-01-01T05:00:00Z",
        "inserted_by": null,
        "updated": "2022-01-01T05:00:00Z",
        "updated_by": null,
        "hockey_canada_id": null,
        "hockey_canada_system_id": null,
        "season": 2,
        "league": 4,
        "division": 8,
        "subdivision": 16,
        "name": "Henry",
        "number": 0,
        "status": 21,
        "old_teamseason_id": null,
        "players_has_changed_flag": false,
        "staff_has_changed_flag": true,
        "jersey_home": "",
        "jersey_away": "",
        "submitted": false,
        "submitted_date": null,
        "approved": false,
        "active": true,
        "draft_start_position": 1,
        "weight": 15
    }
},
{
    "model": "team.stafftype",
    "pk": 21,
    "fields": {
        "old_sk_id": null,
        "inserted": "2022-01-01T05:00:00Z",
        "inserted_by": null,
        "updated": "2022-01-01T05:00:00Z",
        "updated_by": null,
        "team_can_edit": true,
        "team_can_vote": false,
        "name": "Manager",
        "weight": 0,
        "required": false,
        "web_access": false,
        "change_causes_staff_flag_on_team_to_enable": true
    }
},
{
    "model": "team.stafftype",
    "pk": 22,
    "fields": {
        "old_sk_id": null,
        "inserted": "2022-01-01T05:00:00Z",
        "inserted_by": null,
        "updated": "2022-01-01T05:00:00Z",
        "updated_by": null,
        "team_can_edit": true,
        "team_can_vote": false,
        "name": "Coach",
        "weight": 1,
        "required": false,
        "web_access": false,
        "change_causes_staff_flag_on_team_to_enable": true
    }
},
{
    "model": "team.stafftype",
    "pk": 23,
    "fields": {
        "old_sk_id": null,
        "inserted": "2022-01-01T05:00:00Z",
        "inserted_by": null,
        "updated": "2022-01-01T05:00:00Z",
        "updated_by": null,
        "team_can_edit": true,
        "team_can_vote": false,
        "name": "Convenor",
        "weight": 2,
        "required": false,
        "web_access": false,
        "change_causes_staff_flag_on_team_to_enable": true
    }
},
{
    "model": "team.stafftype",
    "pk": 24,
    "fields": {
        "old_sk_id": null,
        "inserted": "2022-01-01T05:00:00Z",
        "inserted_by": null,
        "updated": "2022-01-01T05:00:00Z",
        "updated_by": null,
        "team_can_edit": true,
        "team_can_vote": false,
        "name": "VP",
        "weight": 3,
        "required": false,
        "web_access": false,
        "change_causes_staff_flag_on_team_to_enable": true
    }
},
{
    "model": "team.stafftype",
    "pk": 25,
    "fields": {
        "old_sk_id": null,
        "inserted": "2022-01-01T05:00:00Z",
        "inserted_by": null,
        "updated": "2022-01-01T05:00:00Z",
        "updated_by": null,
        "team_can_edit": true,
        "team_can_vote": false,
        "name": "Admin",
        "weight": 4,
        "required": false,
        "web_access": false,
        "change_causes_staff_flag_on_team_to_enable": true
    }
},
{
    "model": "team.staffstatus",
    "pk": 1,
    "fields": {
        "old_sk_id": 9,
        "inserted": "2014-09-24T20:52:56Z",
        "inserted_by": null,
        "updated": "2014-09-24T20:54:31Z",
        "updated_by": null,
        "name": "NEW",
        "weight": 0,
        "include_in_roster_export": true
    }
},
{
    "model": "team.staffstatus",
    "pk": 2,
    "fields": {
        "old_sk_id": 1,
        "inserted": "2012-07-03T09:54:05.640Z",
        "inserted_by": null,
        "updated": "2012-07-03T09:54:05.640Z",
        "updated_by": null,
        "name": "INPROGRESS",
        "weight": 1,
        "include_in_roster_export": true
    }
},
{
    "model": "team.staffstatus",
    "pk": 3,
    "fields": {
        "old_sk_id": 6,
        "inserted": "2012-10-01T21:21:22Z",
        "inserted_by": null,
        "updated": "2014-09-24T20:53:28Z",
        "updated_by": null,
        "name": "TRANSFER REQUIRED",
        "weight": 2,
        "include_in_roster_export": true
    }
},
{
    "model": "team.staffstatus",
    "pk": 4,
    "fields": {
        "old_sk_id": 7,
        "inserted": "2013-09-08T22:15:50Z",
        "inserted_by": null,
        "updated": "2014-09-24T20:54:17Z",
        "updated_by": null,
        "name": "AWAITING CERTIFICATIONS",
        "weight": 3,
        "include_in_roster_export": true
    }
},
{
    "model": "team.staffstatus",
    "pk": 5,
    "fields": {
        "old_sk_id": 8,
        "inserted": "2013-09-08T22:17:40Z",
        "inserted_by": null,
        "updated": "2014-09-24T20:53:46Z",
        "updated_by": null,
        "name": "CHECK CERTIFICATIONS",
        "weight": 4,
        "include_in_roster_export": true
    }
},
{
    "model": "team.staffstatus",
    "pk": 6,
    "fields": {
        "old_sk_id": 10,
        "inserted": "2014-10-06T19:11:42Z",
        "inserted_by": null,
        "updated": "2015-03-05T20:33:13Z",
        "updated_by": null,
        "name": "DECLARATION REQUIRED",
        "weight": 5,
        "include_in_roster_export": true
    }
},
{
    "model": "team.staffstatus",
    "pk": 7,
    "fields": {
        "old_sk_id": 11,
        "inserted": "2015-03-05T20:32:35Z",
        "inserted_by": null,
        "updated": "2015-03-05T20:32:51Z",
        "updated_by": null,
        "name": "PC REQUIRED",
        "weight": 6,
        "include_in_roster_export": true
    }
},
{
    "model": "team.staffstatus",
    "pk": 8,
    "fields": {
        "old_sk_id": 2,
        "inserted": "2012-07-03T09:54:05.640Z",
        "inserted_by": null,
        "updated": "2012-07-03T09:54:05.640Z",
        "updated_by": null,
        "name": "READY TO SUBMIT",
        "weight": 7,
        "include_in_roster_export": true
    }
},
{
    "model": "team.staffstatus",
    "pk": 9,
    "fields": {
        "old_sk_id": 3,
        "inserted": "2012-07-03T09:54:05.640Z",
        "inserted_by": null,
        "updated": "2012-07-03T09:54:05.640Z",
        "updated_by": null,
        "name": "SUBMITTED",
        "weight": 8,
        "include_in_roster_export": true
    }
},
{
    "model": "team.staffstatus",
    "pk": 10,
    "fields": {
        "old_sk_id": 4,
        "inserted": "2012-07-03T09:54:05.640Z",
        "inserted_by": null,
        "updated": "2012-07-03T09:54:05.640Z",
        "updated_by": null,
        "name": "APPROVED",
        "weight": 9,
        "include_in_roster_export": true
    }
},
{
    "model": "team.staffstatus",
    "pk": 11,
    "fields": {
        "old_sk_id": 5,
        "inserted": "2012-07-03T09:54:05.640Z",
        "inserted_by": null,
        "updated": "2012-07-03T09:54:05.640Z",
        "updated_by": null,
        "name": "REJECTED",
        "weight": 10,
        "include_in_roster_export": true
    }
},
{
    "model": "team.staffstatus",
    "pk": 12,
    "fields": {
        "old_sk_id": null,
        "inserted": "2022-01-01T05:00:00Z",
        "inserted_by": null,
        "updated": "2022-01-01T05:00:00Z",
        "updated_by": null,
        "name": "APPROVED",
        "weight": 11,
        "include_in_roster_export": true
    }
},
{
    "model": "team.staffstatusreason",
    "pk": 1,
    "fields": {
        "old_sk_id": 1,
        "inserted": "2012-07-21T21:38:29.157Z",
        "inserted_by": null,
        "updated": "2012-07-21T21:38:29.157Z",
        "updated_by": null,
        "name": "OK",
        "weight": 0
    }
},
{
    "model": "team.staffstatusreason",
    "pk": 2,
    "fields": {
        "old_sk_id": 2,
        "inserted": "2012-07-21T21:38:29.157Z",
        "inserted_by": null,
        "updated": "2012-07-21T21:38:29.157Z",
        "updated_by": null,
        "name": "CERTIFICATIONS REQUIRED",
        "weight": 1
    }
},
{
    "model": "team.staff",
    "pk": 1,
    "fields": {
        "old_sk_id": null,
        "inserted": "2022-01-01T05:00:00Z",
        "inserted_by": null,
        "updated": "2022-01-01T05:00:00Z",
        "updated_by": null,
        "season": 1,
        "league": null,
        "division": null,
        "subdivision": null,
        "team": null,
        "user": 1,
        "type": 25,
        "status": 12,
        "importer": false,
        "affiliate": false,
        "tryout": false,
        "registration_date": null,
        "release_date": null
    }
},
{
    "model": "team.staff",
    "pk": 2,
    "fields": {
        "old_sk_id": null,
        "inserted": "2022-01-01T05:00:00Z",
        "inserted_by": null,
        "updated": "2022-01-01T05:00:00Z",
        "updated_by": null,
        "season": 1,
        "league": 1,
        "division": null,
        "subdivision": null,
        "team": null,
        "user": 2,
        "type": 24,
        "status": 12,
        "importer": false,
        "affiliate": false,
        "tryout": false,
        "registration_date": null,
        "release_date": null
    }
},
{
    "model": "team.staff",
    "pk": 3,
    "fields": {
        "old_sk_id": null,
        "inserted": "2022-01-01T05:00:00Z",
        "inserted_by": null,
        "updated": "2022-01-01T05:00:00Z",
        "updated_by": null,
        "season": 1,
        "league": 1,
        "division": 1,
        "subdivision": null,
        "team": null,
        "user": 3,
        "type": 24,
        "status": 12,
        "importer": false,
        "affiliate": false,
        "tryout": false,
        "registration_date": null,
        "release_date": null
    }
},
{
    "model": "team.staff",
    "pk": 4,
    "fields": {
        "old_sk_id": null,
        "inserted": "2022-01-01T05:00:00Z",
        "inserted_by": null,
        "updated": "2022-01-01T05:00:00Z",
        "updated_by": null,
        "season": 1,
        "league": 1,
        "division": 1,
        "subdivision": 1,
        "team": null,
        "user": 4,
        "type": 23,
        "status": 12,
        "importer": false,
        "affiliate": false,
        "tryout": false,
        "registration_date": null,
        "release_date": null
    }
},
{
    "model": "team.staff",
    "pk": 5,
    "fields": {
        "old_sk_id": null,
        "inserted": "2022-01-01T05:00:00Z",
        "inserted_by": null,
        "updated": "2022-01-01T05:00:00Z",
        "updated_by": null,
        "season": 1,
        "league": 1,
        "division": 1,
        "subdivision": 1,
        "team": 1,
        "user": 5,
        "type": 22,
        "status": 12,
        "importer": false,
        "affiliate": false,
        "tryout": false,
        "registration_date": null,
        "release_date": null
    }
},
{
    "model": "team.staff",
    "pk": 6,
    "fields": {
        "old_sk_id": null,
        "inserted": "2022-01-01T05:00:00Z",
        "inserted_by": null,
        "updated": "2022-01-01T05:00:00Z",
        "updated_by": null,
        "season": 1,
        "league": 1,
        "division": 1,
        "subdivision": 1,
        "team": 1,
        "user": 6,
        "type": 21,
        "status": 12,
        "importer": false,
        "affiliate": false,
        "tryout": false,
        "registration_date": null,
        "release_date": null
    }
},
{
    "model": "team.staff",
    "pk": 7,
    "fields": {
        "old_sk_id": null,
        "inserted": "2022-01-01T05:00:00Z",
        "inserted_by": null,
        "updated": "2022-01-01T05:00:00Z",
        "updated_by": null,
        "season": 1,
        "league": 1,
        "division": 1,
        "subdivision": 1,
        "team": 2,
        "user": 7,
        "type": 22,
        "status": 12,
        "importer": false,
        "affiliate": false,
        "tryout": false,
        "registration_date": null,
        "release_date": null
    }
},
{
    "model": "team.staff",
    "pk": 8,
    "fields": {
        "old_sk_id": null,
        "inserted": "2022-01-01T05:00:00Z",
        "inserted_by": null,
        "updated": "2022-01-01T05:00:00Z",
        "updated_by": null,
        "season": 1,
        "league": 1,
        "division": 1,
        "subdivision": 1,
        "team": 2,
        "user": 8,
        "type": 21,
        "status": 12,
        "importer": false,
        "affiliate": false,
        "tryout": false,
        "registration_date": null,
        "release_date": null
    }
},
{
    "model": "team.staff",
    "pk": 9,
    "fields": {
        "old_sk_id": null,
        "inserted": "2022-01-01T05:00:00Z",
        "inserted_by": null,
        "updated": "2022-01-01T05:00:00Z",
        "updated_by": null,
        "season": 1,
        "league": 1,
        "division": 1,
        "subdivision": 2,
        "team": null,
        "user": 9,
        "type": 23,
        "status": 12,
        "importer": false,
        "affiliate": false,
        "tryout": false,
        "registration_date": null,
        "release_date": null
    }
},
{
    "model": "team.staff",
    "pk": 10,
    "fields": {
        "old_sk_id": null,
        "inserted": "2022-01-01T05:00:00Z",
        "inserted_by": null,
        "updated": "2022-01-01T05:00:00Z",
        "updated_by": null,
        "season": 1,
        "league": 1,
        "division": 1,
        "subdivision": 2,
        "team": 3,
        "user": 10,
        "type": 22,
        "status": 12,
        "importer": false,
        "affiliate": false,
        "tryout": false,
        "registration_date": null,
        "release_date": null
    }
},
{
    "model": "team.staff",
    "pk": 11,
    "fields": {
        "old_sk_id": null,
        "inserted": "2022-01-01T05:00:00Z",
        "inserted_by": null,
        "updated": "2022-01-01T05:00:00Z",
        "updated_by": null,
        "season": 1,
        "league": 1,
        "division": 1,
        "subdivision": 2,
        "team": 3,
        "user": 11,
        "type": 21,
        "status": 12,
        "importer": false,
        "affiliate": false,
        "tryout": false,
        "registration_date": null,
        "release_date": null
    }
},
{
    "model": "team.staff",
    "pk": 12,
    "fields": {
        "old_sk_id": null,
        "inserted": "2022-01-01T05:00:00Z",
        "inserted_by": null,
        "updated": "2022-01-01T05:00:00Z",
        "updated_by": null,
        "season": 1,
        "league": 1,
        "division": 1,
        "subdivision": 2,
        "team": 4,
        "user": 12,
        "type": 22,
        "status": 12,
        "importer": false,
        "affiliate": false,
        "tryout": false,
        "registration_date": null,
        "release_date": null
    }
},
{
    "model": "team.staff",
    "pk": 13,
    "fields": {
        "old_sk_id": null,
        "inserted": "2022-01-01T05:00:00Z",
        "inserted_by": null,
        "updated": "2022-01-01T05:00:00Z",
        "updated_by": null,
        "season": 1,
        "league": 1,
        "division": 1,
        "subdivision": 2,
        "team": 4,
        "user": 13,
        "type": 21,
        "status": 12,
        "importer": false,
        "affiliate": false,
        "tryout": false,
        "registration_date": null,
        "release_date": null
    }
},
{
    "model": "team.staff",
    "pk": 14,
    "fields": {
        "old_sk_id": null,
        "inserted": "2022-01-01T05:00:00Z",
        "inserted_by": null,
        "updated": "2022-01-01T05:00:00Z",
        "updated_by": null,
        "season": 1,
        "league": 1,
        "division": 2,
        "subdivision": null,
        "team": null,
        "user": 14,
        "type": 24,
        "status": 12,
        "importer": false,
        "affiliate": false,
        "tryout": false,
        "registration_date": null,
        "release_date": null
    }
},
{
    "model": "team.staff",
    "pk": 15,
    "fields": {
        "old_sk_id": null,
        "inserted": "2022-01-01T05:00:00Z",
        "inserted_by": null,
        "updated": "2022-01-01T05:00:00Z",
        "updated_by": null,
        "season": 1,
        "league": 1,
        "division": 2,
        "subdivision": 3,
        "team": null,
        "user": 15,
        "type": 23,
        "status": 12,
        "importer": false,
        "affiliate": false,
        "tryout": false,
        "registration_date": null,
        "release_date": null
    }
},
{
    "model": "team.staff",
    "pk": 16,
    "fields": {
        "old_sk_id": null,
        "inserted": "2022-01-01T05:00:00Z",
        "inserted_by": null,
        "updated": "2022-01-01T05:00:00Z",
        "updated_by": null,
        "season": 1,
        "league": 1,
        "division": 2,
        "subdivision": 3,
        "team": 5,
        "user": 16,
        "type": 22,
        "status": 12,
        "importer": false,
        "affiliate": false,
        "tryout": false,
        "registration_date": null,
        "release_date": null
    }
},
{
    "model": "team.staff",
    "pk": 17,
    "fields": {
        "old_sk_id": null,
        "inserted": "2022-01-01T05:00:00Z",
        "inserted_by": null,
        "updated": "2022-01-01T05:00:00Z",
        "updated_by": null,
        "season": 1,
        "league": 1,
        "division": 2,
        "subdivision": 3,
        "team": 5,
        "user": 17,
        "type": 21,
        "status": 12,
        "importer": false,
        "affiliate": false,
        "tryout": false,
        "registration_date": null,
        "release_date": null
    }
},
{
    "model": "team.staff",
    "pk": 18,
    "fields": {
        "old_sk_id": null,
        "inserted": "2022-01-01T05:00:00Z",
        "inserted_by": null,
        "updated": "2022-01-01T05:00:00Z",
        "updated_by": null,
        "season": 1,
        "league": 1,
        "division": 2,
        "subdivision": 3,
        "team": 6,
        "user": 18,
        "type": 22,
        "status": 12,
        "importer": false,
        "affiliate": false,
        "tryout": false,
        "registration_date": null,
        "release_date": null
    }
},
{
    "model": "team.staff",
    "pk": 19,
    "fields": {
        "old_sk_id": null,
        "inserted": "2022-01-01T05:00:00Z",
        "inserted_by": null,
        "updated": "2022-01-01T05:00:00Z",
        "updated_by": null,
        "season": 1,
        "league": 1,
        "division": 2,
        "subdivision": 3,
        "team": 6,
        "user": 19,
        "type": 21,
        "status": 12,
        "importer": false,
        "affiliate": false,
        "tryout": false,
        "registration_date": null,
        "release_date": null
    }
},
{
    "model": "team.staff",
    "pk": 20,
    "fields": {
        "old_sk_id": null,
        "inserted": "2022-01-01T05:00:00Z",
        "inserted_by": null,
        "updated": "2022-01-01T05:00:00Z",
        "updated_by": null,
        "season": 1,
        "league": 1,
        "division": 2,
        "subdivision": 4,
        "team": null,
        "user": 20,
        "type": 23,
        "status": 12,
        "importer": false,
        "affiliate": false,
        "tryout": false,
        "registration_date": null,
        "release_date": null
    }
},
{
    "model": "team.staff",
    "pk": 21,
    "fields": {
        "old_sk_id": null,
        "inserted": "2022-01-01T05:00:00Z",
        "inserted_by": null,
        "updated": "2022-01-01T05:00:00Z",
        "updated_by": null,
        "season": 1,
        "league": 1,
        "division": 2,
        "subdivision": 4,
        "team": 7,
        "user": 21,
        "type": 22,
        "status": 12,
        "importer": false,
        "affiliate": false,
        "tryout": false,
        "registration_date": null,
        "release_date": null
    }
},
{
    "model": "team.staff",
    "pk": 22,
    "fields": {
        "old_sk_id": null,
        "inserted": "2022-01-01T05:00:00Z",
        "inserted_by": null,
        "updated": "2022-01-01T05:00:00Z",
        "updated_by": null,
        "season": 1,
        "league": 1,
        "division": 2,
        "subdivision": 4,
        "team": 7,
        "user": 22,
        "type": 21,
        "status": 12,
        "importer": false,
        "affiliate": false,
        "tryout": false,
        "registration_date": null,
        "release_date": null
    }
},
{
    "model": "team.staff",
    "pk": 23,
    "fields": {
        "old_sk_id": null,
        "inserted": "2022-01-01T05:00:00Z",
        "inserted_by": null,
        "updated": "2022-01-01T05:00:00Z",
        "updated_by": null,
        "season": 1,
        "league": 1,
        "division": 2,
        "subdivision": 4,
        "team": 8,
        "user": 23,
        "type": 22,
        "status": 12,
        "importer": false,
        "affiliate": false,
        "tryout": false,
        "registration_date": null,
        "release_date": null
    }
},
{
    "model": "team.staff",
    "pk": 24,
    "fields": {
        "old_sk_id": null,
        "inserted": "2022-01-01T05:00:00Z",
        "inserted_by": null,
        "updated": "2022-01-01T05:00:00Z",
        "updated_by": null,
        "season": 1,
        "league": 1,
        "division": 2,
        "subdivision": 4,
        "team": 8,
        "user": 24,
        "type": 21,
        "status": 12,
        "importer": false,
        "affiliate": false,
        "tryout": false,
        "registration_date": null,
        "release_date": null
    }
},
{
    "model": "team.staff",
    "pk": 25,
    "fields": {
        "old_sk_id": null,
        "inserted": "2022-01-01T05:00:00Z",
        "inserted_by": null,
        "updated": "2022-01-01T05:00:00Z",
        "updated_by": null,
        "season": 1,
        "league": 2,
        "division": null,
        "subdivision": null,
        "team": null,
        "user": 25,
        "type": 24,
        "status": 12,
        "importer": false,
        "affiliate": false,
        "tryout": false,
        "registration_date": null,
        "release_date": null
    }
},
{
    "model": "team.staff",
    "pk": 26,
    "fields": {
        "old_sk_id": null,
        "inserted": "2022-01-01T05:00:00Z",
        "inserted_by": null,
        "updated": "2022-01-01T05:00:00Z",
        "updated_by": null,
        "season": 1,
        "league": 2,
        "division": 3,
        "subdivision": null,
        "team": null,
        "user": 26,
        "type": 24,
        "status": 12,
        "importer": false,
        "affiliate": false,
        "tryout": false,
        "registration_date": null,
        "release_date": null
    }
},
{
    "model": "team.staff",
    "pk": 27,
    "fields": {
        "old_sk_id": null,
        "inserted": "2022-01-01T05:00:00Z",
        "inserted_by": null,
        "updated": "2022-01-01T05:00:00Z",
        "updated_by": null,
        "season": 1,
        "league": 2,
        "division": 3,
        "subdivision": 5,
        "team": null,
        "user": 27,
        "type": 23,
        "status": 12,
        "importer": false,
        "affiliate": false,
        "tryout": false,
        "registration_date": null,
        "release_date": null
    }
},
{
    "model": "team.staff",
    "pk": 28,
    "fields": {
        "old_sk_id": null,
        "inserted": "2022-01-01T05:00:00Z",
        "inserted_by": null,
        "updated": "2022-01-01T05:00:00Z",
        "updated_by": null,
        "season": 1,
        "league": 2,
        "division": 3,
        "subdivision": 5,
        "team": 9,
        "user": 28,
        "type": 22,
        "status": 12,
        "importer": false,
        "affiliate": false,
        "tryout": false,
        "registration_date": null,
        "release_date": null
    }
},
{
    "model": "team.staff",
    "pk": 29,
    "fields": {
        "old_sk_id": null,
        "inserted": "2022-01-01T05:00:00Z",
        "inserted_by": null,
        "updated": "2022-01-01T05:00:00Z",
        "updated_by": null,
        "season": 1,
        "league": 2,
        "division": 3,
        "subdivision": 5,
        "team": 9,
        "user": 29,
        "type": 21,
        "status": 12,
        "importer": false,
        "affiliate": false,
        "tryout": false,
        "registration_date": null,
        "release_date": null
    }
},
{
    "model": "team.staff",
    "pk": 30,
    "fields": {
        "old_sk_id": null,
        "inserted": "2022-01-01T05:00:00Z",
        "inserted_by": null,
        "updated": "2022-01-01T05:00:00Z",
        "updated_by": null,
        "season": 1,
        "league": 2,
        "division": 3,
        "subdivision": 5,
        "team": 10,
        "user": 30,
        "type": 22,
        "status": 12,
        "importer": false,
        "affiliate": false,
        "tryout": false,
        "registration_date": null,
        "release_date": null
    }
},
{
    "model": "team.staff",
    "pk": 31,
    "fields": {
        "old_sk_id": null,
        "inserted": "2022-01-01T05:00:00Z",
        "inserted_by": null,
        "updated": "2022-01-01T05:00:00Z",
        "updated_by": null,
        "season": 1,
        "league": 2,
        "division": 3,
        "subdivision": 5,
        "team": 10,
        "user": 31,
        "type": 21,
        "status": 12,
        "importer": false,
        "affiliate": false,
        "tryout": false,
        "registration_date": null,
        "release_date": null
    }
},
{
    "model": "team.staff",
    "pk": 32,
    "fields": {
        "old_sk_id": null,
        "inserted": "2022-01-01T05:00:00Z",
        "inserted_by": null,
        "updated": "2022-01-01T05:00:00Z",
        "updated_by": null,
        "season": 1,
        "league": 2,
        "division": 3,
        "subdivision": 6,
        "team": null,
        "user": 32,
        "type": 23,
        "status": 12,
        "importer": false,
        "affiliate": false,
        "tryout": false,
        "registration_date": null,
        "release_date": null
    }
},
{
    "model": "team.staff",
    "pk": 33,
    "fields": {
        "old_sk_id": null,
        "inserted": "2022-01-01T05:00:00Z",
        "inserted_by": null,
        "updated": "2022-01-01T05:00:00Z",
        "updated_by": null,
        "season": 1,
        "league": 2,
        "division": 3,
        "subdivision": 6,
        "team": 11,
        "user": 33,
        "type": 22,
        "status": 12,
        "importer": false,
        "affiliate": false,
        "tryout": false,
        "registration_date": null,
        "release_date": null
    }
},
{
    "model": "team.staff",
    "pk": 34,
    "fields": {
        "old_sk_id": null,
        "inserted": "2022-01-01T05:00:00Z",
        "inserted_by": null,
        "updated": "2022-01-01T05:00:00Z",
        "updated_by": null,
        "season": 1,
        "league": 2,
        "division": 3,
        "subdivision": 6,
        "team": 11,
        "user": 34,
        "type": 21,
        "status": 12,
        "importer": false,
        "affiliate": false,
        "tryout": false,
        "registration_date": null,
        "release_date": null
    }
},
{
    "model": "team.staff",
    "pk": 35,
    "fields": {
        "old_sk_id": null,
        "inserted": "2022-01-01T05:00:00Z",
        "inserted_by": null,
        "updated": "2022-01-01T05:00:00Z",
        "updated_by": null,
        "season": 1,
        "league": 2,
        "division": 3,
        "subdivision": 6,
        "team": 12,
        "user": 35,
        "type": 22,
        "status": 12,
        "importer": false,
        "affiliate": false,
        "tryout": false,
        "registration_date": null,
        "release_date": null
    }
},
{
    "model": "team.staff",
    "pk": 36,
    "fields": {
        "old_sk_id": null,
        "inserted": "2022-01-01T05:00:00Z",
        "inserted_by": null,
        "updated": "2022-01-01T05:00:00Z",
        "updated_by": null,
        "season": 1,
        "league": 2,
        "division": 3,
        "subdivision": 6,
        "team": 12,
        "user": 36,
        "type": 21,
        "status": 12,
        "importer": false,
        "affiliate": false,
        "tryout": false,
        "registration_date": null,
        "release_date": null
    }
},
{
    "model": "team.staff",
    "pk": 37,
    "fields": {
        "old_sk_id": null,
        "inserted": "2022-01-01T05:00:00Z",
        "inserted_by": null,
        "updated": "2022-01-01T05:00:00Z",
        "updated_by": null,
        "season": 1,
        "league": 2,
        "division": 4,
        "subdivision": null,
        "team": null,
        "user": 37,
        "type": 24,
        "status": 12,
        "importer": false,
        "affiliate": false,
        "tryout": false,
        "registration_date": null,
        "release_date": null
    }
},
{
    "model": "team.staff",
    "pk": 38,
    "fields": {
        "old_sk_id": null,
        "inserted": "2022-01-01T05:00:00Z",
        "inserted_by": null,
        "updated": "2022-01-01T05:00:00Z",
        "updated_by": null,
        "season": 1,
        "league": 2,
        "division": 4,
        "subdivision": 7,
        "team": null,
        "user": 38,
        "type": 23,
        "status": 12,
        "importer": false,
        "affiliate": false,
        "tryout": false,
        "registration_date": null,
        "release_date": null
    }
},
{
    "model": "team.staff",
    "pk": 39,
    "fields": {
        "old_sk_id": null,
        "inserted": "2022-01-01T05:00:00Z",
        "inserted_by": null,
        "updated": "2022-01-01T05:00:00Z",
        "updated_by": null,
        "season": 1,
        "league": 2,
        "division": 4,
        "subdivision": 7,
        "team": 13,
        "user": 39,
        "type": 22,
        "status": 12,
        "importer": false,
        "affiliate": false,
        "tryout": false,
        "registration_date": null,
        "release_date": null
    }
},
{
    "model": "team.staff",
    "pk": 40,
    "fields": {
        "old_sk_id": null,
        "inserted": "2022-01-01T05:00:00Z",
        "inserted_by": null,
        "updated": "2022-01-01T05:00:00Z",
        "updated_by": null,
        "season": 1,
        "league": 2,
        "division": 4,
        "subdivision": 7,
        "team": 13,
        "user": 40,
        "type": 21,
        "status": 12,
        "importer": false,
        "affiliate": false,
        "tryout": false,
        "registration_date": null,
        "release_date": null
    }
},
{
    "model": "team.staff",
    "pk": 41,
    "fields": {
        "old_sk_id": null,
        "inserted": "2022-01-01T05:00:00Z",
        "inserted_by": null,
        "updated": "2022-01-01T05:00:00Z",
        "updated_by": null,
        "season": 1,
        "league": 2,
        "division": 4,
        "subdivision": 7,
        "team": 14,
        "user": 41,
        "type": 22,
        "status": 12,
        "importer": false,
        "affiliate": false,
        "tryout": false,
        "registration_date": null,
        "release_date": null
    }
},
{
    "model": "team.staff",
    "pk": 42,
    "fields": {
        "old_sk_id": null,
        "inserted": "2022-01-01T05:00:00Z",
        "inserted_by": null,
        "updated": "2022-01-01T05:00:00Z",
        "updated_by": null,
        "season": 1,
        "league": 2,
        "division": 4,
        "subdivision": 7,
        "team": 14,
        "user": 42,
        "type": 21,
        "status": 12,
        "importer": false,
        "affiliate": false,
        "tryout": false,
        "registration_date": null,
        "release_date": null
    }
},
{
    "model": "team.staff",
    "pk": 43,
    "fields": {
        "old_sk_id": null,
        "inserted": "2022-01-01T05:00:00Z",
        "inserted_by": null,
        "updated": "2022-01-01T05:00:00Z",
        "updated_by": null,
        "season": 1,
        "league": 2,
        "division": 4,
        "subdivision": 8,
        "team": null,
        "user": 43,
        "type": 23,
        "status": 12,
        "importer": false,
        "affiliate": false,
        "tryout": false,
        "registration_date": null,
        "release_date": null
    }
},
{
    "model": "team.staff",
    "pk": 44,
    "fields": {
        "old_sk_id": null,
        "inserted": "2022-01-01T05:00:00Z",
        "inserted_by": null,
        "updated": "2022-01-01T05:00:00Z",
        "updated_by": null,
        "season": 1,
        "league": 2,
        "division": 4,
        "subdivision": 8,
        "team": 15,
        "user": 44,
        "type": 22,
        "status": 12,
        "importer": false,
        "affiliate": false,
        "tryout": false,
        "registration_date": null,
        "release_date": null
    }
},
{
    "model": "team.staff",
    "pk": 45,
    "fields": {
        "old_sk_id": null,
        "inserted": "2022-01-01T05:00:00Z",
        "inserted_by": null,
        "updated": "2022-01-01T05:00:00Z",
        "updated_by": null,
        "season": 1,
        "league": 2,
        "division": 4,
        "subdivision": 8,
        "team": 15,
        "user": 45,
        "type": 21,
        "status": 12,
        "importer": false,
        "affiliate": false,
        "tryout": false,
        "registration_date": null,
        "release_date": null
    }
},
{
    "model": "team.staff",
    "pk": 46,
    "fields": {
        "old_sk_id": null,
        "inserted": "2022-01-01T05:00:00Z",
        "inserted_by": null,
        "updated": "2022-01-01T05:00:00Z",
        "updated_by": null,
        "season": 1,
        "league": 2,
        "division": 4,
        "subdivision": 8,
        "team": 16,
        "user": 46,
        "type": 22,
        "status": 12,
        "importer": false,
        "affiliate": false,
        "tryout": false,
        "registration_date": null,
        "release_date": null
    }
},
{
    "model": "team.staff",
    "pk": 47,
    "fields": {
        "old_sk_id": null,
        "inserted": "2022-01-01T05:00:00Z",
        "inserted_by": null,
        "updated": "2022-01-01T05:00:00Z",
        "updated_by": null,
        "season": 1,
        "league": 2,
        "division": 4,
        "subdivision": 8,
        "team": 16,
        "user": 47,
        "type": 21,
        "status": 12,
        "importer": false,
        "affiliate": false,
        "tryout": false,
        "registration_date": null,
        "release_date": null
    }
},
{
    "model": "team.staff",
    "pk": 48,
    "fields": {
        "old_sk_id": null,
        "inserted": "2022-01-01T05:00:00Z",
        "inserted_by": null,
        "updated": "2022-01-01T05:00:00Z",
        "updated_by": null,
        "season": 2,
        "league": null,
        "division": null,
        "subdivision": null,
        "team": null,
        "user": 48,
        "type": 25,
        "status": 12,
        "importer": false,
        "affiliate": false,
        "tryout": false,
        "registration_date": null,
        "release_date": null
    }
},
{
    "model": "team.staff",
    "pk": 49,
    "fields": {
        "old_sk_id": null,
        "inserted": "2022-01-01T05:00:00Z",
        "inserted_by": null,
        "updated": "2022-01-01T05:00:00Z",
        "updated_by": null,
        "season": 2,
        "league": 3,
        "division": null,
        "subdivision": null,
        "team": null,
        "user": 49,
        "type": 24,
        "status": 12,
        "importer": false,
        "affiliate": false,
        "tryout": false,
        "registration_date": null,
        "release_date": null
    }
},
{
    "model": "team.staff",
    "pk": 50,
    "fields": {
        "old_sk_id": null,
        "inserted": "2022-01-01T05:00:00Z",
        "inserted_by": null,
        "updated": "2022-01-01T05:00:00Z",
        "updated_by": null,
        "season": 2,
        "league": 3,
        "division": 5,
        "subdivision": null,
        "team": null,
        "user": 50,
        "type": 24,
        "status": 12,
        "importer": false,
        "affiliate": false,
        "tryout": false,
        "registration_date": null,
        "release_date": null
    }
},
{
    "model": "team.staff",
    "pk": 51,
    "fields": {
        "old_sk_id": null,
        "inserted": "2022-01-01T05:00:00Z",
        "inserted_by": null,
        "updated": "2022-01-01T05:00:00Z",
        "updated_by": null,
        "season": 2,
        "league": 3,
        "division": 5,
        "subdivision": 9,
        "team": null,
        "user": 51,
        "type": 23,
        "status": 12,
        "importer": false,
        "affiliate": false,
        "tryout": false,
        "registration_date": null,
        "release_date": null
    }
},
{
    "model": "team.staff",
    "pk": 52,
    "fields": {
        "old_sk_id": null,
        "inserted": "2022-01-01T05:00:00Z",
        "inserted_by": null,
        "updated": "2022-01-01T05:00:00Z",
        "updated_by": null,
        "season": 2,
        "league": 3,
        "division": 5,
        "subdivision": 9,
        "team": 17,
        "user": 52,
        "type": 22,
        "status": 12,
        "importer": false,
        "affiliate": false,
        "tryout": false,
        "registration_date": null,
        "release_date": null
    }
},
{
    "model": "team.staff",
    "pk": 53,
    "fields": {
        "old_sk_id": null,
        "inserted": "2022-01-01T05:00:00Z",
        "inserted_by": null,
        "updated": "2022-01-01T05:00:00Z",
        "updated_by": null,
        "season": 2,
        "league": 3,
        "division": 5,
        "subdivision": 9,
        "team": 17,
        "user": 53,
        "type": 21,
        "status": 12,
        "importer": false,
        "affiliate": false,
        "tryout": false,
        "registration_date": null,
        "release_date": null
    }
},
{
    "model": "team.staff",
    "pk": 54,
    "fields": {
        "old_sk_id": null,
        "inserted": "2022-01-01T05:00:00Z",
        "inserted_by": null,
        "updated": "2022-01-01T05:00:00Z",
        "updated_by": null,
        "season": 2,
        "league": 3,
        "division": 5,
        "subdivision": 9,
        "team": 18,
        "user": 54,
        "type": 22,
        "status": 12,
        "importer": false,
        "affiliate": false,
        "tryout": false,
        "registration_date": null,
        "release_date": null
    }
},
{
    "model": "team.staff",
    "pk": 55,
    "fields": {
        "old_sk_id": null,
        "inserted": "2022-01-01T05:00:00Z",
        "inserted_by": null,
        "updated": "2022-01-01T05:00:00Z",
        "updated_by": null,
        "season": 2,
        "league": 3,
        "division": 5,
        "subdivision": 9,
        "team": 18,
        "user": 55,
        "type": 21,
        "status": 12,
        "importer": false,
        "affiliate": false,
        "tryout": false,
        "registration_date": null,
        "release_date": null
    }
},
{
    "model": "team.staff",
    "pk": 56,
    "fields": {
        "old_sk_id": null,
        "inserted": "2022-01-01T05:00:00Z",
        "inserted_by": null,
        "updated": "2022-01-01T05:00:00Z",
        "updated_by": null,
        "season": 2,
        "league": 3,
        "division": 5,
        "subdivision": 10,
        "team": null,
        "user": 56,
        "type": 23,
        "status": 12,
        "importer": false,
        "affiliate": false,
        "tryout": false,
        "registration_date": null,
        "release_date": null
    }
},
{
    "model": "team.staff",
    "pk": 57,
    "fields": {
        "old_sk_id": null,
        "inserted": "2022-01-01T05:00:00Z",
        "inserted_by": null,
        "updated": "2022-01-01T05:00:00Z",
        "updated_by": null,
        "season": 2,
        "league": 3,
        "division": 5,
        "subdivision": 10,
        "team": 19,
        "user": 57,
        "type": 22,
        "status": 12,
        "importer": false,
        "affiliate": false,
        "tryout": false,
        "registration_date": null,
        "release_date": null
    }
},
{
    "model": "team.staff",
    "pk": 58,
    "fields": {
        "old_sk_id": null,
        "inserted": "2022-01-01T05:00:00Z",
        "inserted_by": null,
        "updated": "2022-01-01T05:00:00Z",
        "updated_by": null,
        "season": 2,
        "league": 3,
        "division": 5,
        "subdivision": 10,
        "team": 19,
        "user": 58,
        "type": 21,
        "status": 12,
        "importer": false,
        "affiliate": false,
        "tryout": false,
        "registration_date": null,
        "release_date": null
    }
},
{
    "model": "team.staff",
    "pk": 59,
    "fields": {
        "old_sk_id": null,
        "inserted": "2022-01-01T05:00:00Z",
        "inserted_by": null,
        "updated": "2022-01-01T05:00:00Z",
        "updated_by": null,
        "season": 2,
        "league": 3,
        "division": 5,
        "subdivision": 10,
        "team": 20,
        "user": 59,
        "type": 22,
        "status": 12,
        "importer": false,
        "affiliate": false,
        "tryout": false,
        "registration_date": null,
        "release_date": null
    }
},
{
    "model": "team.staff",
    "pk": 60,
    "fields": {
        "old_sk_id": null,
        "inserted": "2022-01-01T05:00:00Z",
        "inserted_by": null,
        "updated": "2022-01-01T05:00:00Z",
        "updated_by": null,
        "season": 2,
        "league": 3,
        "division": 5,
        "subdivision": 10,
        "team": 20,
        "user": 60,
        "type": 21,
        "status": 12,
        "importer": false,
        "affiliate": false,
        "tryout": false,
        "registration_date": null,
        "release_date": null
    }
},
{
    "model": "team.staff",
    "pk": 61,
    "fields": {
        "old_sk_id": null,
        "inserted": "2022-01-01T05:00:00Z",
        "inserted_by": null,
        "updated": "2022-01-01T05:00:00Z",
        "updated_by": null,
        "season": 2,
        "league": 3,
        "division": 6,
        "subdivision": null,
        "team": null,
        "user": 61,
        "type": 24,
        "status": 12,
        "importer": false,
        "affiliate": false,
        "tryout": false,
        "registration_date": null,
        "release_date": null
    }
},
{
    "model": "team.staff",
    "pk": 62,
    "fields": {
        "old_sk_id": null,
        "inserted": "2022-01-01T05:00:00Z",
        "inserted_by": null,
        "updated": "2022-01-01T05:00:00Z",
        "updated_by": null,
        "season": 2,
        "league": 3,
        "division": 6,
        "subdivision": 11,
        "team": null,
        "user": 62,
        "type": 23,
        "status": 12,
        "importer": false,
        "affiliate": false,
        "tryout": false,
        "registration_date": null,
        "release_date": null
    }
},
{
    "model": "team.staff",
    "pk": 63,
    "fields": {
        "old_sk_id": null,
        "inserted": "2022-01-01T05:00:00Z",
        "inserted_by": null,
        "updated": "2022-01-01T05:00:00Z",
        "updated_by": null,
        "season": 2,
        "league": 3,
        "division": 6,
        "subdivision": 11,
        "team": 21,
        "user": 63,
        "type": 22,
        "status": 12,
        "importer": false,
        "affiliate": false,
        "tryout": false,
        "registration_date": null,
        "release_date": null
    }
},
{
    "model": "team.staff",
    "pk": 64,
    "fields": {
        "old_sk_id": null,
        "inserted": "2022-01-01T05:00:00Z",
        "inserted_by": null,
        "updated": "2022-01-01T05:00:00Z",
        "updated_by": null,
        "season": 2,
        "league": 3,
        "division": 6,
        "subdivision": 11,
        "team": 21,
        "user": 64,
        "type": 21,
        "status": 12,
        "importer": false,
        "affiliate": false,
        "tryout": false,
        "registration_date": null,
        "release_date": null
    }
},
{
    "model": "team.staff",
    "pk": 65,
    "fields": {
        "old_sk_id": null,
        "inserted": "2022-01-01T05:00:00Z",
        "inserted_by": null,
        "updated": "2022-01-01T05:00:00Z",
        "updated_by": null,
        "season": 2,
        "league": 3,
        "division": 6,
        "subdivision": 11,
        "team": 22,
        "user": 65,
        "type": 22,
        "status": 12,
        "importer": false,
        "affiliate": false,
        "tryout": false,
        "registration_date": null,
        "release_date": null
    }
},
{
    "model": "team.staff",
    "pk": 66,
    "fields": {
        "old_sk_id": null,
        "inserted": "2022-01-01T05:00:00Z",
        "inserted_by": null,
        "updated": "2022-01-01T05:00:00Z",
        "updated_by": null,
        "season": 2,
        "league": 3,
        "division": 6,
        "subdivision": 11,
        "team": 22,
        "user": 66,
        "type": 21,
        "status": 12,
        "importer": false,
        "affiliate": false,
        "tryout": false,
        "registration_date": null,
        "release_date": null
    }
},
{
    "model": "team.staff",
    "pk": 67,
    "fields": {
        "old_sk_id": null,
        "inserted": "2022-01-01T05:00:00Z",
        "inserted_by": null,
        "updated": "2022-01-01T05:00:00Z",
        "updated_by": null,
        "season": 2,
        "league": 3,
        "division": 6,
        "subdivision": 12,
        "team": null,
        "user": 67,
        "type": 23,
        "status": 12,
        "importer": false,
        "affiliate": false,
        "tryout": false,
        "registration_date": null,
        "release_date": null
    }
},
{
    "model": "team.staff",
    "pk": 68,
    "fields": {
        "old_sk_id": null,
        "inserted": "2022-01-01T05:00:00Z",
        "inserted_by": null,
        "updated": "2022-01-01T05:00:00Z",
        "updated_by": null,
        "season": 2,
        "league": 3,
        "division": 6,
        "subdivision": 12,
        "team": 23,
        "user": 68,
        "type": 22,
        "status": 12,
        "importer": false,
        "affiliate": false,
        "tryout": false,
        "registration_date": null,
        "release_date": null
    }
},
{
    "model": "team.staff",
    "pk": 69,
    "fields": {
        "old_sk_id": null,
        "inserted": "2022-01-01T05:00:00Z",
        "inserted_by": null,
        "updated": "2022-01-01T05:00:00Z",
        "updated_by": null,
        "season": 2,
        "league": 3,
        "division": 6,
        "subdivision": 12,
        "team": 23,
        "user": 69,
        "type": 21,
        "status": 12,
        "importer": false,
        "affiliate": false,
        "tryout": false,
        "registration_date": null,
        "release_date": null
    }
},
{
    "model": "team.staff",
    "pk": 70,
    "fields": {
        "old_sk_id": null,
        "inserted": "2022-01-01T05:00:00Z",
        "inserted_by": null,
        "updated": "2022-01-01T05:00:00Z",
        "updated_by": null,
        "season": 2,
        "league": 3,
        "division": 6,
        "subdivision": 12,
        "team": 24,
        "user": 70,
        "type": 22,
        "status": 12,
        "importer": false,
        "affiliate": false,
        "tryout": false,
        "registration_date": null,
        "release_date": null
    }
},
{
    "model": "team.staff",
    "pk": 71,
    "fields": {
        "old_sk_id": null,
        "inserted": "2022-01-01T05:00:00Z",
        "inserted_by": null,
        "updated": "2022-01-01T05:00:00Z",
        "updated_by": null,
        "season": 2,
        "league": 3,
        "division": 6,
        "subdivision": 12,
        "team": 24,
        "user": 71,
        "type": 21,
        "status": 12,
        "importer": false,
        "affiliate": false,
        "tryout": false,
        "registration_date": null,
        "release_date": null
    }
},
{
    "model": "team.staff",
    "pk": 72,
    "fields": {
        "old_sk_id": null,
        "inserted": "2022-01-01T05:00:00Z",
        "inserted_by": null,
        "updated": "2022-01-01T05:00:00Z",
        "updated_by": null,
        "season": 2,
        "league": 4,
        "division": null,
        "subdivision": null,
        "team": null,
        "user": 72,
        "type": 24,
        "status": 12,
        "importer": false,
        "affiliate": false,
        "tryout": false,
        "registration_date": null,
        "release_date": null
    }
},
{
    "model": "team.staff",
    "pk": 73,
    "fields": {
        "old_sk_id": null,
        "inserted": "2022-01-01T05:00:00Z",
        "inserted_by": null,
        "updated": "2022-01-01T05:00:00Z",
        "updated_by": null,
        "season": 2,
        "league": 4,
        "division": 7,
        "subdivision": null,
        "team": null,
        "user": 73,
        "type": 24,
        "status": 12,
        "importer": false,
        "affiliate": false,
        "tryout": false,
        "registration_date": null,
        "release_date": null
    }
},
{
    "model": "team.staff",
    "pk": 74,
    "fields": {
        "old_sk_id": null,
        "inserted": "2022-01-01T05:00:00Z",
        "inserted_by": null,
        "updated": "2022-01-01T05:00:00Z",
        "updated_by": null,
        "season": 2,
        "league": 4,
        "division": 7,
        "subdivision": 13,
        "team": null,
        "user": 74,
        "type": 23,
        "status": 12,
        "importer": false,
        "affiliate": false,
        "tryout": false,
        "registration_date": null,
        "release_date": null
    }
},
{
    "model": "team.staff",
    "pk": 75,
    "fields": {
        "old_sk_id": null,
        "inserted": "2022-01-01T05:00:00Z",
        "inserted_by": null,
        "updated": "2022-01-01T05:00:00Z",
        "updated_by": null,
        "season": 2,
        "league": 4,
        "division": 7,
        "subdivision": 13,
        "team": 25,
        "user": 75,
        "type": 22,
        "status": 12,
        "importer": false,
        "affiliate": false,
        "tryout": false,
        "registration_date": null,
        "release_date": null
    }
},
{
    "model": "team.staff",
    "pk": 76,
    "fields": {
        "old_sk_id": null,
        "inserted": "2022-01-01T05:00:00Z",
        "inserted_by": null,
        "updated": "2022-01-01T05:00:00Z",
        "updated_by": null,
        "season": 2,
        "league": 4,
        "division": 7,
        "subdivision": 13,
        "team": 25,
        "user": 76,
        "type": 21,
        "status": 12,
        "importer": false,
        "affiliate": false,
        "tryout": false,
        "registration_date": null,
        "release_date": null
    }
},
{
    "model": "team.staff",
    "pk": 77,
    "fields": {
        "old_sk_id": null,
        "inserted": "2022-01-01T05:00:00Z",
        "inserted_by": null,
        "updated": "2022-01-01T05:00:00Z",
        "updated_by": null,
        "season": 2,
        "league": 4,
        "division": 7,
        "subdivision": 13,
        "team": 26,
        "user": 77,
        "type": 22,
        "status": 12,
        "importer": false,
        "affiliate": false,
        "tryout": false,
        "registration_date": null,
        "release_date": null
    }
},
{
    "model": "team.staff",
    "pk": 78,
    "fields": {
        "old_sk_id": null,
        "inserted": "2022-01-01T05:00:00Z",
        "inserted_by": null,
        "updated": "2022-01-01T05:00:00Z",
        "updated_by": null,
        "season": 2,
        "league": 4,
        "division": 7,
        "subdivision": 13,
        "team": 26,
        "user": 78,
        "type": 21,
        "status": 12,
        "importer": false,
        "affiliate": false,
        "tryout": false,
        "registration_date": null,
        "release_date": null
    }
},
{
    "model": "team.staff",
    "pk": 79,
    "fields": {
        "old_sk_id": null,
        "inserted": "2022-01-01T05:00:00Z",
        "inserted_by": null,
        "updated": "2022-01-01T05:00:00Z",
        "updated_by": null,
        "season": 2,
        "league": 4,
        "division": 7,
        "subdivision": 14,
        "team": null,
        "user": 79,
        "type": 23,
        "status": 12,
        "importer": false,
        "affiliate": false,
        "tryout": false,
        "registration_date": null,
        "release_date": null
    }
},
{
    "model": "team.staff",
    "pk": 80,
    "fields": {
        "old_sk_id": null,
        "inserted": "2022-01-01T05:00:00Z",
        "inserted_by": null,
        "updated": "2022-01-01T05:00:00Z",
        "updated_by": null,
        "season": 2,
        "league": 4,
        "division": 7,
        "subdivision": 14,
        "team": 27,
        "user": 80,
        "type": 22,
        "status": 12,
        "importer": false,
        "affiliate": false,
        "tryout": false,
        "registration_date": null,
        "release_date": null
    }
},
{
    "model": "team.staff",
    "pk": 81,
    "fields": {
        "old_sk_id": null,
        "inserted": "2022-01-01T05:00:00Z",
        "inserted_by": null,
        "updated": "2022-01-01T05:00:00Z",
        "updated_by": null,
        "season": 2,
        "league": 4,
        "division": 7,
        "subdivision": 14,
        "team": 27,
        "user": 81,
        "type": 21,
        "status": 12,
        "importer": false,
        "affiliate": false,
        "tryout": false,
        "registration_date": null,
        "release_date": null
    }
},
{
    "model": "team.staff",
    "pk": 82,
    "fields": {
        "old_sk_id": null,
        "inserted": "2022-01-01T05:00:00Z",
        "inserted_by": null,
        "updated": "2022-01-01T05:00:00Z",
        "updated_by": null,
        "season": 2,
        "league": 4,
        "division": 7,
        "subdivision": 14,
        "team": 28,
        "user": 82,
        "type": 22,
        "status": 12,
        "importer": false,
        "affiliate": false,
        "tryout": false,
        "registration_date": null,
        "release_date": null
    }
},
{
    "model": "team.staff",
    "pk": 83,
    "fields": {
        "old_sk_id": null,
        "inserted": "2022-01-01T05:00:00Z",
        "inserted_by": null,
        "updated": "2022-01-01T05:00:00Z",
        "updated_by": null,
        "season": 2,
        "league": 4,
        "division": 7,
        "subdivision": 14,
        "team": 28,
        "user": 83,
        "type": 21,
        "status": 12,
        "importer": false,
        "affiliate": false,
        "tryout": false,
        "registration_date": null,
        "release_date": null
    }
},
{
    "model": "team.staff",
    "pk": 84,
    "fields": {
        "old_sk_id": null,
        "inserted": "2022-01-01T05:00:00Z",
        "inserted_by": null,
        "updated": "2022-01-01T05:00:00Z",
        "updated_by": null,
        "season": 2,
        "league": 4,
        "division": 8,
        "subdivision": null,
        "team": null,
        "user": 84,
        "type": 24,
        "status": 12,
        "importer": false,
        "affiliate": false,
        "tryout": false,
        "registration_date": null,
        "release_date": null
    }
},
{
    "model": "team.staff",
    "pk": 85,
    "fields": {
        "old_sk_id": null,
        "inserted": "2022-01-01T05:00:00Z",
        "inserted_by": null,
        "updated": "2022-01-01T05:00:00Z",
        "updated_by": null,
        "season": 2,
        "league": 4,
        "division": 8,
        "subdivision": 15,
        "team": null,
        "user": 85,
        "type": 23,
        "status": 12,
        "importer": false,
        "affiliate": false,
        "tryout": false,
        "registration_date": null,
        "release_date": null
    }
},
{
    "model": "team.staff",
    "pk": 86,
    "fields": {
        "old_sk_id": null,
        "inserted": "2022-01-01T05:00:00Z",
        "inserted_by": null,
        "updated": "2022-01-01T05:00:00Z",
        "updated_by": null,
        "season": 2,
        "league": 4,
        "division": 8,
        "subdivision": 15,
        "team": 29,
        "user": 86,
        "type": 22,
        "status": 12,
        "importer": false,
        "affiliate": false,
        "tryout": false,
        "registration_date": null,
        "release_date": null
    }
},
{
    "model": "team.staff",
    "pk": 87,
    "fields": {
        "old_sk_id": null,
        "inserted": "2022-01-01T05:00:00Z",
        "inserted_by": null,
        "updated": "2022-01-01T05:00:00Z",
        "updated_by": null,
        "season": 2,
        "league": 4,
        "division": 8,
        "subdivision": 15,
        "team": 29,
        "user": 87,
        "type": 21,
        "status": 12,
        "importer": false,
        "affiliate": false,
        "tryout": false,
        "registration_date": null,
        "release_date": null
    }
},
{
    "model": "team.staff",
    "pk": 88,
    "fields": {
        "old_sk_id": null,
        "inserted": "2022-01-01T05:00:00Z",
        "inserted_by": null,
        "updated": "2022-01-01T05:00:00Z",
        "updated_by": null,
        "season": 2,
        "league": 4,
        "division": 8,
        "subdivision": 15,
        "team": 30,
        "user": 88,
        "type": 22,
        "status": 12,
        "importer": false,
        "affiliate": false,
        "tryout": false,
        "registration_date": null,
        "release_date": null
    }
},
{
    "model": "team.staff",
    "pk": 89,
    "fields": {
        "old_sk_id": null,
        "inserted": "2022-01-01T05:00:00Z",
        "inserted_by": null,
        "updated": "2022-01-01T05:00:00Z",
        "updated_by": null,
        "season": 2,
        "league": 4,
        "division": 8,
        "subdivision": 15,
        "team": 30,
        "user": 89,
        "type": 21,
        "status": 12,
        "importer": false,
        "affiliate": false,
        "tryout": false,
        "registration_date": null,
        "release_date": null
    }
},
{
    "model": "team.staff",
    "pk": 90,
    "fields": {
        "old_sk_id": null,
        "inserted": "2022-01-01T05:00:00Z",
        "inserted_by": null,
        "updated": "2022-01-01T05:00:00Z",
        "updated_by": null,
        "season": 2,
        "league": 4,
        "division": 8,
        "subdivision": 16,
        "team": null,
        "user": 90,
        "type": 23,
        "status": 12,
        "importer": false,
        "affiliate": false,
        "tryout": false,
        "registration_date": null,
        "release_date": null
    }
},
{
    "model": "team.staff",
    "pk": 91,
    "fields": {
        "old_sk_id": null,
        "inserted": "2022-01-01T05:00:00Z",
        "inserted_by": null,
        "updated": "2022-01-01T05:00:00Z",
        "updated_by": null,
        "season": 2,
        "league": 4,
        "division": 8,
        "subdivision": 16,
        "team": 31,
        "user": 91,
        "type": 22,
        "status": 12,
        "importer": false,
        "affiliate": false,
        "tryout": false,
        "registration_date": null,
        "release_date": null
    }
},
{
    "model": "team.staff",
    "pk": 92,
    "fields": {
        "old_sk_id": null,
        "inserted": "2022-01-01T05:00:00Z",
        "inserted_by": null,
        "updated": "2022-01-01T05:00:00Z",
        "updated_by": null,
        "season": 2,
        "league": 4,
        "division": 8,
        "subdivision": 16,
        "team": 31,
        "user": 92,
        "type": 21,
        "status": 12,
        "importer": false,
        "affiliate": false,
        "tryout": false,
        "registration_date": null,
        "release_date": null
    }
},
{
    "model": "team.staff",
    "pk": 93,
    "fields": {
        "old_sk_id": null,
        "inserted": "2022-01-01T05:00:00Z",
        "inserted_by": null,
        "updated": "2022-01-01T05:00:00Z",
        "updated_by": null,
        "season": 2,
        "league": 4,
        "division": 8,
        "subdivision": 16,
        "team": 32,
        "user": 93,
        "type": 22,
        "status": 12,
        "importer": false,
        "affiliate": false,
        "tryout": false,
        "registration_date": null,
        "release_date": null
    }
},
{
    "model": "team.staff",
    "pk": 94,
    "fields": {
        "old_sk_id": null,
        "inserted": "2022-01-01T05:00:00Z",
        "inserted_by": null,
        "updated": "2022-01-01T05:00:00Z",
        "updated_by": null,
        "season": 2,
        "league": 4,
        "division": 8,
        "subdivision": 16,
        "team": 32,
        "user": 94,
        "type": 21,
        "status": 12,
        "importer": false,
        "affiliate": false,
        "tryout": false,
        "registration_date": null,
        "release_date": null
    }
},
{
    "model": "team.teamstatus",
    "pk": 1,
    "fields": {
        "old_sk_id": 22,
        "inserted": "2012-09-26T19:56:39Z",
        "inserted_by": null,
        "updated": "2012-09-26T19:56:39Z",
        "updated_by": null,
        "name": "ENTERED IN HCR",
        "weight": 1,
        "include_in_roster_export": true,
        "considered_approved": false,
        "clear_changed_staff_players_flag": false
    }
},
{
    "model": "team.teamstatus",
    "pk": 2,
    "fields": {
        "old_sk_id": 23,
        "inserted": "2012-09-26T19:57:22Z",
        "inserted_by": null,
        "updated": "2012-09-26T19:57:22Z",
        "updated_by": null,
        "name": "HCR ISSUES",
        "weight": 2,
        "include_in_roster_export": true,
        "considered_approved": false,
        "clear_changed_staff_players_flag": false
    }
},
{
    "model": "team.teamstatus",
    "pk": 3,
    "fields": {
        "old_sk_id": 24,
        "inserted": "2012-10-01T19:57:48Z",
        "inserted_by": null,
        "updated": "2012-10-01T19:57:48Z",
        "updated_by": null,
        "name": "PLAYERS READY FOR HC",
        "weight": 3,
        "include_in_roster_export": true,
        "considered_approved": false,
        "clear_changed_staff_players_flag": false
    }
},
{
    "model": "team.teamstatus",
    "pk": 4,
    "fields": {
        "old_sk_id": 25,
        "inserted": "2012-11-01T12:23:20Z",
        "inserted_by": null,
        "updated": "2012-11-01T12:23:20Z",
        "updated_by": null,
        "name": "WAITING FOR STAFF",
        "weight": 4,
        "include_in_roster_export": true,
        "considered_approved": false,
        "clear_changed_staff_players_flag": false
    }
},
{
    "model": "team.teamstatus",
    "pk": 5,
    "fields": {
        "old_sk_id": 26,
        "inserted": "2012-11-01T14:46:14Z",
        "inserted_by": null,
        "updated": "2012-11-01T14:46:14Z",
        "updated_by": null,
        "name": "APPROVAL NOT REQUIRED",
        "weight": 5,
        "include_in_roster_export": true,
        "considered_approved": false,
        "clear_changed_staff_players_flag": false
    }
},
{
    "model": "team.teamstatus",
    "pk": 6,
    "fields": {
        "old_sk_id": 27,
        "inserted": "2012-11-06T18:49:49Z",
        "inserted_by": null,
        "updated": "2012-11-06T18:49:49Z",
        "updated_by": null,
        "name": "RESUBMITTED FOR APPROVAL",
        "weight": 6,
        "include_in_roster_export": true,
        "considered_approved": false,
        "clear_changed_staff_players_flag": false
    }
},
{
    "model": "team.teamstatus",
    "pk": 7,
    "fields": {
        "old_sk_id": 29,
        "inserted": "2013-09-08T21:46:52Z",
        "inserted_by": null,
        "updated": "2013-09-08T21:46:52Z",
        "updated_by": null,
        "name": "WAITING ON COACH",
        "weight": 7,
        "include_in_roster_export": true,
        "considered_approved": false,
        "clear_changed_staff_players_flag": false
    }
},
{
    "model": "team.teamstatus",
    "pk": 8,
    "fields": {
        "old_sk_id": 30,
        "inserted": "2013-10-30T14:15:26Z",
        "inserted_by": null,
        "updated": "2013-10-30T14:15:26Z",
        "updated_by": null,
        "name": "SUBMIT WHEN BALANCED",
        "weight": 8,
        "include_in_roster_export": true,
        "considered_approved": false,
        "clear_changed_staff_players_flag": false
    }
},
{
    "model": "team.teamstatus",
    "pk": 9,
    "fields": {
        "old_sk_id": 31,
        "inserted": "2013-11-21T19:09:25Z",
        "inserted_by": null,
        "updated": "2013-11-21T20:02:18Z",
        "updated_by": null,
        "name": "APPROVED PLAYERS",
        "weight": 9,
        "include_in_roster_export": true,
        "considered_approved": false,
        "clear_changed_staff_players_flag": false
    }
},
{
    "model": "team.teamstatus",
    "pk": 10,
    "fields": {
        "old_sk_id": 32,
        "inserted": "2014-10-06T19:22:36Z",
        "inserted_by": null,
        "updated": "2014-10-06T19:22:36Z",
        "updated_by": null,
        "name": "IN DRAFT PROCESS",
        "weight": 10,
        "include_in_roster_export": false,
        "considered_approved": false,
        "clear_changed_staff_players_flag": false
    }
},
{
    "model": "team.teamstatus",
    "pk": 11,
    "fields": {
        "old_sk_id": 33,
        "inserted": "2014-10-06T19:27:52Z",
        "inserted_by": null,
        "updated": "2014-11-28T14:55:46Z",
        "updated_by": null,
        "name": "WAITING FOR A COACH",
        "weight": 11,
        "include_in_roster_export": true,
        "considered_approved": false,
        "clear_changed_staff_players_flag": false
    }
},
{
    "model": "team.teamstatus",
    "pk": 12,
    "fields": {
        "old_sk_id": 34,
        "inserted": "2014-10-21T18:42:05Z",
        "inserted_by": null,
        "updated": "2014-10-21T18:42:05Z",
        "updated_by": null,
        "name": "PLAYER ISSUES",
        "weight": 12,
        "include_in_roster_export": true,
        "considered_approved": false,
        "clear_changed_staff_players_flag": false
    }
},
{
    "model": "team.teamstatus",
    "pk": 13,
    "fields": {
        "old_sk_id": 35,
        "inserted": "2014-11-28T14:53:58Z",
        "inserted_by": null,
        "updated": "2014-11-28T14:53:58Z",
        "updated_by": null,
        "name": "PLAYERS SUBMITTED",
        "weight": 13,
        "include_in_roster_export": true,
        "considered_approved": false,
        "clear_changed_staff_players_flag": false
    }
},
{
    "model": "team.teamstatus",
    "pk": 14,
    "fields": {
        "old_sk_id": 38,
        "inserted": "2018-06-18T17:49:11Z",
        "inserted_by": null,
        "updated": "2018-06-18T17:49:11Z",
        "updated_by": null,
        "name": "STAFF READY NEED PLAYERS",
        "weight": 14,
        "include_in_roster_export": false,
        "considered_approved": false,
        "clear_changed_staff_players_flag": false
    }
},
{
    "model": "team.teamstatus",
    "pk": 15,
    "fields": {
        "old_sk_id": 16,
        "inserted": "2012-07-21T20:43:33.150Z",
        "inserted_by": null,
        "updated": "2012-07-21T20:43:33.150Z",
        "updated_by": null,
        "name": "INPROGRESS",
        "weight": 15,
        "include_in_roster_export": true,
        "considered_approved": false,
        "clear_changed_staff_players_flag": false
    }
},
{
    "model": "team.teamstatus",
    "pk": 16,
    "fields": {
        "old_sk_id": 21,
        "inserted": "2012-09-15T04:21:49.637Z",
        "inserted_by": null,
        "updated": "2012-09-15T04:21:49.637Z",
        "updated_by": null,
        "name": "DRAFTMODE",
        "weight": 16,
        "include_in_roster_export": true,
        "considered_approved": false,
        "clear_changed_staff_players_flag": false
    }
},
{
    "model": "team.teamstatus",
    "pk": 17,
    "fields": {
        "old_sk_id": 17,
        "inserted": "2012-07-21T20:43:33.150Z",
        "inserted_by": null,
        "updated": "2012-07-21T20:43:33.150Z",
        "updated_by": null,
        "name": "READY TO SUBMIT",
        "weight": 17,
        "include_in_roster_export": true,
        "considered_approved": false,
        "clear_changed_staff_players_flag": false
    }
},
{
    "model": "team.teamstatus",
    "pk": 18,
    "fields": {
        "old_sk_id": 18,
        "inserted": "2012-07-21T20:43:33Z",
        "inserted_by": null,
        "updated": "2015-12-09T19:59:23Z",
        "updated_by": null,
        "name": "SUBMITTED",
        "weight": 18,
        "include_in_roster_export": true,
        "considered_approved": false,
        "clear_changed_staff_players_flag": true
    }
},
{
    "model": "team.teamstatus",
    "pk": 19,
    "fields": {
        "old_sk_id": 19,
        "inserted": "2012-07-21T20:43:33Z",
        "inserted_by": null,
        "updated": "2013-11-21T19:09:50Z",
        "updated_by": null,
        "name": "APPROVED",
        "weight": 19,
        "include_in_roster_export": true,
        "considered_approved": false,
        "clear_changed_staff_players_flag": false
    }
},
{
    "model": "team.teamstatus",
    "pk": 20,
    "fields": {
        "old_sk_id": 20,
        "inserted": "2012-07-21T20:43:33.150Z",
        "inserted_by": null,
        "updated": "2012-07-21T20:43:33.150Z",
        "updated_by": null,
        "name": "REJECTED",
        "weight": 20,
        "include_in_roster_export": true,
        "considered_approved": false,
        "clear_changed_staff_players_flag": false
    }
},
{
    "model": "team.teamstatus",
    "pk": 21,
    "fields": {
        "old_sk_id": null,
        "inserted": "2022-01-01T05:00:00Z",
        "inserted_by": null,
        "updated": "2022-01-01T05:00:00Z",
        "updated_by": null,
        "name": "APPROVED",
        "weight": 0,
        "include_in_roster_export": true,
        "considered_approved": false,
        "clear_changed_staff_players_flag": false
    }
}
]
