[
{
    "model": "team.team",
    "pk": 1,
    "fields": {
        "old_sk_id": null,
        "inserted": "2022-03-09T02:43:06.383Z",
        "updated": "2022-03-09T02:43:06.383Z",
        "hockey_canada_id": null,
        "hockey_canada_system_id": null,
        "season": 1,
        "league": 1,
        "division": 1,
        "subdivision": 1,
        "name": "Graham",
        "number": 0,
        "status": 19,
        "status_reason": 38,
        "jersey_home": "",
        "jersey_away": "",
        "submitted": false,
        "submitted_date": null,
        "approved": false,
        "active": true,
        "draft_start_position": 1,
        "weight": 0
    }
},
{
    "model": "team.team",
    "pk": 2,
    "fields": {
        "old_sk_id": null,
        "inserted": "2022-03-09T02:43:06.393Z",
        "updated": "2022-03-09T02:43:06.393Z",
        "hockey_canada_id": null,
        "hockey_canada_system_id": null,
        "season": 1,
        "league": 1,
        "division": 1,
        "subdivision": 1,
        "name": "Henry",
        "number": 0,
        "status": 19,
        "status_reason": 38,
        "jersey_home": "",
        "jersey_away": "",
        "submitted": false,
        "submitted_date": null,
        "approved": false,
        "active": true,
        "draft_start_position": 1,
        "weight": 1
    }
},
{
    "model": "team.team",
    "pk": 3,
    "fields": {
        "old_sk_id": null,
        "inserted": "2022-03-09T02:43:06.412Z",
        "updated": "2022-03-09T02:43:06.412Z",
        "hockey_canada_id": null,
        "hockey_canada_system_id": null,
        "season": 1,
        "league": 1,
        "division": 1,
        "subdivision": 2,
        "name": "Graham",
        "number": 0,
        "status": 19,
        "status_reason": 38,
        "jersey_home": "",
        "jersey_away": "",
        "submitted": false,
        "submitted_date": null,
        "approved": false,
        "active": true,
        "draft_start_position": 1,
        "weight": 2
    }
},
{
    "model": "team.team",
    "pk": 4,
    "fields": {
        "old_sk_id": null,
        "inserted": "2022-03-09T02:43:06.421Z",
        "updated": "2022-03-09T02:43:06.421Z",
        "hockey_canada_id": null,
        "hockey_canada_system_id": null,
        "season": 1,
        "league": 1,
        "division": 1,
        "subdivision": 2,
        "name": "Henry",
        "number": 0,
        "status": 19,
        "status_reason": 38,
        "jersey_home": "",
        "jersey_away": "",
        "submitted": false,
        "submitted_date": null,
        "approved": false,
        "active": true,
        "draft_start_position": 1,
        "weight": 3
    }
},
{
    "model": "team.team",
    "pk": 5,
    "fields": {
        "old_sk_id": null,
        "inserted": "2022-03-09T02:43:06.447Z",
        "updated": "2022-03-09T02:43:06.447Z",
        "hockey_canada_id": null,
        "hockey_canada_system_id": null,
        "season": 1,
        "league": 1,
        "division": 2,
        "subdivision": 3,
        "name": "Graham",
        "number": 0,
        "status": 19,
        "status_reason": 38,
        "jersey_home": "",
        "jersey_away": "",
        "submitted": false,
        "submitted_date": null,
        "approved": false,
        "active": true,
        "draft_start_position": 1,
        "weight": 4
    }
},
{
    "model": "team.team",
    "pk": 6,
    "fields": {
        "old_sk_id": null,
        "inserted": "2022-03-09T02:43:06.458Z",
        "updated": "2022-03-09T02:43:06.458Z",
        "hockey_canada_id": null,
        "hockey_canada_system_id": null,
        "season": 1,
        "league": 1,
        "division": 2,
        "subdivision": 3,
        "name": "Henry",
        "number": 0,
        "status": 19,
        "status_reason": 38,
        "jersey_home": "",
        "jersey_away": "",
        "submitted": false,
        "submitted_date": null,
        "approved": false,
        "active": true,
        "draft_start_position": 1,
        "weight": 5
    }
},
{
    "model": "team.team",
    "pk": 7,
    "fields": {
        "old_sk_id": null,
        "inserted": "2022-03-09T02:43:06.476Z",
        "updated": "2022-03-09T02:43:06.476Z",
        "hockey_canada_id": null,
        "hockey_canada_system_id": null,
        "season": 1,
        "league": 1,
        "division": 2,
        "subdivision": 4,
        "name": "Graham",
        "number": 0,
        "status": 19,
        "status_reason": 38,
        "jersey_home": "",
        "jersey_away": "",
        "submitted": false,
        "submitted_date": null,
        "approved": false,
        "active": true,
        "draft_start_position": 1,
        "weight": 6
    }
},
{
    "model": "team.team",
    "pk": 8,
    "fields": {
        "old_sk_id": null,
        "inserted": "2022-03-09T02:43:06.484Z",
        "updated": "2022-03-09T02:43:06.484Z",
        "hockey_canada_id": null,
        "hockey_canada_system_id": null,
        "season": 1,
        "league": 1,
        "division": 2,
        "subdivision": 4,
        "name": "Henry",
        "number": 0,
        "status": 19,
        "status_reason": 38,
        "jersey_home": "",
        "jersey_away": "",
        "submitted": false,
        "submitted_date": null,
        "approved": false,
        "active": true,
        "draft_start_position": 1,
        "weight": 7
    }
},
{
    "model": "team.team",
    "pk": 9,
    "fields": {
        "old_sk_id": null,
        "inserted": "2022-03-09T02:43:06.516Z",
        "updated": "2022-03-09T02:43:06.516Z",
        "hockey_canada_id": null,
        "hockey_canada_system_id": null,
        "season": 1,
        "league": 2,
        "division": 3,
        "subdivision": 5,
        "name": "Graham",
        "number": 0,
        "status": 19,
        "status_reason": 38,
        "jersey_home": "",
        "jersey_away": "",
        "submitted": false,
        "submitted_date": null,
        "approved": false,
        "active": true,
        "draft_start_position": 1,
        "weight": 8
    }
},
{
    "model": "team.team",
    "pk": 10,
    "fields": {
        "old_sk_id": null,
        "inserted": "2022-03-09T02:43:06.526Z",
        "updated": "2022-03-09T02:43:06.526Z",
        "hockey_canada_id": null,
        "hockey_canada_system_id": null,
        "season": 1,
        "league": 2,
        "division": 3,
        "subdivision": 5,
        "name": "Henry",
        "number": 0,
        "status": 19,
        "status_reason": 38,
        "jersey_home": "",
        "jersey_away": "",
        "submitted": false,
        "submitted_date": null,
        "approved": false,
        "active": true,
        "draft_start_position": 1,
        "weight": 9
    }
},
{
    "model": "team.team",
    "pk": 11,
    "fields": {
        "old_sk_id": null,
        "inserted": "2022-03-09T02:43:06.543Z",
        "updated": "2022-03-09T02:43:06.543Z",
        "hockey_canada_id": null,
        "hockey_canada_system_id": null,
        "season": 1,
        "league": 2,
        "division": 3,
        "subdivision": 6,
        "name": "Graham",
        "number": 0,
        "status": 19,
        "status_reason": 38,
        "jersey_home": "",
        "jersey_away": "",
        "submitted": false,
        "submitted_date": null,
        "approved": false,
        "active": true,
        "draft_start_position": 1,
        "weight": 10
    }
},
{
    "model": "team.team",
    "pk": 12,
    "fields": {
        "old_sk_id": null,
        "inserted": "2022-03-09T02:43:06.551Z",
        "updated": "2022-03-09T02:43:06.551Z",
        "hockey_canada_id": null,
        "hockey_canada_system_id": null,
        "season": 1,
        "league": 2,
        "division": 3,
        "subdivision": 6,
        "name": "Henry",
        "number": 0,
        "status": 19,
        "status_reason": 38,
        "jersey_home": "",
        "jersey_away": "",
        "submitted": false,
        "submitted_date": null,
        "approved": false,
        "active": true,
        "draft_start_position": 1,
        "weight": 11
    }
},
{
    "model": "team.team",
    "pk": 13,
    "fields": {
        "old_sk_id": null,
        "inserted": "2022-03-09T02:43:06.576Z",
        "updated": "2022-03-09T02:43:06.576Z",
        "hockey_canada_id": null,
        "hockey_canada_system_id": null,
        "season": 1,
        "league": 2,
        "division": 4,
        "subdivision": 7,
        "name": "Graham",
        "number": 0,
        "status": 19,
        "status_reason": 38,
        "jersey_home": "",
        "jersey_away": "",
        "submitted": false,
        "submitted_date": null,
        "approved": false,
        "active": true,
        "draft_start_position": 1,
        "weight": 12
    }
},
{
    "model": "team.team",
    "pk": 14,
    "fields": {
        "old_sk_id": null,
        "inserted": "2022-03-09T02:43:06.584Z",
        "updated": "2022-03-09T02:43:06.584Z",
        "hockey_canada_id": null,
        "hockey_canada_system_id": null,
        "season": 1,
        "league": 2,
        "division": 4,
        "subdivision": 7,
        "name": "Henry",
        "number": 0,
        "status": 19,
        "status_reason": 38,
        "jersey_home": "",
        "jersey_away": "",
        "submitted": false,
        "submitted_date": null,
        "approved": false,
        "active": true,
        "draft_start_position": 1,
        "weight": 13
    }
},
{
    "model": "team.team",
    "pk": 15,
    "fields": {
        "old_sk_id": null,
        "inserted": "2022-03-09T02:43:06.600Z",
        "updated": "2022-03-09T02:43:06.600Z",
        "hockey_canada_id": null,
        "hockey_canada_system_id": null,
        "season": 1,
        "league": 2,
        "division": 4,
        "subdivision": 8,
        "name": "Graham",
        "number": 0,
        "status": 19,
        "status_reason": 38,
        "jersey_home": "",
        "jersey_away": "",
        "submitted": false,
        "submitted_date": null,
        "approved": false,
        "active": true,
        "draft_start_position": 1,
        "weight": 14
    }
},
{
    "model": "team.team",
    "pk": 16,
    "fields": {
        "old_sk_id": null,
        "inserted": "2022-03-09T02:43:06.608Z",
        "updated": "2022-03-09T02:43:06.608Z",
        "hockey_canada_id": null,
        "hockey_canada_system_id": null,
        "season": 1,
        "league": 2,
        "division": 4,
        "subdivision": 8,
        "name": "Henry",
        "number": 0,
        "status": 19,
        "status_reason": 38,
        "jersey_home": "",
        "jersey_away": "",
        "submitted": false,
        "submitted_date": null,
        "approved": false,
        "active": true,
        "draft_start_position": 1,
        "weight": 15
    }
},
{
    "model": "team.team",
    "pk": 17,
    "fields": {
        "old_sk_id": null,
        "inserted": "2022-03-09T02:43:06.648Z",
        "updated": "2022-03-09T02:43:06.648Z",
        "hockey_canada_id": null,
        "hockey_canada_system_id": null,
        "season": 2,
        "league": 3,
        "division": 5,
        "subdivision": 9,
        "name": "Graham",
        "number": 0,
        "status": 19,
        "status_reason": 38,
        "jersey_home": "",
        "jersey_away": "",
        "submitted": false,
        "submitted_date": null,
        "approved": false,
        "active": true,
        "draft_start_position": 1,
        "weight": 0
    }
},
{
    "model": "team.team",
    "pk": 18,
    "fields": {
        "old_sk_id": null,
        "inserted": "2022-03-09T02:43:06.656Z",
        "updated": "2022-03-09T02:43:06.656Z",
        "hockey_canada_id": null,
        "hockey_canada_system_id": null,
        "season": 2,
        "league": 3,
        "division": 5,
        "subdivision": 9,
        "name": "Henry",
        "number": 0,
        "status": 19,
        "status_reason": 38,
        "jersey_home": "",
        "jersey_away": "",
        "submitted": false,
        "submitted_date": null,
        "approved": false,
        "active": true,
        "draft_start_position": 1,
        "weight": 1
    }
},
{
    "model": "team.team",
    "pk": 19,
    "fields": {
        "old_sk_id": null,
        "inserted": "2022-03-09T02:43:06.672Z",
        "updated": "2022-03-09T02:43:06.672Z",
        "hockey_canada_id": null,
        "hockey_canada_system_id": null,
        "season": 2,
        "league": 3,
        "division": 5,
        "subdivision": 10,
        "name": "Graham",
        "number": 0,
        "status": 19,
        "status_reason": 38,
        "jersey_home": "",
        "jersey_away": "",
        "submitted": false,
        "submitted_date": null,
        "approved": false,
        "active": true,
        "draft_start_position": 1,
        "weight": 2
    }
},
{
    "model": "team.team",
    "pk": 20,
    "fields": {
        "old_sk_id": null,
        "inserted": "2022-03-09T02:43:06.680Z",
        "updated": "2022-03-09T02:43:06.680Z",
        "hockey_canada_id": null,
        "hockey_canada_system_id": null,
        "season": 2,
        "league": 3,
        "division": 5,
        "subdivision": 10,
        "name": "Henry",
        "number": 0,
        "status": 19,
        "status_reason": 38,
        "jersey_home": "",
        "jersey_away": "",
        "submitted": false,
        "submitted_date": null,
        "approved": false,
        "active": true,
        "draft_start_position": 1,
        "weight": 3
    }
},
{
    "model": "team.team",
    "pk": 21,
    "fields": {
        "old_sk_id": null,
        "inserted": "2022-03-09T02:43:06.704Z",
        "updated": "2022-03-09T02:43:06.704Z",
        "hockey_canada_id": null,
        "hockey_canada_system_id": null,
        "season": 2,
        "league": 3,
        "division": 6,
        "subdivision": 11,
        "name": "Graham",
        "number": 0,
        "status": 19,
        "status_reason": 38,
        "jersey_home": "",
        "jersey_away": "",
        "submitted": false,
        "submitted_date": null,
        "approved": false,
        "active": true,
        "draft_start_position": 1,
        "weight": 4
    }
},
{
    "model": "team.team",
    "pk": 22,
    "fields": {
        "old_sk_id": null,
        "inserted": "2022-03-09T02:43:06.712Z",
        "updated": "2022-03-09T02:43:06.712Z",
        "hockey_canada_id": null,
        "hockey_canada_system_id": null,
        "season": 2,
        "league": 3,
        "division": 6,
        "subdivision": 11,
        "name": "Henry",
        "number": 0,
        "status": 19,
        "status_reason": 38,
        "jersey_home": "",
        "jersey_away": "",
        "submitted": false,
        "submitted_date": null,
        "approved": false,
        "active": true,
        "draft_start_position": 1,
        "weight": 5
    }
},
{
    "model": "team.team",
    "pk": 23,
    "fields": {
        "old_sk_id": null,
        "inserted": "2022-03-09T02:43:06.727Z",
        "updated": "2022-03-09T02:43:06.727Z",
        "hockey_canada_id": null,
        "hockey_canada_system_id": null,
        "season": 2,
        "league": 3,
        "division": 6,
        "subdivision": 12,
        "name": "Graham",
        "number": 0,
        "status": 19,
        "status_reason": 38,
        "jersey_home": "",
        "jersey_away": "",
        "submitted": false,
        "submitted_date": null,
        "approved": false,
        "active": true,
        "draft_start_position": 1,
        "weight": 6
    }
},
{
    "model": "team.team",
    "pk": 24,
    "fields": {
        "old_sk_id": null,
        "inserted": "2022-03-09T02:43:06.735Z",
        "updated": "2022-03-09T02:43:06.735Z",
        "hockey_canada_id": null,
        "hockey_canada_system_id": null,
        "season": 2,
        "league": 3,
        "division": 6,
        "subdivision": 12,
        "name": "Henry",
        "number": 0,
        "status": 19,
        "status_reason": 38,
        "jersey_home": "",
        "jersey_away": "",
        "submitted": false,
        "submitted_date": null,
        "approved": false,
        "active": true,
        "draft_start_position": 1,
        "weight": 7
    }
},
{
    "model": "team.team",
    "pk": 25,
    "fields": {
        "old_sk_id": null,
        "inserted": "2022-03-09T02:43:06.768Z",
        "updated": "2022-03-09T02:43:06.768Z",
        "hockey_canada_id": null,
        "hockey_canada_system_id": null,
        "season": 2,
        "league": 4,
        "division": 7,
        "subdivision": 13,
        "name": "Graham",
        "number": 0,
        "status": 19,
        "status_reason": 38,
        "jersey_home": "",
        "jersey_away": "",
        "submitted": false,
        "submitted_date": null,
        "approved": false,
        "active": true,
        "draft_start_position": 1,
        "weight": 8
    }
},
{
    "model": "team.team",
    "pk": 26,
    "fields": {
        "old_sk_id": null,
        "inserted": "2022-03-09T02:43:06.777Z",
        "updated": "2022-03-09T02:43:06.777Z",
        "hockey_canada_id": null,
        "hockey_canada_system_id": null,
        "season": 2,
        "league": 4,
        "division": 7,
        "subdivision": 13,
        "name": "Henry",
        "number": 0,
        "status": 19,
        "status_reason": 38,
        "jersey_home": "",
        "jersey_away": "",
        "submitted": false,
        "submitted_date": null,
        "approved": false,
        "active": true,
        "draft_start_position": 1,
        "weight": 9
    }
},
{
    "model": "team.team",
    "pk": 27,
    "fields": {
        "old_sk_id": null,
        "inserted": "2022-03-09T02:43:06.794Z",
        "updated": "2022-03-09T02:43:06.794Z",
        "hockey_canada_id": null,
        "hockey_canada_system_id": null,
        "season": 2,
        "league": 4,
        "division": 7,
        "subdivision": 14,
        "name": "Graham",
        "number": 0,
        "status": 19,
        "status_reason": 38,
        "jersey_home": "",
        "jersey_away": "",
        "submitted": false,
        "submitted_date": null,
        "approved": false,
        "active": true,
        "draft_start_position": 1,
        "weight": 10
    }
},
{
    "model": "team.team",
    "pk": 28,
    "fields": {
        "old_sk_id": null,
        "inserted": "2022-03-09T02:43:06.803Z",
        "updated": "2022-03-09T02:43:06.803Z",
        "hockey_canada_id": null,
        "hockey_canada_system_id": null,
        "season": 2,
        "league": 4,
        "division": 7,
        "subdivision": 14,
        "name": "Henry",
        "number": 0,
        "status": 19,
        "status_reason": 38,
        "jersey_home": "",
        "jersey_away": "",
        "submitted": false,
        "submitted_date": null,
        "approved": false,
        "active": true,
        "draft_start_position": 1,
        "weight": 11
    }
},
{
    "model": "team.team",
    "pk": 29,
    "fields": {
        "old_sk_id": null,
        "inserted": "2022-03-09T02:43:06.829Z",
        "updated": "2022-03-09T02:43:06.829Z",
        "hockey_canada_id": null,
        "hockey_canada_system_id": null,
        "season": 2,
        "league": 4,
        "division": 8,
        "subdivision": 15,
        "name": "Graham",
        "number": 0,
        "status": 19,
        "status_reason": 38,
        "jersey_home": "",
        "jersey_away": "",
        "submitted": false,
        "submitted_date": null,
        "approved": false,
        "active": true,
        "draft_start_position": 1,
        "weight": 12
    }
},
{
    "model": "team.team",
    "pk": 30,
    "fields": {
        "old_sk_id": null,
        "inserted": "2022-03-09T02:43:06.837Z",
        "updated": "2022-03-09T02:43:06.837Z",
        "hockey_canada_id": null,
        "hockey_canada_system_id": null,
        "season": 2,
        "league": 4,
        "division": 8,
        "subdivision": 15,
        "name": "Henry",
        "number": 0,
        "status": 19,
        "status_reason": 38,
        "jersey_home": "",
        "jersey_away": "",
        "submitted": false,
        "submitted_date": null,
        "approved": false,
        "active": true,
        "draft_start_position": 1,
        "weight": 13
    }
},
{
    "model": "team.team",
    "pk": 31,
    "fields": {
        "old_sk_id": null,
        "inserted": "2022-03-09T02:43:06.854Z",
        "updated": "2022-03-09T02:43:06.854Z",
        "hockey_canada_id": null,
        "hockey_canada_system_id": null,
        "season": 2,
        "league": 4,
        "division": 8,
        "subdivision": 16,
        "name": "Graham",
        "number": 0,
        "status": 19,
        "status_reason": 38,
        "jersey_home": "",
        "jersey_away": "",
        "submitted": false,
        "submitted_date": null,
        "approved": false,
        "active": true,
        "draft_start_position": 1,
        "weight": 14
    }
},
{
    "model": "team.team",
    "pk": 32,
    "fields": {
        "old_sk_id": null,
        "inserted": "2022-03-09T02:43:06.863Z",
        "updated": "2022-03-09T02:43:06.863Z",
        "hockey_canada_id": null,
        "hockey_canada_system_id": null,
        "season": 2,
        "league": 4,
        "division": 8,
        "subdivision": 16,
        "name": "Henry",
        "number": 0,
        "status": 19,
        "status_reason": 38,
        "jersey_home": "",
        "jersey_away": "",
        "submitted": false,
        "submitted_date": null,
        "approved": false,
        "active": true,
        "draft_start_position": 1,
        "weight": 15
    }
},
{
    "model": "team.stafftype",
    "pk": 21,
    "fields": {
        "old_sk_id": null,
        "inserted": "2022-03-09T02:43:06.314Z",
        "updated": "2022-03-09T02:43:06.314Z",
        "team_can_edit": true,
        "team_can_vote": false,
        "name": "Coach",
        "weight": 0,
        "required": false,
        "web_access": false
    }
},
{
    "model": "team.stafftype",
    "pk": 22,
    "fields": {
        "old_sk_id": null,
        "inserted": "2022-03-09T02:43:06.320Z",
        "updated": "2022-03-09T02:43:06.320Z",
        "team_can_edit": true,
        "team_can_vote": false,
        "name": "Convenor",
        "weight": 1,
        "required": false,
        "web_access": false
    }
},
{
    "model": "team.stafftype",
    "pk": 23,
    "fields": {
        "old_sk_id": null,
        "inserted": "2022-03-09T02:43:06.325Z",
        "updated": "2022-03-09T02:43:06.325Z",
        "team_can_edit": true,
        "team_can_vote": false,
        "name": "VP",
        "weight": 2,
        "required": false,
        "web_access": false
    }
},
{
    "model": "team.stafftype",
    "pk": 24,
    "fields": {
        "old_sk_id": null,
        "inserted": "2022-03-09T02:43:06.331Z",
        "updated": "2022-03-09T02:43:06.331Z",
        "team_can_edit": true,
        "team_can_vote": false,
        "name": "Admin",
        "weight": 3,
        "required": false,
        "web_access": false
    }
},
{
    "model": "team.staffstatus",
    "pk": 1,
    "fields": {
        "old_sk_id": 9,
        "inserted": "2014-09-24T20:52:56Z",
        "updated": "2022-03-09T02:43:05.372Z",
        "name": "NEW",
        "weight": 0,
        "include_in_roster_export": true
    }
},
{
    "model": "team.staffstatus",
    "pk": 2,
    "fields": {
        "old_sk_id": 1,
        "inserted": "2012-07-03T09:54:05.640Z",
        "updated": "2022-03-09T02:43:05.380Z",
        "name": "INPROGRESS",
        "weight": 1,
        "include_in_roster_export": true
    }
},
{
    "model": "team.staffstatus",
    "pk": 3,
    "fields": {
        "old_sk_id": 6,
        "inserted": "2012-10-01T21:21:22Z",
        "updated": "2022-03-09T02:43:05.388Z",
        "name": "TRANSFER REQUIRED",
        "weight": 2,
        "include_in_roster_export": true
    }
},
{
    "model": "team.staffstatus",
    "pk": 4,
    "fields": {
        "old_sk_id": 7,
        "inserted": "2013-09-08T22:15:50Z",
        "updated": "2022-03-09T02:43:05.396Z",
        "name": "AWAITING CERTIFICATIONS",
        "weight": 3,
        "include_in_roster_export": true
    }
},
{
    "model": "team.staffstatus",
    "pk": 5,
    "fields": {
        "old_sk_id": 8,
        "inserted": "2013-09-08T22:17:40Z",
        "updated": "2022-03-09T02:43:05.405Z",
        "name": "CHECK CERTIFICATIONS",
        "weight": 4,
        "include_in_roster_export": true
    }
},
{
    "model": "team.staffstatus",
    "pk": 6,
    "fields": {
        "old_sk_id": 10,
        "inserted": "2014-10-06T19:11:42Z",
        "updated": "2022-03-09T02:43:05.414Z",
        "name": "DECLARATION REQUIRED",
        "weight": 5,
        "include_in_roster_export": true
    }
},
{
    "model": "team.staffstatus",
    "pk": 7,
    "fields": {
        "old_sk_id": 11,
        "inserted": "2015-03-05T20:32:35Z",
        "updated": "2022-03-09T02:43:05.423Z",
        "name": "PC REQUIRED",
        "weight": 6,
        "include_in_roster_export": true
    }
},
{
    "model": "team.staffstatus",
    "pk": 8,
    "fields": {
        "old_sk_id": 2,
        "inserted": "2012-07-03T09:54:05.640Z",
        "updated": "2022-03-09T02:43:05.432Z",
        "name": "READY TO SUBMIT",
        "weight": 7,
        "include_in_roster_export": true
    }
},
{
    "model": "team.staffstatus",
    "pk": 9,
    "fields": {
        "old_sk_id": 3,
        "inserted": "2012-07-03T09:54:05.640Z",
        "updated": "2022-03-09T02:43:05.442Z",
        "name": "SUBMITTED",
        "weight": 8,
        "include_in_roster_export": true
    }
},
{
    "model": "team.staffstatus",
    "pk": 10,
    "fields": {
        "old_sk_id": 4,
        "inserted": "2012-07-03T09:54:05.640Z",
        "updated": "2022-03-09T02:43:05.452Z",
        "name": "APPROVED",
        "weight": 9,
        "include_in_roster_export": true
    }
},
{
    "model": "team.staffstatus",
    "pk": 11,
    "fields": {
        "old_sk_id": 5,
        "inserted": "2012-07-03T09:54:05.640Z",
        "updated": "2022-03-09T02:43:05.460Z",
        "name": "REJECTED",
        "weight": 10,
        "include_in_roster_export": true
    }
},
{
    "model": "team.staffstatusreason",
    "pk": 1,
    "fields": {
        "old_sk_id": 1,
        "inserted": "2012-07-21T21:38:29.157Z",
        "updated": "2022-03-09T02:43:05.471Z",
        "name": "OK",
        "weight": 0
    }
},
{
    "model": "team.staffstatusreason",
    "pk": 2,
    "fields": {
        "old_sk_id": 2,
        "inserted": "2012-07-21T21:38:29.157Z",
        "updated": "2022-03-09T02:43:05.480Z",
        "name": "CERTIFICATIONS REQUIRED",
        "weight": 1
    }
},
{
    "model": "team.staff",
    "pk": 1,
    "fields": {
        "old_sk_id": null,
        "inserted": "2022-03-09T02:43:06.346Z",
        "updated": "2022-03-09T02:43:06.346Z",
        "season": 1,
        "league": null,
        "division": null,
        "subdivision": null,
        "team": null,
        "user": 1,
        "type": 24,
        "status": 10,
        "importer": false,
        "affiliate": false,
        "tryout": false,
        "registration_date": null,
        "release_date": null
    }
},
{
    "model": "team.staff",
    "pk": 2,
    "fields": {
        "old_sk_id": null,
        "inserted": "2022-03-09T02:43:06.356Z",
        "updated": "2022-03-09T02:43:06.356Z",
        "season": 1,
        "league": 1,
        "division": null,
        "subdivision": null,
        "team": null,
        "user": 2,
        "type": 23,
        "status": 10,
        "importer": false,
        "affiliate": false,
        "tryout": false,
        "registration_date": null,
        "release_date": null
    }
},
{
    "model": "team.staff",
    "pk": 3,
    "fields": {
        "old_sk_id": null,
        "inserted": "2022-03-09T02:43:06.368Z",
        "updated": "2022-03-09T02:43:06.368Z",
        "season": 1,
        "league": 1,
        "division": 1,
        "subdivision": null,
        "team": null,
        "user": 3,
        "type": 23,
        "status": 10,
        "importer": false,
        "affiliate": false,
        "tryout": false,
        "registration_date": null,
        "release_date": null
    }
},
{
    "model": "team.staff",
    "pk": 4,
    "fields": {
        "old_sk_id": null,
        "inserted": "2022-03-09T02:43:06.379Z",
        "updated": "2022-03-09T02:43:06.379Z",
        "season": 1,
        "league": 1,
        "division": 1,
        "subdivision": 1,
        "team": null,
        "user": 4,
        "type": 22,
        "status": 10,
        "importer": false,
        "affiliate": false,
        "tryout": false,
        "registration_date": null,
        "release_date": null
    }
},
{
    "model": "team.staff",
    "pk": 5,
    "fields": {
        "old_sk_id": null,
        "inserted": "2022-03-09T02:43:06.390Z",
        "updated": "2022-03-09T02:43:06.390Z",
        "season": 1,
        "league": 1,
        "division": 1,
        "subdivision": 1,
        "team": 1,
        "user": 5,
        "type": 21,
        "status": 10,
        "importer": false,
        "affiliate": false,
        "tryout": false,
        "registration_date": null,
        "release_date": null
    }
},
{
    "model": "team.staff",
    "pk": 6,
    "fields": {
        "old_sk_id": null,
        "inserted": "2022-03-09T02:43:06.399Z",
        "updated": "2022-03-09T02:43:06.399Z",
        "season": 1,
        "league": 1,
        "division": 1,
        "subdivision": 1,
        "team": 2,
        "user": 6,
        "type": 21,
        "status": 10,
        "importer": false,
        "affiliate": false,
        "tryout": false,
        "registration_date": null,
        "release_date": null
    }
},
{
    "model": "team.staff",
    "pk": 7,
    "fields": {
        "old_sk_id": null,
        "inserted": "2022-03-09T02:43:06.409Z",
        "updated": "2022-03-09T02:43:06.409Z",
        "season": 1,
        "league": 1,
        "division": 1,
        "subdivision": 2,
        "team": null,
        "user": 7,
        "type": 22,
        "status": 10,
        "importer": false,
        "affiliate": false,
        "tryout": false,
        "registration_date": null,
        "release_date": null
    }
},
{
    "model": "team.staff",
    "pk": 8,
    "fields": {
        "old_sk_id": null,
        "inserted": "2022-03-09T02:43:06.418Z",
        "updated": "2022-03-09T02:43:06.418Z",
        "season": 1,
        "league": 1,
        "division": 1,
        "subdivision": 2,
        "team": 3,
        "user": 8,
        "type": 21,
        "status": 10,
        "importer": false,
        "affiliate": false,
        "tryout": false,
        "registration_date": null,
        "release_date": null
    }
},
{
    "model": "team.staff",
    "pk": 9,
    "fields": {
        "old_sk_id": null,
        "inserted": "2022-03-09T02:43:06.428Z",
        "updated": "2022-03-09T02:43:06.428Z",
        "season": 1,
        "league": 1,
        "division": 1,
        "subdivision": 2,
        "team": 4,
        "user": 9,
        "type": 21,
        "status": 10,
        "importer": false,
        "affiliate": false,
        "tryout": false,
        "registration_date": null,
        "release_date": null
    }
},
{
    "model": "team.staff",
    "pk": 10,
    "fields": {
        "old_sk_id": null,
        "inserted": "2022-03-09T02:43:06.436Z",
        "updated": "2022-03-09T02:43:06.436Z",
        "season": 1,
        "league": 1,
        "division": 2,
        "subdivision": null,
        "team": null,
        "user": 10,
        "type": 23,
        "status": 10,
        "importer": false,
        "affiliate": false,
        "tryout": false,
        "registration_date": null,
        "release_date": null
    }
},
{
    "model": "team.staff",
    "pk": 11,
    "fields": {
        "old_sk_id": null,
        "inserted": "2022-03-09T02:43:06.445Z",
        "updated": "2022-03-09T02:43:06.445Z",
        "season": 1,
        "league": 1,
        "division": 2,
        "subdivision": 3,
        "team": null,
        "user": 11,
        "type": 22,
        "status": 10,
        "importer": false,
        "affiliate": false,
        "tryout": false,
        "registration_date": null,
        "release_date": null
    }
},
{
    "model": "team.staff",
    "pk": 12,
    "fields": {
        "old_sk_id": null,
        "inserted": "2022-03-09T02:43:06.455Z",
        "updated": "2022-03-09T02:43:06.455Z",
        "season": 1,
        "league": 1,
        "division": 2,
        "subdivision": 3,
        "team": 5,
        "user": 12,
        "type": 21,
        "status": 10,
        "importer": false,
        "affiliate": false,
        "tryout": false,
        "registration_date": null,
        "release_date": null
    }
},
{
    "model": "team.staff",
    "pk": 13,
    "fields": {
        "old_sk_id": null,
        "inserted": "2022-03-09T02:43:06.465Z",
        "updated": "2022-03-09T02:43:06.465Z",
        "season": 1,
        "league": 1,
        "division": 2,
        "subdivision": 3,
        "team": 6,
        "user": 13,
        "type": 21,
        "status": 10,
        "importer": false,
        "affiliate": false,
        "tryout": false,
        "registration_date": null,
        "release_date": null
    }
},
{
    "model": "team.staff",
    "pk": 14,
    "fields": {
        "old_sk_id": null,
        "inserted": "2022-03-09T02:43:06.474Z",
        "updated": "2022-03-09T02:43:06.474Z",
        "season": 1,
        "league": 1,
        "division": 2,
        "subdivision": 4,
        "team": null,
        "user": 14,
        "type": 22,
        "status": 10,
        "importer": false,
        "affiliate": false,
        "tryout": false,
        "registration_date": null,
        "release_date": null
    }
},
{
    "model": "team.staff",
    "pk": 15,
    "fields": {
        "old_sk_id": null,
        "inserted": "2022-03-09T02:43:06.481Z",
        "updated": "2022-03-09T02:43:06.481Z",
        "season": 1,
        "league": 1,
        "division": 2,
        "subdivision": 4,
        "team": 7,
        "user": 15,
        "type": 21,
        "status": 10,
        "importer": false,
        "affiliate": false,
        "tryout": false,
        "registration_date": null,
        "release_date": null
    }
},
{
    "model": "team.staff",
    "pk": 16,
    "fields": {
        "old_sk_id": null,
        "inserted": "2022-03-09T02:43:06.490Z",
        "updated": "2022-03-09T02:43:06.490Z",
        "season": 1,
        "league": 1,
        "division": 2,
        "subdivision": 4,
        "team": 8,
        "user": 16,
        "type": 21,
        "status": 10,
        "importer": false,
        "affiliate": false,
        "tryout": false,
        "registration_date": null,
        "release_date": null
    }
},
{
    "model": "team.staff",
    "pk": 17,
    "fields": {
        "old_sk_id": null,
        "inserted": "2022-03-09T02:43:06.498Z",
        "updated": "2022-03-09T02:43:06.498Z",
        "season": 1,
        "league": 2,
        "division": null,
        "subdivision": null,
        "team": null,
        "user": 17,
        "type": 23,
        "status": 10,
        "importer": false,
        "affiliate": false,
        "tryout": false,
        "registration_date": null,
        "release_date": null
    }
},
{
    "model": "team.staff",
    "pk": 18,
    "fields": {
        "old_sk_id": null,
        "inserted": "2022-03-09T02:43:06.506Z",
        "updated": "2022-03-09T02:43:06.506Z",
        "season": 1,
        "league": 2,
        "division": 3,
        "subdivision": null,
        "team": null,
        "user": 18,
        "type": 23,
        "status": 10,
        "importer": false,
        "affiliate": false,
        "tryout": false,
        "registration_date": null,
        "release_date": null
    }
},
{
    "model": "team.staff",
    "pk": 19,
    "fields": {
        "old_sk_id": null,
        "inserted": "2022-03-09T02:43:06.513Z",
        "updated": "2022-03-09T02:43:06.514Z",
        "season": 1,
        "league": 2,
        "division": 3,
        "subdivision": 5,
        "team": null,
        "user": 19,
        "type": 22,
        "status": 10,
        "importer": false,
        "affiliate": false,
        "tryout": false,
        "registration_date": null,
        "release_date": null
    }
},
{
    "model": "team.staff",
    "pk": 20,
    "fields": {
        "old_sk_id": null,
        "inserted": "2022-03-09T02:43:06.523Z",
        "updated": "2022-03-09T02:43:06.523Z",
        "season": 1,
        "league": 2,
        "division": 3,
        "subdivision": 5,
        "team": 9,
        "user": 20,
        "type": 21,
        "status": 10,
        "importer": false,
        "affiliate": false,
        "tryout": false,
        "registration_date": null,
        "release_date": null
    }
},
{
    "model": "team.staff",
    "pk": 21,
    "fields": {
        "old_sk_id": null,
        "inserted": "2022-03-09T02:43:06.532Z",
        "updated": "2022-03-09T02:43:06.532Z",
        "season": 1,
        "league": 2,
        "division": 3,
        "subdivision": 5,
        "team": 10,
        "user": 21,
        "type": 21,
        "status": 10,
        "importer": false,
        "affiliate": false,
        "tryout": false,
        "registration_date": null,
        "release_date": null
    }
},
{
    "model": "team.staff",
    "pk": 22,
    "fields": {
        "old_sk_id": null,
        "inserted": "2022-03-09T02:43:06.540Z",
        "updated": "2022-03-09T02:43:06.540Z",
        "season": 1,
        "league": 2,
        "division": 3,
        "subdivision": 6,
        "team": null,
        "user": 22,
        "type": 22,
        "status": 10,
        "importer": false,
        "affiliate": false,
        "tryout": false,
        "registration_date": null,
        "release_date": null
    }
},
{
    "model": "team.staff",
    "pk": 23,
    "fields": {
        "old_sk_id": null,
        "inserted": "2022-03-09T02:43:06.548Z",
        "updated": "2022-03-09T02:43:06.548Z",
        "season": 1,
        "league": 2,
        "division": 3,
        "subdivision": 6,
        "team": 11,
        "user": 23,
        "type": 21,
        "status": 10,
        "importer": false,
        "affiliate": false,
        "tryout": false,
        "registration_date": null,
        "release_date": null
    }
},
{
    "model": "team.staff",
    "pk": 24,
    "fields": {
        "old_sk_id": null,
        "inserted": "2022-03-09T02:43:06.557Z",
        "updated": "2022-03-09T02:43:06.557Z",
        "season": 1,
        "league": 2,
        "division": 3,
        "subdivision": 6,
        "team": 12,
        "user": 24,
        "type": 21,
        "status": 10,
        "importer": false,
        "affiliate": false,
        "tryout": false,
        "registration_date": null,
        "release_date": null
    }
},
{
    "model": "team.staff",
    "pk": 25,
    "fields": {
        "old_sk_id": null,
        "inserted": "2022-03-09T02:43:06.566Z",
        "updated": "2022-03-09T02:43:06.566Z",
        "season": 1,
        "league": 2,
        "division": 4,
        "subdivision": null,
        "team": null,
        "user": 25,
        "type": 23,
        "status": 10,
        "importer": false,
        "affiliate": false,
        "tryout": false,
        "registration_date": null,
        "release_date": null
    }
},
{
    "model": "team.staff",
    "pk": 26,
    "fields": {
        "old_sk_id": null,
        "inserted": "2022-03-09T02:43:06.573Z",
        "updated": "2022-03-09T02:43:06.573Z",
        "season": 1,
        "league": 2,
        "division": 4,
        "subdivision": 7,
        "team": null,
        "user": 26,
        "type": 22,
        "status": 10,
        "importer": false,
        "affiliate": false,
        "tryout": false,
        "registration_date": null,
        "release_date": null
    }
},
{
    "model": "team.staff",
    "pk": 27,
    "fields": {
        "old_sk_id": null,
        "inserted": "2022-03-09T02:43:06.582Z",
        "updated": "2022-03-09T02:43:06.582Z",
        "season": 1,
        "league": 2,
        "division": 4,
        "subdivision": 7,
        "team": 13,
        "user": 27,
        "type": 21,
        "status": 10,
        "importer": false,
        "affiliate": false,
        "tryout": false,
        "registration_date": null,
        "release_date": null
    }
},
{
    "model": "team.staff",
    "pk": 28,
    "fields": {
        "old_sk_id": null,
        "inserted": "2022-03-09T02:43:06.590Z",
        "updated": "2022-03-09T02:43:06.590Z",
        "season": 1,
        "league": 2,
        "division": 4,
        "subdivision": 7,
        "team": 14,
        "user": 28,
        "type": 21,
        "status": 10,
        "importer": false,
        "affiliate": false,
        "tryout": false,
        "registration_date": null,
        "release_date": null
    }
},
{
    "model": "team.staff",
    "pk": 29,
    "fields": {
        "old_sk_id": null,
        "inserted": "2022-03-09T02:43:06.598Z",
        "updated": "2022-03-09T02:43:06.598Z",
        "season": 1,
        "league": 2,
        "division": 4,
        "subdivision": 8,
        "team": null,
        "user": 29,
        "type": 22,
        "status": 10,
        "importer": false,
        "affiliate": false,
        "tryout": false,
        "registration_date": null,
        "release_date": null
    }
},
{
    "model": "team.staff",
    "pk": 30,
    "fields": {
        "old_sk_id": null,
        "inserted": "2022-03-09T02:43:06.606Z",
        "updated": "2022-03-09T02:43:06.606Z",
        "season": 1,
        "league": 2,
        "division": 4,
        "subdivision": 8,
        "team": 15,
        "user": 30,
        "type": 21,
        "status": 10,
        "importer": false,
        "affiliate": false,
        "tryout": false,
        "registration_date": null,
        "release_date": null
    }
},
{
    "model": "team.staff",
    "pk": 31,
    "fields": {
        "old_sk_id": null,
        "inserted": "2022-03-09T02:43:06.614Z",
        "updated": "2022-03-09T02:43:06.614Z",
        "season": 1,
        "league": 2,
        "division": 4,
        "subdivision": 8,
        "team": 16,
        "user": 31,
        "type": 21,
        "status": 10,
        "importer": false,
        "affiliate": false,
        "tryout": false,
        "registration_date": null,
        "release_date": null
    }
},
{
    "model": "team.staff",
    "pk": 32,
    "fields": {
        "old_sk_id": null,
        "inserted": "2022-03-09T02:43:06.622Z",
        "updated": "2022-03-09T02:43:06.622Z",
        "season": 2,
        "league": null,
        "division": null,
        "subdivision": null,
        "team": null,
        "user": 32,
        "type": 24,
        "status": 10,
        "importer": false,
        "affiliate": false,
        "tryout": false,
        "registration_date": null,
        "release_date": null
    }
},
{
    "model": "team.staff",
    "pk": 33,
    "fields": {
        "old_sk_id": null,
        "inserted": "2022-03-09T02:43:06.629Z",
        "updated": "2022-03-09T02:43:06.629Z",
        "season": 2,
        "league": 3,
        "division": null,
        "subdivision": null,
        "team": null,
        "user": 33,
        "type": 23,
        "status": 10,
        "importer": false,
        "affiliate": false,
        "tryout": false,
        "registration_date": null,
        "release_date": null
    }
},
{
    "model": "team.staff",
    "pk": 34,
    "fields": {
        "old_sk_id": null,
        "inserted": "2022-03-09T02:43:06.637Z",
        "updated": "2022-03-09T02:43:06.637Z",
        "season": 2,
        "league": 3,
        "division": 5,
        "subdivision": null,
        "team": null,
        "user": 34,
        "type": 23,
        "status": 10,
        "importer": false,
        "affiliate": false,
        "tryout": false,
        "registration_date": null,
        "release_date": null
    }
},
{
    "model": "team.staff",
    "pk": 35,
    "fields": {
        "old_sk_id": null,
        "inserted": "2022-03-09T02:43:06.645Z",
        "updated": "2022-03-09T02:43:06.645Z",
        "season": 2,
        "league": 3,
        "division": 5,
        "subdivision": 9,
        "team": null,
        "user": 35,
        "type": 22,
        "status": 10,
        "importer": false,
        "affiliate": false,
        "tryout": false,
        "registration_date": null,
        "release_date": null
    }
},
{
    "model": "team.staff",
    "pk": 36,
    "fields": {
        "old_sk_id": null,
        "inserted": "2022-03-09T02:43:06.653Z",
        "updated": "2022-03-09T02:43:06.653Z",
        "season": 2,
        "league": 3,
        "division": 5,
        "subdivision": 9,
        "team": 17,
        "user": 36,
        "type": 21,
        "status": 10,
        "importer": false,
        "affiliate": false,
        "tryout": false,
        "registration_date": null,
        "release_date": null
    }
},
{
    "model": "team.staff",
    "pk": 37,
    "fields": {
        "old_sk_id": null,
        "inserted": "2022-03-09T02:43:06.662Z",
        "updated": "2022-03-09T02:43:06.662Z",
        "season": 2,
        "league": 3,
        "division": 5,
        "subdivision": 9,
        "team": 18,
        "user": 37,
        "type": 21,
        "status": 10,
        "importer": false,
        "affiliate": false,
        "tryout": false,
        "registration_date": null,
        "release_date": null
    }
},
{
    "model": "team.staff",
    "pk": 38,
    "fields": {
        "old_sk_id": null,
        "inserted": "2022-03-09T02:43:06.670Z",
        "updated": "2022-03-09T02:43:06.670Z",
        "season": 2,
        "league": 3,
        "division": 5,
        "subdivision": 10,
        "team": null,
        "user": 38,
        "type": 22,
        "status": 10,
        "importer": false,
        "affiliate": false,
        "tryout": false,
        "registration_date": null,
        "release_date": null
    }
},
{
    "model": "team.staff",
    "pk": 39,
    "fields": {
        "old_sk_id": null,
        "inserted": "2022-03-09T02:43:06.678Z",
        "updated": "2022-03-09T02:43:06.678Z",
        "season": 2,
        "league": 3,
        "division": 5,
        "subdivision": 10,
        "team": 19,
        "user": 39,
        "type": 21,
        "status": 10,
        "importer": false,
        "affiliate": false,
        "tryout": false,
        "registration_date": null,
        "release_date": null
    }
},
{
    "model": "team.staff",
    "pk": 40,
    "fields": {
        "old_sk_id": null,
        "inserted": "2022-03-09T02:43:06.686Z",
        "updated": "2022-03-09T02:43:06.686Z",
        "season": 2,
        "league": 3,
        "division": 5,
        "subdivision": 10,
        "team": 20,
        "user": 40,
        "type": 21,
        "status": 10,
        "importer": false,
        "affiliate": false,
        "tryout": false,
        "registration_date": null,
        "release_date": null
    }
},
{
    "model": "team.staff",
    "pk": 41,
    "fields": {
        "old_sk_id": null,
        "inserted": "2022-03-09T02:43:06.694Z",
        "updated": "2022-03-09T02:43:06.694Z",
        "season": 2,
        "league": 3,
        "division": 6,
        "subdivision": null,
        "team": null,
        "user": 41,
        "type": 23,
        "status": 10,
        "importer": false,
        "affiliate": false,
        "tryout": false,
        "registration_date": null,
        "release_date": null
    }
},
{
    "model": "team.staff",
    "pk": 42,
    "fields": {
        "old_sk_id": null,
        "inserted": "2022-03-09T02:43:06.702Z",
        "updated": "2022-03-09T02:43:06.702Z",
        "season": 2,
        "league": 3,
        "division": 6,
        "subdivision": 11,
        "team": null,
        "user": 42,
        "type": 22,
        "status": 10,
        "importer": false,
        "affiliate": false,
        "tryout": false,
        "registration_date": null,
        "release_date": null
    }
},
{
    "model": "team.staff",
    "pk": 43,
    "fields": {
        "old_sk_id": null,
        "inserted": "2022-03-09T02:43:06.709Z",
        "updated": "2022-03-09T02:43:06.709Z",
        "season": 2,
        "league": 3,
        "division": 6,
        "subdivision": 11,
        "team": 21,
        "user": 43,
        "type": 21,
        "status": 10,
        "importer": false,
        "affiliate": false,
        "tryout": false,
        "registration_date": null,
        "release_date": null
    }
},
{
    "model": "team.staff",
    "pk": 44,
    "fields": {
        "old_sk_id": null,
        "inserted": "2022-03-09T02:43:06.717Z",
        "updated": "2022-03-09T02:43:06.717Z",
        "season": 2,
        "league": 3,
        "division": 6,
        "subdivision": 11,
        "team": 22,
        "user": 44,
        "type": 21,
        "status": 10,
        "importer": false,
        "affiliate": false,
        "tryout": false,
        "registration_date": null,
        "release_date": null
    }
},
{
    "model": "team.staff",
    "pk": 45,
    "fields": {
        "old_sk_id": null,
        "inserted": "2022-03-09T02:43:06.725Z",
        "updated": "2022-03-09T02:43:06.725Z",
        "season": 2,
        "league": 3,
        "division": 6,
        "subdivision": 12,
        "team": null,
        "user": 45,
        "type": 22,
        "status": 10,
        "importer": false,
        "affiliate": false,
        "tryout": false,
        "registration_date": null,
        "release_date": null
    }
},
{
    "model": "team.staff",
    "pk": 46,
    "fields": {
        "old_sk_id": null,
        "inserted": "2022-03-09T02:43:06.733Z",
        "updated": "2022-03-09T02:43:06.733Z",
        "season": 2,
        "league": 3,
        "division": 6,
        "subdivision": 12,
        "team": 23,
        "user": 46,
        "type": 21,
        "status": 10,
        "importer": false,
        "affiliate": false,
        "tryout": false,
        "registration_date": null,
        "release_date": null
    }
},
{
    "model": "team.staff",
    "pk": 47,
    "fields": {
        "old_sk_id": null,
        "inserted": "2022-03-09T02:43:06.742Z",
        "updated": "2022-03-09T02:43:06.742Z",
        "season": 2,
        "league": 3,
        "division": 6,
        "subdivision": 12,
        "team": 24,
        "user": 47,
        "type": 21,
        "status": 10,
        "importer": false,
        "affiliate": false,
        "tryout": false,
        "registration_date": null,
        "release_date": null
    }
},
{
    "model": "team.staff",
    "pk": 48,
    "fields": {
        "old_sk_id": null,
        "inserted": "2022-03-09T02:43:06.749Z",
        "updated": "2022-03-09T02:43:06.749Z",
        "season": 2,
        "league": 4,
        "division": null,
        "subdivision": null,
        "team": null,
        "user": 48,
        "type": 23,
        "status": 10,
        "importer": false,
        "affiliate": false,
        "tryout": false,
        "registration_date": null,
        "release_date": null
    }
},
{
    "model": "team.staff",
    "pk": 49,
    "fields": {
        "old_sk_id": null,
        "inserted": "2022-03-09T02:43:06.758Z",
        "updated": "2022-03-09T02:43:06.758Z",
        "season": 2,
        "league": 4,
        "division": 7,
        "subdivision": null,
        "team": null,
        "user": 49,
        "type": 23,
        "status": 10,
        "importer": false,
        "affiliate": false,
        "tryout": false,
        "registration_date": null,
        "release_date": null
    }
},
{
    "model": "team.staff",
    "pk": 50,
    "fields": {
        "old_sk_id": null,
        "inserted": "2022-03-09T02:43:06.765Z",
        "updated": "2022-03-09T02:43:06.765Z",
        "season": 2,
        "league": 4,
        "division": 7,
        "subdivision": 13,
        "team": null,
        "user": 50,
        "type": 22,
        "status": 10,
        "importer": false,
        "affiliate": false,
        "tryout": false,
        "registration_date": null,
        "release_date": null
    }
},
{
    "model": "team.staff",
    "pk": 51,
    "fields": {
        "old_sk_id": null,
        "inserted": "2022-03-09T02:43:06.775Z",
        "updated": "2022-03-09T02:43:06.775Z",
        "season": 2,
        "league": 4,
        "division": 7,
        "subdivision": 13,
        "team": 25,
        "user": 51,
        "type": 21,
        "status": 10,
        "importer": false,
        "affiliate": false,
        "tryout": false,
        "registration_date": null,
        "release_date": null
    }
},
{
    "model": "team.staff",
    "pk": 52,
    "fields": {
        "old_sk_id": null,
        "inserted": "2022-03-09T02:43:06.783Z",
        "updated": "2022-03-09T02:43:06.783Z",
        "season": 2,
        "league": 4,
        "division": 7,
        "subdivision": 13,
        "team": 26,
        "user": 52,
        "type": 21,
        "status": 10,
        "importer": false,
        "affiliate": false,
        "tryout": false,
        "registration_date": null,
        "release_date": null
    }
},
{
    "model": "team.staff",
    "pk": 53,
    "fields": {
        "old_sk_id": null,
        "inserted": "2022-03-09T02:43:06.792Z",
        "updated": "2022-03-09T02:43:06.792Z",
        "season": 2,
        "league": 4,
        "division": 7,
        "subdivision": 14,
        "team": null,
        "user": 53,
        "type": 22,
        "status": 10,
        "importer": false,
        "affiliate": false,
        "tryout": false,
        "registration_date": null,
        "release_date": null
    }
},
{
    "model": "team.staff",
    "pk": 54,
    "fields": {
        "old_sk_id": null,
        "inserted": "2022-03-09T02:43:06.800Z",
        "updated": "2022-03-09T02:43:06.800Z",
        "season": 2,
        "league": 4,
        "division": 7,
        "subdivision": 14,
        "team": 27,
        "user": 54,
        "type": 21,
        "status": 10,
        "importer": false,
        "affiliate": false,
        "tryout": false,
        "registration_date": null,
        "release_date": null
    }
},
{
    "model": "team.staff",
    "pk": 55,
    "fields": {
        "old_sk_id": null,
        "inserted": "2022-03-09T02:43:06.808Z",
        "updated": "2022-03-09T02:43:06.808Z",
        "season": 2,
        "league": 4,
        "division": 7,
        "subdivision": 14,
        "team": 28,
        "user": 55,
        "type": 21,
        "status": 10,
        "importer": false,
        "affiliate": false,
        "tryout": false,
        "registration_date": null,
        "release_date": null
    }
},
{
    "model": "team.staff",
    "pk": 56,
    "fields": {
        "old_sk_id": null,
        "inserted": "2022-03-09T02:43:06.817Z",
        "updated": "2022-03-09T02:43:06.817Z",
        "season": 2,
        "league": 4,
        "division": 8,
        "subdivision": null,
        "team": null,
        "user": 56,
        "type": 23,
        "status": 10,
        "importer": false,
        "affiliate": false,
        "tryout": false,
        "registration_date": null,
        "release_date": null
    }
},
{
    "model": "team.staff",
    "pk": 57,
    "fields": {
        "old_sk_id": null,
        "inserted": "2022-03-09T02:43:06.826Z",
        "updated": "2022-03-09T02:43:06.826Z",
        "season": 2,
        "league": 4,
        "division": 8,
        "subdivision": 15,
        "team": null,
        "user": 57,
        "type": 22,
        "status": 10,
        "importer": false,
        "affiliate": false,
        "tryout": false,
        "registration_date": null,
        "release_date": null
    }
},
{
    "model": "team.staff",
    "pk": 58,
    "fields": {
        "old_sk_id": null,
        "inserted": "2022-03-09T02:43:06.835Z",
        "updated": "2022-03-09T02:43:06.835Z",
        "season": 2,
        "league": 4,
        "division": 8,
        "subdivision": 15,
        "team": 29,
        "user": 58,
        "type": 21,
        "status": 10,
        "importer": false,
        "affiliate": false,
        "tryout": false,
        "registration_date": null,
        "release_date": null
    }
},
{
    "model": "team.staff",
    "pk": 59,
    "fields": {
        "old_sk_id": null,
        "inserted": "2022-03-09T02:43:06.843Z",
        "updated": "2022-03-09T02:43:06.843Z",
        "season": 2,
        "league": 4,
        "division": 8,
        "subdivision": 15,
        "team": 30,
        "user": 59,
        "type": 21,
        "status": 10,
        "importer": false,
        "affiliate": false,
        "tryout": false,
        "registration_date": null,
        "release_date": null
    }
},
{
    "model": "team.staff",
    "pk": 60,
    "fields": {
        "old_sk_id": null,
        "inserted": "2022-03-09T02:43:06.851Z",
        "updated": "2022-03-09T02:43:06.851Z",
        "season": 2,
        "league": 4,
        "division": 8,
        "subdivision": 16,
        "team": null,
        "user": 60,
        "type": 22,
        "status": 10,
        "importer": false,
        "affiliate": false,
        "tryout": false,
        "registration_date": null,
        "release_date": null
    }
},
{
    "model": "team.staff",
    "pk": 61,
    "fields": {
        "old_sk_id": null,
        "inserted": "2022-03-09T02:43:06.860Z",
        "updated": "2022-03-09T02:43:06.860Z",
        "season": 2,
        "league": 4,
        "division": 8,
        "subdivision": 16,
        "team": 31,
        "user": 61,
        "type": 21,
        "status": 10,
        "importer": false,
        "affiliate": false,
        "tryout": false,
        "registration_date": null,
        "release_date": null
    }
},
{
    "model": "team.staff",
    "pk": 62,
    "fields": {
        "old_sk_id": null,
        "inserted": "2022-03-09T02:43:06.868Z",
        "updated": "2022-03-09T02:43:06.869Z",
        "season": 2,
        "league": 4,
        "division": 8,
        "subdivision": 16,
        "team": 32,
        "user": 62,
        "type": 21,
        "status": 10,
        "importer": false,
        "affiliate": false,
        "tryout": false,
        "registration_date": null,
        "release_date": null
    }
},
{
    "model": "team.teamstatus",
    "pk": 1,
    "fields": {
        "old_sk_id": 22,
        "inserted": "2012-09-26T19:56:39Z",
        "updated": "2022-03-09T02:43:05.663Z",
        "name": "ENTERED IN HCR",
        "weight": 0,
        "include_in_roster_export": true,
        "ClrChgdStfPlyrSts": false
    }
},
{
    "model": "team.teamstatus",
    "pk": 2,
    "fields": {
        "old_sk_id": 23,
        "inserted": "2012-09-26T19:57:22Z",
        "updated": "2022-03-09T02:43:05.671Z",
        "name": "HCR ISSUES",
        "weight": 1,
        "include_in_roster_export": true,
        "ClrChgdStfPlyrSts": false
    }
},
{
    "model": "team.teamstatus",
    "pk": 3,
    "fields": {
        "old_sk_id": 24,
        "inserted": "2012-10-01T19:57:48Z",
        "updated": "2022-03-09T02:43:05.679Z",
        "name": "PLAYERS READY FOR HC",
        "weight": 2,
        "include_in_roster_export": true,
        "ClrChgdStfPlyrSts": false
    }
},
{
    "model": "team.teamstatus",
    "pk": 4,
    "fields": {
        "old_sk_id": 25,
        "inserted": "2012-11-01T12:23:20Z",
        "updated": "2022-03-09T02:43:05.689Z",
        "name": "WAITING FOR STAFF",
        "weight": 3,
        "include_in_roster_export": true,
        "ClrChgdStfPlyrSts": false
    }
},
{
    "model": "team.teamstatus",
    "pk": 5,
    "fields": {
        "old_sk_id": 26,
        "inserted": "2012-11-01T14:46:14Z",
        "updated": "2022-03-09T02:43:05.697Z",
        "name": "APPROVAL NOT REQUIRED",
        "weight": 4,
        "include_in_roster_export": true,
        "ClrChgdStfPlyrSts": false
    }
},
{
    "model": "team.teamstatus",
    "pk": 6,
    "fields": {
        "old_sk_id": 27,
        "inserted": "2012-11-06T18:49:49Z",
        "updated": "2022-03-09T02:43:05.706Z",
        "name": "RESUBMITTED FOR APPROVAL",
        "weight": 5,
        "include_in_roster_export": true,
        "ClrChgdStfPlyrSts": false
    }
},
{
    "model": "team.teamstatus",
    "pk": 7,
    "fields": {
        "old_sk_id": 29,
        "inserted": "2013-09-08T21:46:52Z",
        "updated": "2022-03-09T02:43:05.715Z",
        "name": "WAITING ON COACH",
        "weight": 6,
        "include_in_roster_export": true,
        "ClrChgdStfPlyrSts": false
    }
},
{
    "model": "team.teamstatus",
    "pk": 8,
    "fields": {
        "old_sk_id": 30,
        "inserted": "2013-10-30T14:15:26Z",
        "updated": "2022-03-09T02:43:05.724Z",
        "name": "SUBMIT WHEN BALANCED",
        "weight": 7,
        "include_in_roster_export": true,
        "ClrChgdStfPlyrSts": false
    }
},
{
    "model": "team.teamstatus",
    "pk": 9,
    "fields": {
        "old_sk_id": 31,
        "inserted": "2013-11-21T19:09:25Z",
        "updated": "2022-03-09T02:43:05.733Z",
        "name": "APPROVED PLAYERS",
        "weight": 8,
        "include_in_roster_export": true,
        "ClrChgdStfPlyrSts": false
    }
},
{
    "model": "team.teamstatus",
    "pk": 10,
    "fields": {
        "old_sk_id": 32,
        "inserted": "2014-10-06T19:22:36Z",
        "updated": "2022-03-09T02:43:05.744Z",
        "name": "IN DRAFT PROCESS",
        "weight": 9,
        "include_in_roster_export": false,
        "ClrChgdStfPlyrSts": false
    }
},
{
    "model": "team.teamstatus",
    "pk": 11,
    "fields": {
        "old_sk_id": 33,
        "inserted": "2014-10-06T19:27:52Z",
        "updated": "2022-03-09T02:43:05.754Z",
        "name": "WAITING FOR A COACH",
        "weight": 10,
        "include_in_roster_export": true,
        "ClrChgdStfPlyrSts": false
    }
},
{
    "model": "team.teamstatus",
    "pk": 12,
    "fields": {
        "old_sk_id": 34,
        "inserted": "2014-10-21T18:42:05Z",
        "updated": "2022-03-09T02:43:05.763Z",
        "name": "PLAYER ISSUES",
        "weight": 11,
        "include_in_roster_export": true,
        "ClrChgdStfPlyrSts": false
    }
},
{
    "model": "team.teamstatus",
    "pk": 13,
    "fields": {
        "old_sk_id": 35,
        "inserted": "2014-11-28T14:53:58Z",
        "updated": "2022-03-09T02:43:05.773Z",
        "name": "PLAYERS SUBMITTED",
        "weight": 12,
        "include_in_roster_export": true,
        "ClrChgdStfPlyrSts": false
    }
},
{
    "model": "team.teamstatus",
    "pk": 14,
    "fields": {
        "old_sk_id": 38,
        "inserted": "2018-06-18T17:49:11Z",
        "updated": "2022-03-09T02:43:05.783Z",
        "name": "STAFF READY NEED PLAYERS",
        "weight": 13,
        "include_in_roster_export": false,
        "ClrChgdStfPlyrSts": false
    }
},
{
    "model": "team.teamstatus",
    "pk": 15,
    "fields": {
        "old_sk_id": 16,
        "inserted": "2012-07-21T20:43:33.150Z",
        "updated": "2022-03-09T02:43:05.791Z",
        "name": "INPROGRESS",
        "weight": 14,
        "include_in_roster_export": true,
        "ClrChgdStfPlyrSts": false
    }
},
{
    "model": "team.teamstatus",
    "pk": 16,
    "fields": {
        "old_sk_id": 21,
        "inserted": "2012-09-15T04:21:49.637Z",
        "updated": "2022-03-09T02:43:05.800Z",
        "name": "DRAFTMODE",
        "weight": 15,
        "include_in_roster_export": true,
        "ClrChgdStfPlyrSts": false
    }
},
{
    "model": "team.teamstatus",
    "pk": 17,
    "fields": {
        "old_sk_id": 17,
        "inserted": "2012-07-21T20:43:33.150Z",
        "updated": "2022-03-09T02:43:05.810Z",
        "name": "READY TO SUBMIT",
        "weight": 16,
        "include_in_roster_export": true,
        "ClrChgdStfPlyrSts": false
    }
},
{
    "model": "team.teamstatus",
    "pk": 18,
    "fields": {
        "old_sk_id": 18,
        "inserted": "2012-07-21T20:43:33Z",
        "updated": "2022-03-09T02:43:05.819Z",
        "name": "SUBMITTED",
        "weight": 17,
        "include_in_roster_export": true,
        "ClrChgdStfPlyrSts": true
    }
},
{
    "model": "team.teamstatus",
    "pk": 19,
    "fields": {
        "old_sk_id": 19,
        "inserted": "2012-07-21T20:43:33Z",
        "updated": "2022-03-09T02:43:05.827Z",
        "name": "APPROVED",
        "weight": 18,
        "include_in_roster_export": true,
        "ClrChgdStfPlyrSts": false
    }
},
{
    "model": "team.teamstatus",
    "pk": 20,
    "fields": {
        "old_sk_id": 20,
        "inserted": "2012-07-21T20:43:33.150Z",
        "updated": "2022-03-09T02:43:05.834Z",
        "name": "REJECTED",
        "weight": 19,
        "include_in_roster_export": true,
        "ClrChgdStfPlyrSts": false
    }
},
{
    "model": "team.teamstatusreason",
    "pk": 1,
    "fields": {
        "old_sk_id": 6,
        "inserted": "2012-09-26T20:00:05Z",
        "updated": "2022-03-09T02:43:05.848Z",
        "name": "STAFF NOT IN HCR",
        "status": 2,
        "weight": 0
    }
},
{
    "model": "team.teamstatusreason",
    "pk": 2,
    "fields": {
        "old_sk_id": 7,
        "inserted": "2012-09-26T20:00:26Z",
        "updated": "2022-03-09T02:43:05.857Z",
        "name": "STAFF NOT QUALIFIED",
        "status": 2,
        "weight": 1
    }
},
{
    "model": "team.teamstatusreason",
    "pk": 3,
    "fields": {
        "old_sk_id": 8,
        "inserted": "2012-09-26T20:01:18Z",
        "updated": "2022-03-09T02:43:05.866Z",
        "name": "STAFF NEEDS CONVERSION",
        "status": 2,
        "weight": 2
    }
},
{
    "model": "team.teamstatusreason",
    "pk": 4,
    "fields": {
        "old_sk_id": 9,
        "inserted": "2012-09-26T20:03:00Z",
        "updated": "2022-03-09T02:43:05.877Z",
        "name": "STAFF NAME NOT MATCHING",
        "status": 2,
        "weight": 3
    }
},
{
    "model": "team.teamstatusreason",
    "pk": 5,
    "fields": {
        "old_sk_id": 10,
        "inserted": "2012-09-26T20:05:01Z",
        "updated": "2022-03-09T02:43:05.886Z",
        "name": "STAFF MERGE REQUIRED",
        "status": 2,
        "weight": 4
    }
},
{
    "model": "team.teamstatusreason",
    "pk": 6,
    "fields": {
        "old_sk_id": 12,
        "inserted": "2012-09-26T20:08:06Z",
        "updated": "2022-03-09T02:43:05.895Z",
        "name": "STAFF NOT IN SK IS IN HCR",
        "status": 2,
        "weight": 5
    }
},
{
    "model": "team.teamstatusreason",
    "pk": 7,
    "fields": {
        "old_sk_id": 13,
        "inserted": "2012-10-01T20:31:39Z",
        "updated": "2022-03-09T02:43:05.904Z",
        "name": "N/A",
        "status": 16,
        "weight": 6
    }
},
{
    "model": "team.teamstatusreason",
    "pk": 8,
    "fields": {
        "old_sk_id": 14,
        "inserted": "2012-10-01T20:39:29Z",
        "updated": "2022-03-09T02:43:05.913Z",
        "name": "N/A",
        "status": 1,
        "weight": 7
    }
},
{
    "model": "team.teamstatusreason",
    "pk": 9,
    "fields": {
        "old_sk_id": 15,
        "inserted": "2012-10-01T20:39:56Z",
        "updated": "2022-03-09T02:43:05.922Z",
        "name": "N/A",
        "status": 3,
        "weight": 8
    }
},
{
    "model": "team.teamstatusreason",
    "pk": 10,
    "fields": {
        "old_sk_id": 16,
        "inserted": "2012-11-01T12:26:18Z",
        "updated": "2022-03-09T02:43:05.931Z",
        "name": "PLAYERS IN HCR",
        "status": 4,
        "weight": 9
    }
},
{
    "model": "team.teamstatusreason",
    "pk": 11,
    "fields": {
        "old_sk_id": 17,
        "inserted": "2012-11-01T14:46:51Z",
        "updated": "2022-03-09T02:43:05.942Z",
        "name": "NO ROSTER NEEDED",
        "status": 5,
        "weight": 10
    }
},
{
    "model": "team.teamstatusreason",
    "pk": 12,
    "fields": {
        "old_sk_id": 18,
        "inserted": "2012-11-06T18:50:36Z",
        "updated": "2022-03-09T02:43:05.952Z",
        "name": "ROSTER UPDATED",
        "status": 6,
        "weight": 11
    }
},
{
    "model": "team.teamstatusreason",
    "pk": 13,
    "fields": {
        "old_sk_id": 19,
        "inserted": "2013-09-08T17:55:34Z",
        "updated": "2022-03-09T02:43:05.961Z",
        "name": "MISSING STAFF",
        "status": 20,
        "weight": 12
    }
},
{
    "model": "team.teamstatusreason",
    "pk": 14,
    "fields": {
        "old_sk_id": 20,
        "inserted": "2013-09-08T21:48:13Z",
        "updated": "2022-03-09T02:43:05.971Z",
        "name": "REQUIRES PLYRS AND STF",
        "status": 7,
        "weight": 13
    }
},
{
    "model": "team.teamstatusreason",
    "pk": 15,
    "fields": {
        "old_sk_id": 21,
        "inserted": "2013-09-08T21:49:20Z",
        "updated": "2022-03-09T02:43:05.981Z",
        "name": "REQUIRES BENCH STAFF",
        "status": 7,
        "weight": 14
    }
},
{
    "model": "team.teamstatusreason",
    "pk": 16,
    "fields": {
        "old_sk_id": 22,
        "inserted": "2013-09-08T21:50:23Z",
        "updated": "2022-03-09T02:43:05.990Z",
        "name": "REQUIRE STF CERTIFICTN",
        "status": 7,
        "weight": 15
    }
},
{
    "model": "team.teamstatusreason",
    "pk": 17,
    "fields": {
        "old_sk_id": 23,
        "inserted": "2013-10-31T19:01:32Z",
        "updated": "2022-03-09T02:43:05.999Z",
        "name": "REJECTED",
        "status": 20,
        "weight": 16
    }
},
{
    "model": "team.teamstatusreason",
    "pk": 18,
    "fields": {
        "old_sk_id": 24,
        "inserted": "2013-11-21T19:15:27Z",
        "updated": "2022-03-09T02:43:06.009Z",
        "name": "MISSING STAFF",
        "status": 9,
        "weight": 17
    }
},
{
    "model": "team.teamstatusreason",
    "pk": 19,
    "fields": {
        "old_sk_id": 25,
        "inserted": "2013-11-21T19:59:41Z",
        "updated": "2022-03-09T02:43:06.019Z",
        "name": "PLAYERS OK-MISSING STAFF",
        "status": 19,
        "weight": 18
    }
},
{
    "model": "team.teamstatusreason",
    "pk": 20,
    "fields": {
        "old_sk_id": 26,
        "inserted": "2013-11-27T14:35:40Z",
        "updated": "2022-03-09T02:43:06.028Z",
        "name": "STAFF CHGS REQU'D",
        "status": 19,
        "weight": 19
    }
},
{
    "model": "team.teamstatusreason",
    "pk": 21,
    "fields": {
        "old_sk_id": 27,
        "inserted": "2014-10-06T19:23:33Z",
        "updated": "2022-03-09T02:43:06.038Z",
        "name": "IN PROGRESS",
        "status": 10,
        "weight": 20
    }
},
{
    "model": "team.teamstatusreason",
    "pk": 22,
    "fields": {
        "old_sk_id": 28,
        "inserted": "2014-10-06T19:28:10Z",
        "updated": "2022-03-09T02:43:06.048Z",
        "name": "IN PROGRESS",
        "status": 11,
        "weight": 21
    }
},
{
    "model": "team.teamstatusreason",
    "pk": 23,
    "fields": {
        "old_sk_id": 31,
        "inserted": "2014-11-28T15:01:31Z",
        "updated": "2022-03-09T02:43:06.057Z",
        "name": "STAFF WILL BE REJECTED",
        "status": 17,
        "weight": 22
    }
},
{
    "model": "team.teamstatusreason",
    "pk": 24,
    "fields": {
        "old_sk_id": 34,
        "inserted": "2014-12-01T21:17:34Z",
        "updated": "2022-03-09T02:43:06.068Z",
        "name": "REQUIRES DECLARATIONS",
        "status": 7,
        "weight": 23
    }
},
{
    "model": "team.teamstatusreason",
    "pk": 25,
    "fields": {
        "old_sk_id": 35,
        "inserted": "2014-12-02T21:28:40Z",
        "updated": "2022-03-09T02:43:06.078Z",
        "name": "STAFF WILL BE REJECTED",
        "status": 18,
        "weight": 24
    }
},
{
    "model": "team.teamstatusreason",
    "pk": 26,
    "fields": {
        "old_sk_id": 36,
        "inserted": "2015-06-10T15:26:36Z",
        "updated": "2022-03-09T02:43:06.087Z",
        "name": "WAITING ON PLAYERS",
        "status": 17,
        "weight": 25
    }
},
{
    "model": "team.teamstatusreason",
    "pk": 27,
    "fields": {
        "old_sk_id": 37,
        "inserted": "2015-07-07T13:20:41Z",
        "updated": "2022-03-09T02:43:06.095Z",
        "name": "MISSING PLAYER(S)",
        "status": 19,
        "weight": 26
    }
},
{
    "model": "team.teamstatusreason",
    "pk": 28,
    "fields": {
        "old_sk_id": 38,
        "inserted": "2015-10-19T16:16:01Z",
        "updated": "2022-03-09T02:43:06.104Z",
        "name": "STAFF REJECTED",
        "status": 9,
        "weight": 27
    }
},
{
    "model": "team.teamstatusreason",
    "pk": 29,
    "fields": {
        "old_sk_id": 39,
        "inserted": "2015-10-19T16:29:48Z",
        "updated": "2022-03-09T02:43:06.112Z",
        "name": "NO GOALIE",
        "status": 20,
        "weight": 28
    }
},
{
    "model": "team.teamstatusreason",
    "pk": 30,
    "fields": {
        "old_sk_id": 40,
        "inserted": "2015-10-28T19:33:43Z",
        "updated": "2022-03-09T02:43:06.122Z",
        "name": "NO GOALIE",
        "status": 19,
        "weight": 29
    }
},
{
    "model": "team.teamstatusreason",
    "pk": 31,
    "fields": {
        "old_sk_id": 41,
        "inserted": "2015-11-17T16:02:55Z",
        "updated": "2022-03-09T02:43:06.131Z",
        "name": "ON-ICE VOLUNTEER(S)",
        "status": 19,
        "weight": 30
    }
},
{
    "model": "team.teamstatusreason",
    "pk": 32,
    "fields": {
        "old_sk_id": 42,
        "inserted": "2015-11-24T17:59:55Z",
        "updated": "2022-03-09T02:43:06.142Z",
        "name": "TEAM & ON-ICE VOL'S",
        "status": 19,
        "weight": 31
    }
},
{
    "model": "team.teamstatusreason",
    "pk": 33,
    "fields": {
        "old_sk_id": 43,
        "inserted": "2015-12-09T19:40:16Z",
        "updated": "2022-03-09T02:43:06.152Z",
        "name": "PLAYERS ONLY",
        "status": 18,
        "weight": 32
    }
},
{
    "model": "team.teamstatusreason",
    "pk": 34,
    "fields": {
        "old_sk_id": 44,
        "inserted": "2021-04-26T13:14:48Z",
        "updated": "2022-03-09T02:43:06.162Z",
        "name": "REQUIRES POLICE CLEARANCE",
        "status": 7,
        "weight": 33
    }
},
{
    "model": "team.teamstatusreason",
    "pk": 35,
    "fields": {
        "old_sk_id": 1,
        "inserted": "2012-07-21T20:43:42.760Z",
        "updated": "2022-03-09T02:43:06.172Z",
        "name": "N/A",
        "status": 15,
        "weight": 34
    }
},
{
    "model": "team.teamstatusreason",
    "pk": 36,
    "fields": {
        "old_sk_id": 2,
        "inserted": "2012-07-21T20:43:42.760Z",
        "updated": "2022-03-09T02:43:06.186Z",
        "name": "N/A",
        "status": 17,
        "weight": 35
    }
},
{
    "model": "team.teamstatusreason",
    "pk": 37,
    "fields": {
        "old_sk_id": 3,
        "inserted": "2012-07-21T20:43:42.760Z",
        "updated": "2022-03-09T02:43:06.197Z",
        "name": "N/A",
        "status": 18,
        "weight": 36
    }
},
{
    "model": "team.teamstatusreason",
    "pk": 38,
    "fields": {
        "old_sk_id": 4,
        "inserted": "2012-07-21T20:43:42.760Z",
        "updated": "2022-03-09T02:43:06.209Z",
        "name": "N/A",
        "status": 19,
        "weight": 37
    }
},
{
    "model": "team.teamstatusreason",
    "pk": 39,
    "fields": {
        "old_sk_id": 5,
        "inserted": "2012-07-21T20:43:42.760Z",
        "updated": "2022-03-09T02:43:06.222Z",
        "name": "CERTIFICATIONS REQUIRED",
        "status": 20,
        "weight": 38
    }
}
]
